name,description,implementation_status,effect_level,version,rank
List,Represents a list of elements,✅,pure,1.0,1
Rule,Represents a transformation rule lhs -> rhs,✅,pure,1.0,2
Times,Multiply numbers — symbolic factors are ordered canonically by head then arguments,✅,pure,1.0,3
Power,Raises a number to a power (infinite bases raise their direction; infinite exponents follow the modulus of the base; a negative base with a rational exponent keeps the sign in the radicand unless the positive part is exact); an integer to a negative power is the exact reciprocal,✅,pure,1.0,4
Set,Assigns a value to a symbol,✅,stateful,1.0,5
Plus,Adds numbers together,✅,pure,1.0,6
Blank,Pattern object matching any expression,✅,pure,1.0,7
CompoundExpression,Evaluates expressions sequentially and returns the last result,✅,pure,1.0,8
Pattern,Names a pattern object for use in transformation rules,✅,pure,1.0,9
Alternatives,Pattern object representing any of several alternatives,✅,pure,2.0,10
Equal,Checks if two values are equal; operands of different kinds (a Boolean or Null against anything else) stay unevaluated,✅,pure,1.0,11
Unequal,Checks if two values are not equal; operands of different kinds (a Boolean or Null against anything else) stay unevaluated,✅,pure,1.0,200
Part,Extracts parts of expressions: positional/Span/list indices and string/Key lookup on associations,✅,pure,1.0,12
SetDelayed,Defines a delayed assignment that evaluates the RHS each time,✅,stateful,1.0,15
Pi,Represents the ratio of circumference to diameter,✅,pure,1.0,16
E,Represents the base of the natural logarithm,✅,pure,1.0,42
Degree,Represents the number of radians in one degree,✅,pure,1.0,150
I,Represents the square root of -1,✅,pure,1.0,
GoldenRatio,The golden ratio constant; approximately 1.6180340,✅,pure,1.0,469
EulerGamma,The Euler-Mascheroni constant; approximately 0.5772157,✅,pure,1.0,868
Catalan,The Catalan constant; approximately 0.9159655,✅,pure,1.0,1836
Slot,Represents the nth argument (#n) or named association key (#name) in a pure function,✅,pure,1.0,17
Sqrt,Returns the square root of a number,✅,pure,1.0,18
Exp,Returns the exponential function e^x,✅,pure,1.0,52
Log,Returns the natural logarithm of a number,✅,pure,1.0,58
Function,Represents a pure function,✅,pure,1.0,19
ReplaceAll,Applies replacement rules to an expression,✅,pure,1.0,20
Plot,Plots a function over a range,✅,effectful,1.0,21
Cos,Returns the cosine of a number,✅,pure,1.0,31
Sin,Returns the sine of a number,✅,pure,1.0,22
Tan,Returns the tangent of a number,✅,pure,1.0,171
Csc,Returns the cosecant of a number,✅,pure,1.0,374
Cot,Returns the cotangent of a number,✅,pure,1.0,358
Sec,Returns the secant of a number,✅,pure,1.0,388
ArcCos,Returns the arc cosine of a number,✅,pure,1.0,249
ArcSin,Returns the arc sine of a number,✅,pure,1.0,250
ArcTan,Returns the arc tangent of a number,✅,pure,1.0,153
ArcCsc,Returns the arc cosecant of a number,✅,pure,1.0,370
ArcCot,Returns the arc cotangent of a number,✅,pure,1.0,316
ArcSec,Returns the arc secant of a number,✅,pure,1.0,372
None,Symbol representing no value or absence of an option,✅,pure,1.0,23
All,Symbol used as an option value meaning all elements or the entire range,✅,pure,1.0,40
RGBColor,Specifies a color by RGB values,✅,pure,1.0,24
Derivative,Represents the derivative of a function,✅,pure,1.0,26
D,Computes the partial derivative of an expression,✅,pure,1.0,36
Integrate,Computes the definite or indefinite integral of an expression; a logarithmic antiderivative keeps the power its terms share out front,✅,pure,1.0,54
Dt,Total differential (one-arg) or total derivative treating all variables as potentially dependent; higher-order via {x n} and repeated variables,✅,pure,1.0,476
True,Boolean constant representing logical truth,✅,pure,1.0,27
False,Boolean constant representing logical falsehood,✅,pure,1.0,38
Map,Applies a function to each element of a list or to each argument of any other head,✅,pure,1.0,28
Automatic,Symbol used as a default setting for automatically determined options,✅,pure,1.0,29
Subscript,Represents a subscripted expression for display,✅,pure,1.0,30
Table,Generates a list by evaluating an expression,✅,pure,1.0,32
Directive,Combines graphics directives,✅,pure,6.0,33
If,Checks if a condition is true and returns one of two values,✅,pure,1.0,34
RuleDelayed,Represents a delayed transformation rule lhs :> rhs where rhs is held unevaluated,✅,pure,1.0,35
Opacity,Specifies opacity for graphics,✅,pure,6.0,37
PlotRange,Option specifying the range of values to include in a plot,✅,pure,1.0,39
Less,Checks if one value is less than another,✅,pure,1.0,41
LessEqual,Checks if one value is less than or equal to another,✅,pure,1.0,57
Greater,Checks if one value is greater than another,✅,pure,1.0,48
GreaterEqual,Checks if one value is greater than or equal to another,✅,pure,1.0,110
FinancialData,,🚫,,6.0,43
Length,Returns the number of elements in a list,✅,pure,1.0,44
PlotStyle,Option specifying the style of lines and points in a plot,✅,pure,1.0,45
GrayLevel,Specifies a gray color level,✅,pure,1.0,46
Black,Named color evaluating to GrayLevel[0],✅,pure,5.1,113
White,Named color evaluating to GrayLevel[1],✅,pure,5.1,163
Gray,Named color evaluating to GrayLevel[0.5],✅,pure,5.1,281
LightGray,Named color evaluating to GrayLevel[0.85],✅,pure,6.0,633
Quantity,Represents a physical quantity with a unit (a compound unit prints as a quotient when it has negative exponents); ToString spells the unit out and TextString abbreviates it,✅,pure,9.0,47
N,Gives the numerical value of an expression,✅,pure,1.0,49
And,Checks if all conditions are true,✅,pure,1.0,50
Or,Checks if at least one condition is true,✅,pure,1.0,136
Not,Logical negation of an expression — written with the ! operator and bracketed inside anything that binds tighter than it,✅,pure,1.0,139
Xor,Logical XOR (true when an odd number of args are true),✅,pure,1.0,1197
Implies,Logical implication,✅,pure,1.0,868
LogicalExpand,Expand logical expression to disjunctive normal form,✅,pure,1.0,1501
Dot,Computes the dot product or matrix multiplication,✅,pure,1.0,51
MatrixForm,Displays a matrix or list in a two-dimensional grid format,✅,pure,1.0,53
Print,Outputs a string to the console,✅,effectful,1.0,55
Line,Represents a line graphics primitive,✅,pure,1.0,59
Apply,Applies a function to the elements of an expression by replacing its head (a compound head like g[x] counts as the head),✅,pure,1.0,60
Style,Applies styling to an expression for display,✅,pure,6.0,61
Solve,Solves an equation or system of equations (unknowns may be applied functions like y[x] treated as generalized variables; x^n == c is solved in radicals times the n-th roots of unity; Modulus solves over the integers mod n and MaxRoots caps the solution count),✅,pure,1.0,62
Reduce,Reduces equations and inequalities to canonical disjunctive form; over the Integers domain a bounded two-sided interval is enumerated as a disjunction of the contained integers (filtered by extra constraints such as Mod[x n]==k or x!=v) and a one-sided bound is tightened to the nearest integer with an Element membership conjunct; a single underdetermined linear equation over Integers is parametrized with fresh C[k] integer parameters via the extended Euclidean algorithm; vector equalities (list == list) are threaded into their componentwise scalar equations before solving,✅,pure,1.0,213
Eliminate,Eliminates variables from a system of equations,✅,pure,1.0,891
Out,Gives the expression on the nth output line in an interactive session,✅,contextual,1.0,63
In,Returns a previous input expression,✅,contextual,1.0,248
Abs,Returns the absolute value of a complex number,✅,pure,1.0,64
Re,Returns the real part of a complex number,✅,pure,1.0,129
Im,Returns the imaginary part of a complex number,✅,pure,1.0,143
Arg,Returns the argument (phase angle) of a complex number,✅,pure,1.0,135
Conjugate,Returns the complex conjugate of a complex number,✅,pure,1.0,293
Red,Named color evaluating to RGBColor[1 0 0],✅,pure,5.1,65
Blue,Named color evaluating to RGBColor[0 0 1],✅,pure,5.1,90
Green,Named color evaluating to RGBColor[0 1 0],✅,pure,5.1,119
Orange,Named color evaluating to RGBColor[1 0.5 0],✅,pure,5.1,234
Yellow,Named color evaluating to RGBColor[1 1 0],✅,pure,5.1,240
Pink,Named color evaluating to RGBColor[1 0.5 0.5],✅,pure,5.1,306
Purple,Named color evaluating to RGBColor[0.5 0 0.5],✅,pure,5.1,314
Magenta,Named color evaluating to RGBColor[1 0 1],✅,pure,5.1,432
Brown,Named color evaluating to RGBColor[0.6 0.4 0.2],✅,pure,5.1,497
Cyan,Named color evaluating to RGBColor[0 1 1],✅,pure,5.1,507
LightBlue,Named color evaluating to RGBColor[0.87 0.94 1],✅,pure,6.0,581
LightRed,Named color evaluating to RGBColor[1 0.85 0.85],✅,pure,6.0,973
LightGreen,Named color evaluating to RGBColor[0.88 1 0.88],✅,pure,6.0,1140
LightYellow,Named color evaluating to RGBColor[1 1 0.85],✅,pure,6.0,1188
LightOrange,Named color evaluating to RGBColor[1 0.9 0.8],✅,pure,6.0,1551
LightPurple,Named color evaluating to RGBColor[0.94 0.88 0.94],✅,pure,6.0,1838
LightPink,Named color evaluating to RGBColor[1 0.85 0.85],✅,pure,6.0,1944
LightBrown,Named color evaluating to RGBColor[0.94 0.91 0.88],✅,pure,6.0,2205
LightCyan,Named color evaluating to RGBColor[0.9 1 1],✅,pure,6.0,2871
LightMagenta,Named color evaluating to RGBColor[1 0.9 1],✅,pure,6.0,3176
Condition,Represents a pattern with a condition test (pattern /; test),✅,pure,1.0,66
Range,Generates a sequence of numbers,✅,pure,1.0,67
Simplify,Performs algebraic simplification of expressions,✅,pure,1.0,68
Expand,Expands products and positive integer powers of sums,✅,pure,1.0,154
ExpandAll,Expands all products and powers in an expression,✅,pure,1.0,700
Factor,Factors a polynomial over the integers,✅,pure,1.0,307
FactorTerms,Pulls out the greatest common numerical factor from terms,✅,pure,1.0,1817
Collect,Collects terms with the same powers of a variable,✅,pure,1.0,339
Together,Puts terms over a common denominator,✅,pure,1.0,455
Apart,Decomposes a rational expression into partial fractions,✅,pure,1.0,683
Cancel,Cancels common factors in a rational expression,✅,pure,1.0,1229
CityData,,🚫,,6.0,69
ImageSize,Option specifying the display size of graphics and other objects,✅,none,3.0,70
AxesLabel,Option specifying labels for the axes of a plot,✅,pure,1.0,71
Graphics,Creates a 2D graphics object,✅,pure,1.0,72
Transpose,Transposes a matrix (list of lists),✅,pure,1.0,73
Module,Scopes local variables with unique names,✅,pure,2.0,74
Show,Combines multiple graphics objects into a single display,✅,pure,1.0,75
Entity,Symbolic representation of a real-world entity,✅,pure,10.0,76
Sum,Computes a sum over one or more ranges — accepts trailing options and gives a divergent sum a value under Regularization -> Dirichlet or Abel,✅,pure,1.0,77
Product,Computes the product of an expression over one or more ranges — accepts trailing options,✅,pure,1.0,376
HoldComplete,Holds arguments completely unevaluated,✅,pure,3.0,78
HoldCompleteForm,Holds an expression completely unevaluated for display,✅,pure,3.0,
Word,Symbol representing a word in string patterns,✅,none,2.0,79
First,Returns the first element of a list or the given default which is only evaluated when used,✅,pure,1.0,80
Last,Returns the last element of a list or the given default which is only evaluated when used,✅,pure,1.0,140
Take,Returns the first n elements of a list (the one-argument form takes nothing and returns the expression),✅,pure,1.0,231
Rest,Returns the list without its first element,✅,pure,1.0,289
Drop,Returns the list without its first n elements (the one-argument form drops nothing and returns the expression),✅,pure,1.0,318
Clear,Clears values and definitions of symbols but preserves attributes,✅,stateful,1.0,82
ClearAll,Clears all values and definitions for symbols,✅,stateful,1.0,133
Flatten,Flattens nested lists,✅,pure,1.0,83
Element,Test or assert membership of an expression in a mathematical domain,✅,pure,4.0,84
Thickness,Sets relative line thickness in graphics,✅,pure,1.0,85
Evaluate,Forces evaluation of an expression,✅,pure,2.0,86
Row,Displays elements in a row,✅,pure,6.0,87
DSolve,Solves ordinary differential equations symbolically (an equation with no derivative reduces to Solve for the dependent function),✅,pure,2.0,88
C,Default generated parameter C[n] of DSolve RSolve Reduce and Solve,✅,pure,2.0,
Disk,Represents a filled disk or sector graphics primitive,✅,pure,2.0,89
PatternTest,Tests whether a pattern matches using a predicate function (pattern?test),✅,pure,1.0,91
WordData,,🚫,,6.0,92
ListPlot,Plots data as a scatter plot,✅,pure,1.0,93
Point,Represents a point graphics primitive,✅,pure,1.0,94
Manipulate,Generates a version of an expression with controls added to interactively manipulate variable values,✅,pure,6.0,95
FontSize,Option specifying the default font size in printer's points,✅,none,3.0,96
Frame,Option specifying whether a frame is drawn around a plot,✅,none,2.0,97
With,Substitutes local constants into an expression,✅,pure,2.0,99
PlotLegends,Option for adding legends to plots identifying each series,✅,pure,9.0,100
BlankNullSequence,Pattern object matching zero or more expressions (___),✅,pure,1.0,101
Reals,The domain of real numbers used with Element and related functions,✅,none,4.0,102
FontFamily,Option specifying the font family for text rendering,✅,none,3.0,103
PlotLabel,Option specifying a label for a plot,✅,pure,1.0,104
Join,Concatenates multiple lists,✅,pure,1.0,105
Polygon,Represents a polygon graphics primitive,✅,pure,1.0,106
SameQ,Tests if expressions are identical,✅,pure,1.0,107
Background,Option specifying the background color or style,✅,none,2.0,108
Span,Extract a span of elements using ;; notation in Part,✅,pure,6.0,109
MessageName,Accesses a message associated with a symbol (sym::tag),✅,pure,1.0,111
Thick,Graphics directive equivalent to AbsoluteThickness[2],✅,none,6.0,112
FullSimplify,Performs aggressive algebraic simplification including factoring and trig identities,✅,pure,1.0,114
Plot3D,Creates a three-dimensional surface plot of a function,✅,pure,1.0,115
Axes,Option specifying whether axes should be drawn in a plot,✅,pure,1.0,116
Rectangle,Represents a rectangle graphics primitive,✅,pure,1.0,117
ParametricPlot,Creates a parametric plot,✅,pure,1.0,118
EdgeForm,Specifies edge styling for filled graphics,✅,pure,1.0,120
Floor,Returns the largest integer less than or equal to a number,✅,pure,1.0,121
Ceiling,Returns the smallest integer greater than or equal to a number,✅,pure,1.0,395
Round,Returns the nearest integer to a number,✅,pure,1.0,279
Text,Represents a text graphics primitive,✅,pure,1.0,122
PointSize,Specifies point size in graphics,✅,pure,1.0,123
AxesStyle,Option specifying the style of plot axes,✅,none,2.0,124
AspectRatio,Option specifying the height-to-width ratio for a plot,✅,pure,1.0,125
BlankSequence,Pattern object matching one or more expressions (__),✅,pure,1.0,126
StringJoin,Concatenates strings,✅,pure,1.0,127
Factorial,Returns the factorial n! = Gamma[n+1] for integers and non-integers,✅,pure,1.0,128
Gamma,Returns the gamma function value; FunctionExpand writes the incomplete Gamma[a z] out for integer and half-integer a,✅,pure,1.0,130
Integer,Head type for integer numbers,✅,pure,1.0,131
Rational,Head type for rational numbers,✅,pure,1.0,206
Real,Head type for real (floating-point) numbers,✅,pure,1.0,263
Complex,Head type for complex numbers,✅,pure,1.0,541
String,Head type for string values,✅,pure,1.0,182
Number,Head type for numbers,✅,pure,1.0,731
RandomReal,Generates a pseudorandom real number,✅,contextual,6.0,132
Mod,Returns the remainder on division (m - n Floor[m/n]; Gaussian integers use m - n Round[m/n]; an infinite divisor takes nothing away),✅,pure,1.0,134
BaseStyle,Option specifying the base style for elements in a graphic or other output,✅,none,6.0,137
Dynamic,Dynamic display wrapper (shows the current value in visual mode; stays symbolic in script mode),✅,unevaluated,6.0,138
AdministrativeDivisionData,,🚫,,10.0,141
Increment,Increments a variable by 1 and returns the old value,✅,stateful,1.0,142
Max,Returns the maximum value from a set of arguments or a list,✅,pure,1.0,144
Min,Returns the minimum value from a set of arguments or a list,✅,pure,1.0,180
Hue,Specifies a color by hue saturation and brightness,✅,pure,2.0,145
For,Executes a loop with initialization and increment,✅,pure,1.0,146
Do,Evaluates an expression repeatedly,✅,pure,1.0,147
ToString,Converts an expression to a string,✅,pure,1.0,148
Select,Picks elements of a list that satisfy a criterion,✅,pure,1.0,149
Total,Sums the elements of a list down to a level spec — AllowedHeads -> All descends through any non-atomic head not just List,✅,pure,5.0,151
ColorFunction,Option specifying the color function for visualization,✅,none,2.0,152
ContourPlot,Creates a contour plot of a function,✅,pure,1.0,155
RandomInteger,Generate random integers — RandomInteger[n] draws from 0 through n so a negative n draws downwards,✅,contextual,6.0,156
NDSolve,Solves ordinary differential equations numerically (including coupled systems compound unknowns and EventLocator events) and 1-D parabolic PDEs (single or coupled reaction-diffusion-convection systems with Dirichlet or Neumann boundaries) via the method of lines,✅,contextual,2.0,157
Integers,Domain symbol representing the set of integers,✅,pure,4.0,158
Large,Named size symbol used as option value for ImageSize and Style,✅,pure,6.0,159
Limit,Computes the limit of an expression,✅,pure,1.0,160
CountryData,Returns properties (e.g. Population) for countries from a bundled static dataset,✅,pure,6.0,161
Sequence,Represents a sequence of arguments that are automatically spliced into any function,✅,pure,3.0,162
Optional,Represents a pattern with an optional default value — present arguments fill the slots from the left,✅,pure,1.0,164
Mesh,Option for mesh lines in plots,✅,pure,1.0,165
AxesOrigin,Option specifying the origin point for plot axes,✅,none,2.0,166
Grid,Displays data in a grid layout; ToString renders the matrix as an aligned text grid (left-aligned columns padded to the widest cell with three-space separators and a blank line between rows) like TableForm,✅,pure,6.0,167
Cases,Returns elements matching a pattern,✅,pure,1.0,168
ListLinePlot,Plots data as a line graph,✅,pure,6.0,169
Graphics3D,Creates a 3D graphics object,✅,pure,1.0,170
NumericQ,Tests if expression has a numeric value,✅,pure,3.0,172
FrameStyle,Option specifying the style of the frame around a plot,✅,none,2.0,173
Column,Displays elements in a vertical column,✅,pure,6.0,174
ColumnForm,Legacy display directive stacking elements one per line (renders at top level and under every form),✅,pure,1.0,174
FontColor,Option symbol for specifying text color in Style,✅,pure,3.0,175
NIntegrate,Computes a numerical integral by tanh-sinh quadrature — which handles an endpoint singularity — falling back to an adaptive Simpson rule for oscillatory integrands and using a tangent substitution for infinite bounds,✅,pure,1.0,176
Dashed,Shorthand for Dashing[{Small Small}] line style,✅,pure,6.0,177
Import,"Imports data from a file (images CSV XLSX TXT PPM/PGM/PBM/PNM WAV and other audio; CERN ROOT incl. TH1/TH2 histograms and TTree branch data via element paths; CSV/TSV row/column subsets via {""Data"" rowspec colspec} position specs); an .xml file reads into symbolic XML",✅,effectful,4.0,178
Thread,Threads a function over corresponding list elements,✅,pure,1.0,179
Arrow,Represents an arrow graphics primitive,✅,pure,6.0,181
Scaled,Represents a scaled position or size,✅,pure,1.0,183
Arrowheads,Specifies arrowhead sizes and styles,✅,pure,6.0,184
Association,Key-value data structure with <| |> syntax,✅,pure,10.0,185
Italic,Style directive for italic text,✅,pure,6.0,186
AbsoluteThickness,Sets absolute line thickness in graphics,✅,pure,2.0,187
Block,Scopes local variables within a block of code,✅,pure,1.0,188
Alignment,Option symbol for specifying alignment in layouts,✅,pure,6.0,189
Partition,Partitions a list into sublists of a given length (with offset padding alignment and an optional block head),✅,pure,1.0,190
Norm,Returns the norm of a vector or matrix,✅,pure,5.0,191
BSplineCurve,B-spline curve through control points in Graphics and Graphics3D,✅,pure,7.0,192
PlotPoints,Option for number of sample points in plots,✅,pure,1.0,193
Sort,Sorts a list in ascending order or by an ordering function which leaves a pair alone unless it compares False,✅,pure,1.0,194
Series,Computes a power series expansion about a point or at Infinity,✅,pure,1.0,195
Return,Returns a value from a definition body Do or Scan — anywhere else it stands as Return[value] and is collected like any other,✅,pure,1.0,196
Appearance,Option symbol for specifying visual appearance,✅,pure,6.0,197
Needs,Loads the file providing a context from a loaded paclet directory or from $Path; a rule right-hand side aliases the context in $ContextAliases or (None) records nothing,✅,effectful,1.0,198
Center,Symbol for centering alignment,✅,pure,1.0,199
UndirectedEdge,Undirected graph edge,✅,pure,8.0,201
Filling,Option for filling areas under curves in plots,✅,pure,6.0,202
MatchQ,Tests if an expression matches a pattern,✅,pure,1.0,203
Reverse,Returns a list with elements in reverse order,✅,pure,1.0,204
UnsameQ,Tests if expressions are not identical,✅,pure,2.0,205
Bold,Style directive for bold text,✅,pure,6.0,207
Normal,Converts a special form to a normal expression optionally restricted to objects of a given head,✅,pure,1.0,208
Hyperlink,Represents a clickable hyperlink to a URI with an optional display label,✅,pure,6.0,209
ParametricPlot3D,3D parametric plot,✅,none,2.0,210
GridLines,Option specifying grid lines in a plot,✅,none,2.0,211
Method,Option symbol for specifying computational methods,✅,pure,4.0,212
Inverse,Computes the inverse of a matrix,✅,pure,1.0,214
SplineClosed,Option for closing B-spline curves,✅,pure,7.0,215
SlotSequence,Represents a sequence of arguments in a pure function,✅,pure,1.0,216
Append,Adds an element to the end of a list,✅,pure,1.0,217
Position,Finds all positions of a pattern in a list,✅,pure,1.0,218
Union,Returns sorted union of lists or a key-merge of associations,✅,pure,1.0,219
While,Evaluates an expression repeatedly while a condition is true,✅,pure,1.0,220
FrameLabel,Axis labels for framed charts (alias for AxesLabel),✅,pure,2.0,221
FindRoot,Numerically finds a root of an equation using a damped Newton iteration — the derivative is symbolic where that reduces to a number and a difference quotient otherwise; honours MaxIterations and reports non-convergence or a singular derivative (WorkingPrecision and the accuracy goals are accepted but ignored),✅,pure,1.0,222
Image,Constructs an image from pixel data,✅,pure,7.0,223
ColorData,"Named color data: the categories; the CSS colours of the ""HTML"" scheme and the pre-v6 Graphics`Colors` palette under the ""Legacy"" scheme; the colors of indexed schemes 1 (generated) 2 3 30 35 and 97; named gradients give a ColorDataFunction sampling the scheme (e.g. ColorData[""TemperatureMap""][0.5]), sample directly via ColorData[name, t], read the ""ColorFunction"" and ""Range"" properties, and render ""Image"" swatches (Rainbow-family control points sampled from Wolfram; the remaining gradients are approximations)",✅,pure,6.0,224
Binomial,Returns the binomial coefficient,✅,pure,1.0,225
Which,Evaluates conditions and returns the value for the first true one,✅,pure,1.0,226
Replace,Applies transformation rules to an expression,✅,pure,1.0,227
Mean,Calculates the arithmetic mean (average) of a list,✅,pure,5.0,228
Head,Returns the head of an expression,✅,pure,1.0,229
AppendTo,Appends an element to a list stored in a variable; a target without a value reports ::rvalue,✅,stateful,1.0,230
Options,Returns the options associated with a symbol — the built-in defaults of the core symbolic and numeric functions or a list set with Options[f] = … or SetOptions,✅,pure,1.0,232
Array,Generates a list by applying a function to successive indices,✅,pure,1.0,233
RightArrow,Typesetting arrow symbol,🚫,none,3.0,235
Interval,Represents a closed real interval with auto-merged sub-intervals,✅,pure,3.0,236
Offset,Represents a position offset by a specified number of printers points,✅,pure,3.0,237
ReplaceRepeated,Applies replacement rules repeatedly until fixed point or the MaxIterations bound,✅,pure,1.0,238
Piecewise,Represents a piecewise function; the pieces are held so the value of a piece whose condition is False is never evaluated,✅,pure,5.1,239
Left,Symbol for left alignment,✅,pure,1.0,241
ConstantArray,Creates an array of repeated elements,✅,pure,6.0,242
Epilog,Option specifying graphics primitives drawn after the main plot,✅,none,2.0,243
MemberQ,Checks if a list contains a value,✅,pure,1.0,244
NormalDistribution,Represents a normal (Gaussian) probability distribution,✅,pure,6.0,245
AirportData,,🚫,,10.0,246
GridLinesStyle,Option for specifying the style of grid lines in graphics,✅,none,6.0,247
Det,Computes the determinant of a matrix,✅,pure,1.0,251
NSolve,Solves equations numerically — a bare polynomial means poly == 0 and every root path ends in the same polish step as NRoots so conjugate pairs agree bit for bit,✅,pure,2.0,252
Cross,Computes the generalized cross product of n-1 vectors of length n,✅,pure,3.0,253
PDF,Probability density function,✅,pure,6.0,254
TableForm,Formats data as a table,✅,pure,1.0,255
Circle,Represents a circle graphics primitive,✅,pure,2.0,256
AbsoluteTiming,Returns the time taken to evaluate an expression,✅,contextual,5.0,257
Blend,Blend colors together using linear interpolation; also samples named ColorData gradient schemes,✅,none,6.0,258
Tooltip,Tooltip display wrapper (stays symbolic in script mode),✅,unevaluated,6.0,260
Spacings,Spacing specification for grids and layouts,✅,none,6.0,261
Assumptions,Specify assumptions for symbolic computation,✅,none,3.0,262
Ticks,Option for tick marks on plot axes,✅,pure,1.0,264
MapThread,Applies a function to corresponding elements of multiple lists,✅,pure,2.0,265
Smaller,Font size directive for making text smaller,✅,none,6.0,266
Symbol,Creates a symbol from a string resolving the name against the open contexts,✅,pure,1.0,267
OptionValue,Retrieves the value of a named option — from the enclosing OptionsPattern or from a head's Options list with an explicit rule list taking precedence — for one name or a list of them,✅,pure,6.0,268
LabelStyle,Option for specifying the style of labels in graphics,✅,none,6.0,269
Boxed,Option for boxed axes in 3D plots,✅,pure,1.0,270
Inset,Places an inset in graphics,✅,pure,6.0,271
DeleteCases,Deletes elements matching a pattern,✅,pure,2.0,272
UnitStep,Returns the unit step function value,✅,pure,4.0,273
Pochhammer,Returns the Pochhammer symbol (rising factorial),✅,pure,1.0,274
Eigenvalues,Computes the eigenvalues of a matrix; the two-arg form takes the k largest-magnitude eigenvalues,✅,pure,1.0,275
Timing,Returns the CPU time taken to evaluate an expression,✅,contextual,1.0,276
RowBox,Represents a horizontal row of boxes for typesetting,✅,pure,3.0,277
Button,Interactive button element (stays symbolic in script mode),✅,unevaluated,6.0,280
Sphere,Sphere graphics primitive; a circle in two dimensions; a list of centres draws one sphere of the given radius per centre,✅,none,6.0,282
Get,Reads and evaluates a file returning the last result,✅,effectful,1.0,283
Quiet,Evaluate expression suppressing messages,✅,contextual,6.0,284
Joined,Option for joining points in list plots,✅,none,6.0,285
FreeQ,Tests if expression is free of a specified form,✅,pure,1.0,286
Medium,Medium size specification,✅,none,6.0,287
Dimensions,Dimensions of a nested list optionally capped at n levels or Infinity,✅,pure,1.0,288
NonCommutativeMultiply,Non-commutative multiplication operator,✅,pure,1.0,290
Axis,Filling reference for plots,✅,none,3.0,291
Superscript,Inert superscript display form,✅,pure,1.0,292
Full,Full-size image specification,✅,none,6.0,294
IdentityMatrix,Creates an identity matrix of given size,✅,pure,1.0,295
IntegerDigits,Returns list of digits of an integer,✅,pure,2.0,296
StringExpression,Represents a string pattern formed by concatenating string pattern objects,✅,pure,5.1,298
Repeated,Pattern that matches one or more repetitions,✅,pure,1.0,299
ChemicalData,,🚫,,6.0,300
RandomVariate,Generates pseudorandom variates from a distribution as a scalar list or array of given dimensions,✅,contextual,8.0,301
Cylinder,3D cylinder graphics primitive,✅,none,6.0,302
Graph,Yields a graph with vertices and edges rendered as SVG,✅,effectful,8.0,303
Tiny,Tiny size specification,✅,none,6.0,304
OptionsPattern,Pattern object that matches any sequence of options in function definitions,✅,pure,6.0,305
Prime,Returns the nth prime number,✅,pure,1.0,308
ComplexExpand,Expands expressions assuming variables are real,✅,pure,2.0,309
Inherited,Symbol indicating a setting should be inherited from a higher level,✅,pure,6.0,310
HoldForm,Holds an expression unevaluated for display,✅,pure,1.0,311
Darker,Makes a color darker,✅,pure,6.0,312
Sign,Returns the sign of a number,✅,pure,1.0,313
Rotate,Rotates a graphics object,✅,pure,6.0,315
TraditionalForm,Displays expressions in traditional mathematical notation,✅,pure,3.0,317
IntegerQ,Tests if the expression evaluates to an integer,✅,pure,1.0,319
Information,Displays information about a symbol; a second argument selects one property,✅,pure,1.0,320
ToExpression,Converts a string to an evaluated expression; definitions in the string take effect,✅,pure,1.0,321
Identity,Returns its argument unchanged,✅,pure,1.0,322
TestID,Option symbol for specifying a test identifier in testing functions,✅,pure,10.0,323
Cell,Represents a cell in a notebook with content and style information,✅,pure,3.0,325
Hold,Holds its arguments unevaluated,✅,pure,1.0,326
Chop,Replaces approximate real numbers close to zero by exact 0,✅,pure,1.0,328
BesselJ,Bessel function of the first kind J_n(z),✅,pure,1.0,329
BesselY,Bessel function of the second kind Y_n(z),✅,pure,1.0,752
BesselI,Modified Bessel function of the first kind I_n(z),✅,pure,1.0,664
BesselK,Modified Bessel function of the second kind K_n(z),✅,pure,1.0,613
MapIndexed,Applies a function to each element along with its index over a level specification; on an association the index is {Key[key]},✅,pure,2.0,330
RiemannR,Riemann prime counting function R(x) approximating PrimePi,✅,pure,7.0,331
Item,Wrapper for specifying individual item options in Grid and similar constructs,✅,pure,6.0,332
SetAttributes,Sets attributes for a symbol,✅,stateful,1.0,333
SparseArray,"Creates a sparse array representation that stays sparse under arithmetic and answers grid queries like ""NonzeroValues"" or ""Density""",✅,pure,5.0,334
NumberForm,Displays a number with specified formatting; ToString renders x to n significant figures or with {n;f} to exactly f decimal places (the single-argument form uses the 6-significant-figure default; reals with exponent >= 6 or <= -6 switch to 2D scientific notation) and supports DigitBlock/NumberSeparator digit grouping and NumberPadding field padding,✅,pure,1.0,336
FrameTicks,Option specifying tick marks on the frame of a plot,✅,none,2.0,337
RandomChoice,Random selection with replacement,✅,contextual,6.0,338
NumberQ,Checks if a value is a number,✅,pure,1.0,340
DateObject,Represents a date or date-time object keeping only the components its granularity names,✅,pure,10.0,341
EntityValue,Retrieves property values from entities in the Wolfram Knowledgebase,✅,effectful,10.0,342
Except,Represents a pattern matching everything except a given pattern,✅,pure,5.1,343
FaceForm,Specifies face styling for filled graphics,✅,pure,1.0,344
Prepend,Adds an element to the beginning of a list,✅,pure,1.0,345
ArrayPlot,Plots a matrix as a grid of colored cells,✅,pure,5.1,346
Histogram,Creates a histogram from data,✅,pure,7.0,347
Cosh,Returns the hyperbolic cosine,✅,pure,1.0,259
Sinh,Returns the hyperbolic sine,✅,pure,1.0,278
Tanh,Returns the hyperbolic tangent,✅,pure,1.0,350
Csch,Returns the hyperbolic cosecant,✅,pure,1.0,703
Coth,Returns the hyperbolic cotangent,✅,pure,1.0,592
Sech,Returns the hyperbolic secant,✅,pure,1.0,538
ArcCosh,Returns the inverse hyperbolic cosine,✅,pure,1.0,324
ArcSinh,Returns the inverse hyperbolic sine,✅,pure,1.0,349
ArcTanh,Returns the inverse hyperbolic tangent,✅,pure,1.0,297
ArcCsch,Returns the inverse hyperbolic cosecant,✅,pure,1.0,348
ArcCoth,Returns the inverse hyperbolic cotangent,✅,pure,1.0,327
ArcSech,Returns the inverse hyperbolic secant,✅,pure,1.0,335
SeedRandom,Seeds the random number generator,✅,stateful,1.0,351
ContourPlot3D,3D contour plot of the isosurface f == c via marching tetrahedra,✅,pure,6.0,352
Catch,Catches a value thrown by Throw; the form is matched as a pattern and the 3-arg form applies f to the value and tag,✅,pure,1.0,353
InputForm,Converts expression to input form,✅,pure,1.0,354
Sow,Sows an expression for collection by Reap,✅,stateful,5.0,355
Switch,Evaluates an expression and matches it against each pattern in turn — patterns after the match are never evaluated,✅,pure,1.0,356
Export,Exports data to a file,✅,effectful,4.0,357
PlotRangePadding,Option for specifying padding around plot ranges,✅,pure,6.0,359
ViewPoint,Option for 3D viewing position,✅,pure,1.0,360
Plain,Font style symbol for plain (non-bold non-italic) text,✅,pure,6.0,361
Message,Issues a message (no-op in Woxi),✅,effectful,1.0,362
BoxRatios,Option for 3D box aspect ratios,✅,pure,1.0,363
LanguageData,,🚫,,10.0,364
Distributed,Represents a variable distributed according to a given distribution,✅,pure,8.0,365
EntityProperty,Represents a property of an entity class,✅,pure,10.0,366
Tuples,Generates all tuples of elements from a list,✅,pure,5.1,367
Small,Small size specification,✅,none,6.0,368
Coefficient,Extracts the coefficient of a term in a polynomial,✅,pure,1.0,369
Exponent,Returns the maximum power of a variable in a polynomial,✅,pure,1.0,829
Denominator,Returns the denominator of a rational expression,✅,pure,1.0,512
Numerator,Returns the numerator of a rational expression,✅,pure,1.0,628
NestList,Returns the list of intermediate results from Nest,✅,pure,1.0,371
DeleteDuplicates,Removes duplicate elements from a list (or pairs with duplicate values from an association),✅,pure,7.0,373
DisplayFunction,Option controlling display output,✅,pure,1.0,375
FontWeight,Option for specifying font weight (Bold etc),✅,pure,3.0,377
Right,Symbol for right alignment,✅,pure,1.0,378
Most,Returns the list without its last element,✅,pure,5.0,379
StringReplace,Replaces occurrences of substrings in a string; RegularExpression backreferences expand before a delayed replacement is evaluated,✅,pure,2.0,380
ControlType,Option for specifying the type of control in Manipulate,✅,pure,6.0,381
Pick,Picks elements from a list based on a selector,✅,pure,5.1,382
Interpolation,Constructs an interpolation of data — 1-D {x y} pairs/values or 2-D {x y z} triples tiling a complete grid (an exact query point over exact data gives an exact value; outside the data range the boundary piece is extrapolated),✅,pure,2.0,383
HoldPattern,Keeps a pattern from evaluating while staying transparent to matching and to replacement rules,✅,pure,3.0,384
Top,Symbol for top alignment,✅,pure,1.0,385
HypergeometricPFQ,Generalized hypergeometric function pFq,✅,pure,3.0,386
MortalityData,,🚫,,10.3,387
Positive,Tests if a number is positive,✅,pure,1.0,389
NonPositive,Tests if a number is non-positive,✅,pure,3.0,2097
Negative,Tests if a number is negative,✅,pure,1.0,825
NonNegative,Tests if a number is non-negative,✅,pure,1.0,1036
Framed,Display wrapper that draws a frame around its argument,✅,pure,6.0,390
Placed,Inert positional wrapper for label and legend placement (used with ChartLabels etc.),✅,pure,7.0,391
AbsolutePointSize,Graphics primitive for setting point size in absolute units,✅,none,2.0,392
Compile,Compiles a function for numerical evaluation,✅,pure,2.0,393
Bottom,Symbol for bottom alignment,✅,pure,1.0,394
Root,Represents the k-th root of a polynomial (an explicit value only when the polynomial factors over the rationals into pieces of degree at most 2),✅,pure,3.0,396
Labeled,Wrapper that attaches a label to an expression for display,✅,pure,6.0,397
UnitSystem,Option for specifying the unit system for computations,✅,pure,10.0,398
MatrixPower,Computes integer powers of a square matrix,✅,pure,2.0,399
DirectedEdge,Represents a directed edge between two vertices,✅,pure,8.0,400
Count,Counts occurrences of a pattern in a list,✅,pure,1.0,401
Lighter,Makes a color lighter,✅,pure,6.0,402
PolarPlot,Creates a polar plot of a function,✅,pure,6.0,403
TrueQ,Returns True only for the symbol True,✅,pure,1.0,404
SortBy,Sorts a list by a criterion function or a list of them; an optional third argument orders the criterion values,✅,pure,6.0,405
RegionPlot,Creates a plot of a region satisfying inequalities,✅,pure,6.0,406
Unevaluated,Wrapper that prevents evaluation of its argument,✅,pure,2.0,407
ZIPCodeData,,🚫,,10.0,408
DynamicModule,Scopes local variables that persist while a dynamic object is displayed,✅,pure,6.0,409
FillingStyle,Option for specifying the style of plot filling,✅,pure,6.0,410
Control,Represents a standalone interactive control such as a slider or popup menu bound to a variable,✅,pure,7.0,411
WorkingPrecision,Option for numerical precision,✅,pure,1.0,412
Hypergeometric2F1,Gauss hypergeometric function 2F1,✅,pure,1.0,413
Complement,Returns elements in first list or association not in the others,✅,pure,1.0,414
Dashing,"Sets line dashing in graphics; Dashing[None] and Dashing[{}] go back to solid strokes",✅,pure,1.0,416
StreamPlot,Creates a streamline plot of a vector field,✅,pure,7.0,416
Animate,Animated version of an expression (stays symbolic in script mode),✅,unevaluated,6.0,417
Contours,Option specifying contour levels in contour plots,✅,none,2.0,418
ColorSpace,Option for specifying the color space of images,✅,pure,7.0,419
MaxRecursion,Option specifying the maximum recursion depth,✅,none,2.0,420
Normalize,Normalizes a vector to unit length,✅,pure,6.0,421
ImagePadding,Option for specifying padding around plotted images,✅,pure,6.0,422
Composition,Composes multiple functions,✅,pure,2.0,423
ContourStyle,Option specifying the style of contour lines,✅,none,2.0,424
QuantityVariable,Represents a variable with associated physical quantity,✅,pure,10.0,425
Unset,Removes a value or definition,✅,stateful,1.0,426
Reap,Collects expressions sown during evaluation,✅,stateful,5.0,427
RepeatedNull,Pattern that matches zero or more repetitions,✅,pure,1.0,428
Interleaving,Option for specifying channel interleaving in images,✅,pure,7.0,429
CDF,Cumulative distribution function for a distribution,✅,pure,6.0,430
TagSetDelayed,Defines a delayed upvalue assignment associated with a tag symbol,✅,stateful,1.0,431
Boole,Converts True to 1 and False to 0,✅,pure,5.1,433
Outer,Generalized outer product over any number of nonatomic arguments sharing one head,✅,pure,1.0,434
InterpolationOrder,Option for specifying the order of interpolation,✅,pure,3.0,435
FindMinimum,Finds a local minimum of a function numerically; a {f cons} objective states a constrained problem and the starting values may be omitted,✅,pure,1.0,436
LinearSolve,Solves a square or rectangular linear system of equations using Gaussian elimination,✅,pure,1.0,437
StringLength,Returns the length of a string,✅,pure,1.0,438
NDSolveValue,Numerically solve a differential equation and return the solution,✅,pure,9.0,439
DensityPlot,Creates a density plot of a function,✅,pure,1.0,440
EllipticK,Complete elliptic integral of the first kind,✅,pure,1.0,441
CurrentValue,Returns current values of frontend settings,✅,effectful,6.0,442
Thin,Graphics directive equivalent to Thickness[Tiny],✅,pure,6.0,443
RandomSample,Random selection without replacement — a sample longer than the set reports ::smplen,✅,contextual,6.0,444
VectorPlot,Creates a vector field plot,✅,pure,7.0,445
SetOptions,Replaces named entries in a symbol's option list and returns the updated list — an unknown name refuses the whole call,✅,stateful,1.0,446
ReplacePart,Replaces the parts at one or more positions given as rules or as a separate position argument,✅,pure,2.0,447
Translate,Translates a graphics object,✅,pure,6.0,448
BarChart,Creates a bar chart from data,✅,pure,7.0,449
Eigenvectors,Eigenvectors of a square matrix; the two-arg form takes the k for the largest-magnitude eigenvalues,✅,pure,1.0,450
Nest,Applies a function n times to an expression,✅,pure,1.0,451
Assuming,Evaluate expression under given assumptions,✅,pure,5.0,452
VertexLabels,Option for specifying labels on graph vertices,✅,pure,8.0,453
UpSet,Assign upvalues to symbols appearing in the LHS,✅,side_effect,1.0,454
StringTake,Returns a substring of a string; a list of integers that cannot be a span is read as separate specifications,✅,pure,2.0,456
ImageData,Extracts pixel data from an image as nested lists,✅,pure,7.0,457
LaplaceTransform,Compute the Laplace transform of an expression,✅,none,4.0,458
InverseLaplaceTransform,Compute the inverse Laplace transform — the third argument may be an expression or a number naming the point it is taken at,✅,none,4.0,583
PlotTheme,Option for specifying the visual theme for plots,✅,pure,10.0,459
Grad,Compute the gradient of a scalar or array field (derivative axis is innermost),✅,pure,9.0,461
RawBoxes,Wrapper for raw box expressions in typesetting,✅,pure,6.0,461
PrimeQ,Tests if a number is prime (Gaussian primes for complex args or GaussianIntegers -> True),✅,pure,1.0,462
Extract,Extracts parts at specified positions,✅,pure,3.0,463
Exclusions,Option for specifying points or curves to exclude from plots,✅,pure,6.0,464
CenterDot,Symbolic centered dot operator,✅,pure,3.0,465
Dotted,Dotted line style directive,✅,none,6.0,466
StringMatchQ,Tests if string matches a pattern with wildcards; supports the one-argument operator form,✅,pure,1.0,467
VectorQ,Tests if an expression is a vector; two-arg form VectorQ[expr;test] also requires every element to satisfy test,✅,pure,1.0,468
Differences,Returns successive differences between elements (supports order and step arguments),✅,pure,6.0,470
Spacer,Creates empty space of a specified size for layout,✅,pure,6.0,471
CellularAutomaton,Generates a 1D or 2D cellular automaton evolution over chosen steps and cells,✅,pure,4.2,472
Riffle,Inserts an element between each pair of elements,✅,pure,6.0,473
Characters,Converts a string into a list of single-character strings,✅,pure,1.0,474
GraphicsComplex,Indexed coordinate graphics container,✅,none,6.0,475
EuclideanDistance,Euclidean distance between two vectors,✅,pure,6.0,477
Subsets,Returns all subsets of a list,✅,pure,5.1,478
SoundNote,Represents a musical note for sound generation,✅,pure,6.0,479
Accumulate,Returns cumulative sums of a list,✅,pure,6.0,480
XMLElement,Represents an XML element with tag and attributes; a namespaced name is written {uri; local},✅,pure,4.2,481
Zeta,Riemann and Hurwitz zeta function,✅,pure,1.0,482
RowReduce,Returns the row echelon form of a matrix,✅,pure,1.0,483
Direction,Option specifying the direction for operations,✅,none,2.0,484
ControlPlacement,Option for specifying placement of interactive controls,✅,pure,6.0,486
Fold,Applies a binary function cumulatively to a list with an initial value,✅,pure,2.0,486
DiscretePlot,Plots discrete values of a function,✅,none,7.0,487
ImplicitRegion,Represents a region defined by implicit conditions,✅,pure,10.0,488
PolyGamma,Polygamma function (n-th derivative of digamma),✅,pure,1.0,489
ItemSize,Option for specifying sizes of items in Grid and similar,✅,pure,6.0,490
FullForm,Returns the full internal form of an expression,✅,pure,1.0,491
MeijerG,Meijer G-function,✅,pure,3.0,492
DiagonalMatrix,Creates a diagonal matrix from a list,✅,pure,1.0,493
GraphicsRow,Arranges graphics in a horizontal row,✅,pure,6.0,494
TrackedSymbols,Option for specifying which symbols trigger dynamic updates,✅,pure,6.0,495
NonlinearModelFit,Fits a nonlinear model to data and returns a FittedModel object,✅,pure,7.0,496
MapAt,Applies a function at one or more positions where position 0 addresses the head; each level may be an index All or a span,✅,pure,1.0,498
IntegerPart,Returns the integer part of a number (truncation towards zero),✅,pure,3.0,499
PlotMarkers,Option for specifying markers on plot points,✅,pure,6.0,500
Through,Distributes a list of functions over arguments,✅,pure,1.0,501
HoldAll,Attribute specifying all args are held,✅,pure,1.0,502
GenomeData,,🚫,,7.0,503
ArrayFlatten,Flatten a matrix of sub-matrices into a single matrix with an optional block rank r,✅,pure,6.0,504
Tr,Computes the trace of a matrix or array with an optional combiner function and index level (sum of main-diagonal entries by default),✅,pure,4.0,505
MeshFunctions,Option for specifying mesh line functions in plots,✅,pure,6.0,506
DateListPlot,Plots data with date-valued x-axis,✅,pure,6.0,508
Baseline,Option for specifying baseline alignment,✅,pure,3.0,509
EvenQ,Checks if a number is even,✅,pure,1.0,510
OddQ,Checks if a number is odd,✅,pure,1.0,635
Lighting,Option for 3D lighting,✅,pure,1.0,511
CoefficientList,Returns the list of coefficients of a polynomial,✅,pure,1.0,513
Remove,Removes a symbol entirely so its context no longer has it,✅,effectful,1.0,514
LegendreP,Legendre polynomial of the first kind,✅,pure,1.0,515
MakeBoxes,Construct box form of an expression,✅,pure,3.0,516
TableHeadings,Option specifying headings for table rows and columns,✅,none,2.0,517
RevolutionPlot3D,creates a surface of revolution by rotating a curve around the z-axis,✅,pure,6.0,518
ResourceFunction,Accesses a function from the Wolfram Function Repository,✅,pure,12.0,519
Fibonacci,Returns the nth Fibonacci number or Fibonacci polynomial,✅,pure,3.0,520
Tally,Counts occurrences of each distinct element (on an association tallies the values),✅,pure,6.0,521
MatrixRank,Returns the rank of a matrix,✅,pure,5.0,523
Rescale,Rescales values to a specified range,✅,pure,5.1,523
MatrixQ,Tests if an expression is a matrix,✅,pure,1.0,524
StringSplit,Splits a string on literal/pattern delimiters or on rules that keep the replaced delimiters between the pieces,✅,pure,5.1,525
FromDigits,Constructs a number from a list of digits or a digit string by evaluating them as a polynomial in the base — any base works including 0 1 rational real and symbolic,✅,pure,3.0,526
MeshStyle,Option specifying the style of mesh lines,✅,none,2.0,527
FactorInteger,Returns prime factorization as {prime exponent} pairs (two-arg form does partial factorization into at most k factors or Gaussian-integer factorization via GaussianIntegers->True),✅,pure,1.0,528
PolyLog,Polylogarithm function,✅,pure,1.0,529
Maximize,Global symbolic maximization of a function over variables with optional constraints and an optional Reals or Integers domain,✅,pure,5.0,530
TicksStyle,Option for specifying the style of plot ticks,✅,pure,6.0,531
GatherBy,Groups elements by applying a function,✅,pure,7.0,532
Permutations,Returns all permutations of a list,✅,pure,1.0,533
RecurrenceTable,Generate a table of values from a recurrence relation; range spec accepts {n;nmax} or {n;nmin;nmax},✅,none,7.0,534
FindFit,Finds a least-squares fit of a model to data,✅,pure,5.0,535
Decrement,Decrements a variable by 1 and returns the old value,✅,stateful,1.0,536
Rationalize,Converts a real number to a nearby rational,✅,pure,1.0,537
Rasterize,Converts expression to raster image,✅,pure,6.0,539
FrameTicksStyle,Option for specifying the style of frame ticks,✅,pure,6.0,540
Delete,Deletes an element at a given position,✅,pure,2.0,542
JacobiDN,Jacobi elliptic function dn,✅,pure,1.0,543
JacobiSN,Jacobi elliptic function sn,✅,pure,1.0,544
JacobiCN,Jacobi elliptic function cn,✅,pure,1.0,595
JacobiSC,Jacobi elliptic function sc (sn/cn),✅,pure,1.0,819
JacobiDC,Jacobi elliptic function dc (dn/cn),✅,pure,1.0,916
JacobiCD,Jacobi elliptic function cd (cn/dn),✅,pure,1.0,919
JacobiSD,Jacobi elliptic function sd (sn/dn),✅,pure,1.0,3257
JacobiCS,Jacobi elliptic function cs (cn/sn),✅,pure,1.0,3344
JacobiDS,Jacobi elliptic function ds (dn/sn),✅,pure,1.0,3427
JacobiNS,Jacobi elliptic function ns (1/sn),✅,pure,1.0,3462
JacobiND,Jacobi elliptic function nd (1/dn),✅,pure,1.0,3522
JacobiNC,Jacobi elliptic function nc (1/cn),✅,pure,1.0,3656
Ordering,Returns the positions that would sort a list optionally by an ordering function,✅,pure,4.1,545
ElementData,Returns properties of chemical elements,✅,pure,6.0,546
Dividers,Option for dividing lines in Grid,✅,none,6.0,547
SetPrecision,Sets the precision of a number to a specified number of digits,✅,pure,2.0,548
Locator,Draggable locator; renders as a marker at its point (custom appearance graphics keep their ImageSize),✅,none,6.0,549
AddTo,Adds a value to a variable; a literal target parses and reports ::rvalue,✅,stateful,1.0,550
EllipticTheta,Jacobi theta function,✅,pure,1.0,551
MatrixPlot,Plots a matrix as a colored grid,✅,pure,6.0,552
Intersection,Returns sorted intersection of lists or associations,✅,pure,1.0,553
Erf,Returns the error function value,✅,pure,1.0,554
ImageDimensions,Returns the dimensions of an image,✅,pure,7.0,555
InputField,Input field for interactive interfaces,✅,none,6.0,556
FindMaximum,Finds a local maximum of a function numerically; a {f cons} objective states a constrained problem and the starting values may be omitted,✅,pure,5.0,557
RegionFunction,Option to restrict plotting to a region,✅,none,6.0,558
ColorFunctionScaling,Option to scale color function input,✅,none,4.0,559
Values,Returns the values of an association (optionally wrapping each with a head),✅,pure,10.0,560
Cuboid,3D graphics primitive representing a cuboid,✅,none,2.0,561
AbsoluteTime,Total seconds since January 1 1900,✅,contextual,2.0,562
ExampleData,Serves the bundled example datasets by type and name: the list of types; the entries of one type; a dataset itself; or one of its properties (NetworkGraph data is bundled with the classic empirical networks; TestImage only bundles its name catalogue rather than pixel data),✅,pure,6.0,563
TwoWayRule,Represent a two-way transformation rule,✅,none,11.2,564
Initialization,Option for initialization code,✅,none,6.0,565
StringCases,Returns substrings matching a pattern (threading over a list of strings; supports a count limit and the Overlaps and IgnoreCase options),✅,pure,5.1,566
Subtract,Subtracts one number from another,✅,pure,1.0,567
Listable,Attribute for automatic threading over lists,✅,pure,1.0,568
ExpIntegralEi,Exponential integral Ei,✅,pure,1.0,569
HoldFirst,Attribute specifying first arg is held,✅,pure,1.0,570
End,Ends the context begun by Begin and returns it,✅,effectful,1.0,571
Divide,Divide numbers,✅,pure,1.0,572
Around,Represent a value with uncertainty,✅,pure,12.0,573
SaveDefinitions,Option to save definitions with output,✅,none,6.0,574
Insert,Inserts an element at a specified position in a list,✅,pure,1.0,575
Specularity,Specifies the specular highlight of 3D surfaces,✅,pure,6.0,576
Minimize,Global symbolic minimization of a function over variables with optional constraints and an optional Reals or Integers domain,✅,pure,5.0,577
Begin,Switches $Context so names read afterwards belong to that context,✅,effectful,1.0,578
RepeatedTiming,Time expression evaluation with repeated sampling,✅,effectful,10.1,579
GraphData,Self-contained slice of the named-graph knowledge base backing GraphData[] (known names) GraphData[spec] (the Graph[...] object) and GraphData[spec property] (VertexCount/EdgeCount/VertexList/EdgeList/EdgeRules/AdjacencyMatrix/Graph/Name/StandardName) for both the named entities and the parametrized specs {Complete n} {Cycle n} {Path n} {Star n} {Wheel n} {CompleteBipartite {m k}} -- not the full Wolfram Knowledgebase graph atlas,✅,pure,6.0,580
FileNameJoin,Join file path components,✅,pure,7.0,582
ToFileName,Join directory path components into a file name string,✅,pure,1.0,
InverseFunction,Represents the inverse of a function or geometric transform,✅,pure,2.0,584
Residue,Computes the residue of an expression at a point,✅,pure,2.0,585
PieChart,Creates a pie chart from data,✅,pure,7.0,586
NMinimize,Numerical global minimization with constraints using sampling and gradient refinement,✅,pure,5.0,587
BeginPackage,Begins a package: sets $Context and narrows $ContextPath to the package and System`,✅,effectful,1.0,588
Throw,Throws a value to be caught by Catch,✅,pure,1.0,589
Eigensystem,Eigenvalues and eigenvectors of a matrix; the two-arg form takes the k largest-magnitude pairs,✅,pure,1.0,590
KroneckerDelta,Returns 1 if all arguments are equal and 0 otherwise,✅,pure,4.0,591
StatusArea,Display status text on mouseover,✅,none,6.0,593
Pane,Fixed-size display pane,✅,none,6.0,594
PlotLabels,Option for labeling plot curves,✅,none,10.4,597
Scale,Scales a graphics object,✅,pure,6.0,597
Log10,Returns the base-10 logarithm of a number,✅,pure,7.0,598
EndPackage,Ends a package and puts its context on $ContextPath so its exports become visible,✅,effectful,1.0,599
PolyhedronData,Properties of named polyhedra (Platonic solids; the icosahedral and cubic Archimedean solids and their duals; the rhombic hexecontahedron stellation; and the triangular orthobicupola),🚧,pure,6.0,601
PolyhedronOperations`Truncate,Corner-cuts each Polygon face of a graphics expression to a ratio (default 3/10) of its edge length; resolves Rotate/Translate-wrapped faces first,✅,pure,3.0,
PolyhedronOperations`Stellate,Replaces each Polygon face of a graphics expression with a pyramid to a ratio (default 2) of the face's centroid distance; resolves Rotate/Translate-wrapped faces first,✅,pure,3.0,
Nearest,Find the nearest elements in a list to a given value (numbers/vectors by Euclidean distance; strings by edit distance) — DistanceFunction supplies another metric; empty or non-list data reports ::near1,✅,pure,6.0,602
RegionPlot3D,plots the 3D region where a condition is true,✅,pure,6.0,603
IntervalMemberQ,Tests if a point or sub-interval is contained in an interval,✅,pure,3.0,605
Inactive,Wrapper to prevent evaluation,✅,none,10.0,606
PowerMod,Computes modular exponentiation a^b mod m (b=1/n gives a modular n-th root),✅,pure,1.0,607
Modulus,Option for modular arithmetic,✅,pure,1.0,608
Break,Exits a loop,✅,pure,1.0,610
Dataset,Wraps data with type information and answers successive-level queries,✅,pure,10.0,610
FoldList,Returns the list of intermediate results from Fold,✅,pure,2.0,611
ReleaseHold,Removes Hold wrappers from an expression,✅,pure,2.0,612
ScriptSizeMultipliers,Option for subscript and superscript sizing,✅,none,3.0,614
Split,Splits list at boundaries where consecutive elements differ,✅,pure,3.0,615
GCD,Returns the greatest common divisor of integers and rationals (and Gaussian integers),✅,pure,1.0,616
RegularExpression,Represents a regular expression pattern for string matching,✅,pure,5.1,617
GeoPosition,Geographic position specification,✅,none,7.0,618
BaselinePosition,Option for baseline alignment,✅,none,6.0,619
GraphicsGrid,Arranges graphics in a 2D grid,✅,pure,6.0,620
EvaluationNotebook,Return the current evaluation notebook,✅,none,3.0,621
ListPlot3D,Creates a 3D plot from data,✅,pure,1.0,622
Slider,Slider control element (stays symbolic in script mode),✅,unevaluated,6.0,623
DiracDelta,Dirac delta generalized function,✅,pure,4.0,624
KroneckerProduct,Kronecker (tensor) product of vectors and matrices,✅,pure,6.0,625
ScriptMinSize,Minimum size for sub/superscripts,✅,none,3.0,626
DownValues,Returns the downvalues of a symbol,✅,pure,2.0,627
Sound,Represents a sound object,✅,none,2.0,629
Binarize,Converts an image to black and white using a threshold,✅,pure,7.0,630
ImageScaled,Coordinates scaled to image dimensions,✅,none,6.0,631
DirichletCondition,Dirichlet boundary condition for PDEs,✅,none,10.0,632
ChartStyle,Style specification for chart elements,✅,pure,7.0,634
SelectionMove,Move the selection in a notebook,✅,none,3.0,636
RotateLeft,Rotates list elements to the left,✅,pure,1.0,637
PadRight,Pads a list on the right to a given length or nested shape with a cyclically tiled padding array,✅,pure,4.0,638
Fourier,Discrete Fourier transform of a list,✅,pure,1.0,712
InverseFourier,Inverse discrete Fourier transform of a list,✅,pure,1.0,1260
FourierTransform,Computes the symbolic Fourier transform of an expression,✅,pure,4.0,639
InverseFourierTransform,Computes the symbolic inverse Fourier transform of an expression,✅,pure,4.0,1124
PowerExpand,Expands powers and logarithms assuming positive reals,✅,pure,2.0,640
Fit,Performs a least-squares fit of data to a linear combination of basis functions — a design matrix without full column rank gives the minimum-norm solution,✅,pure,1.0,641
Input,Reads and evaluates a line of user input,✅,effectful,1.0,642
UnitConvert,Converts a quantity to a different unit; with one argument converts to SI base units,✅,pure,9.0,643
BoundaryStyle,Option for boundary styling in plots,✅,none,6.0,644
StandardDeviation,Returns the standard deviation of a list or an association's values — exact unless a machine number is among them,✅,pure,5.0,645
MaxIterations,Option for maximum iterations,✅,pure,1.0,646
GroupBy,Groups a list or association by one classifier or a list of them nesting a level each; an optional third argument reduces the innermost groups,✅,pure,10.0,647
Nothing,Element that disappears from lists,✅,pure,10.2,648
Quotient,Returns the integer quotient of division (Gaussian quotient Round[m/n] for complex integers; an infinite dividend diverges),✅,pure,1.0,649
FindInstance,finds instances of variables that satisfy constraints,✅,pure,5.0,650
EntityClass,Represent a class of entities,✅,none,10.0,651
DefaultLabelStyle,Default style for labels,✅,none,7.0,653
PrecisionGoal,Option specifying the precision goal for numeric computation,✅,none,2.0,653
Unprotect,Removes protection from symbols,✅,stateful,1.0,654
ChebyshevT,Chebyshev polynomial of the first kind,✅,pure,1.0,655
PerformanceGoal,Option for performance vs quality tradeoff,✅,none,6.0,656
VertexList,List of vertices in a graph (optionally matching a pattern),✅,pure,8.0,657
ColorNegate,Negates the colors of an image or a color directive (preserving its color space),✅,pure,7.0,658
InterpolatingFunction,Represents an interpolating function object (differentiating one gives another interpolating function carrying the derivative order),✅,none,2.0,659
Prolog,Option specifying graphics primitives drawn before the main plot,✅,none,2.0,660
ChartLabels,Option for labeling elements in charts,✅,none,7.0,661
RightComposition,Compose functions left-to-right,✅,pure,10.0,662
TextCell,A text cell in a notebook,✅,none,6.0,663
Median,Returns the median value of a list or an association's values,✅,pure,5.0,666
Keys,Returns the keys of an association (optionally wrapping each with a head),✅,pure,10.0,667
AccuracyGoal,Option for accuracy goals,✅,pure,1.0,668
WeatherData,,🚫,,7.0,669
LaguerreL,Laguerre polynomial,✅,pure,1.0,670
Probability,Compute probability of an event given a distribution,✅,pure,8.0,671
PauliMatrix,Returns a Pauli spin matrix,✅,pure,7.0,672
PlotRangeClipping,Option for whether to clip plot elements at the plot range,✅,none,6.0,674
RotationMatrix,Compute a rotation matrix from an angle or from a 2D pair of vectors,✅,pure,6.0,674
Divisors,Returns all divisors of an integer,✅,pure,1.0,675
RotationTransform,Represent a rotation transformation,✅,none,6.0,676
BoxStyle,Option specifying the style of 3D boxes in plots,✅,none,2.0,677
DataRange,Option specifying the range of data,✅,none,5.1,678
ListQ,Tests if expression is a list,✅,pure,2.0,679
SeriesCoefficient,Extract the nth coefficient from a power series,✅,pure,3.0,680
BoxData,,🚫,,8.0,681
FilterRules,Filters a list of rules by allowed keys,✅,pure,6.0,682
Attributes,Returns the attributes of a symbol or of each symbol in a list,✅,pure,1.0,684
CellBaseline,Option for cell baseline alignment,✅,none,3.0,685
AnimationRunning,Option controlling whether an animation is running,✅,none,6.0,686
SelectedNotebook,Return the currently selected notebook,✅,none,3.0,687
PrimePi,Counts the number of primes less than or equal to n,✅,pure,2.0,688
StandardForm,Converts expression to standard form,✅,pure,3.0,689
General,Default message group symbol,✅,pure,1.0,690
CloudExport,Export to the Wolfram Cloud,✅,none,10.0,691
GeometricTransformation,Apply a geometric transformation,✅,none,6.0,692
ContourShading,Option specifying shading between contour lines,✅,none,2.0,693
ListPointPlot3D,3D scatter plot of points,✅,pure,6.0,694
RSolve,Solve recurrence equations,✅,pure,5.0,695
Off,Turns off messages (no-op in Woxi),✅,effectful,1.0,697
On,Turns on messages (no-op in Woxi),✅,effectful,1.0,1095
Delimiter,Separator element in menus and palettes,✅,none,6.0,698
VertexColors,Option for specifying vertex colors in graphics,✅,none,6.0,699
Default,Default value for optional arguments — an optional slot whose function has no Default does not match at all,✅,pure,1.0,701
Beta,Euler beta function and incomplete beta Beta[z a b]; exact (BigInt) for integer half-integer and rational args via rising factorials and Gamma half-integer forms; numeric for inexact args,✅,pure,1.0,702
HeavisideTheta,Heaviside step function,✅,pure,6.0,705
MaxSteps,Option specifying the maximum number of steps,✅,none,2.0,705
Alphabet,Returns the list of lowercase English letters,✅,pure,10.1,706
FileNames,Lists file names matching a pattern,✅,effectful,2.0,707
DateList,Converts to date list,✅,pure,6.0,709
RegularPolygon,Regular polygon graphics primitive,✅,none,10.2,710
DSolveValue,Solve a differential equation and return the solution value,✅,pure,10.0,711
VertexCoordinates,Option for vertex coordinates in graphs,✅,none,8.0,713
ConditionalExpression,Represents an expression valid under a condition,✅,pure,8.0,715
SetDirectory,Sets the current working directory,✅,effectful,2.0,715
OverBar,Display form with an overbar accent,✅,none,6.0,717
Panel,Display content in a panel frame,✅,none,6.0,717
Laplacian,Compute the Laplacian (sum of second partial derivatives),✅,pure,9.0,718
NotebookDirectory,Directory of the current notebook,✅,none,6.0,719
Tube,3D tube around a curve,✅,none,7.0,720
Protect,Protects symbols from modification,✅,stateful,1.0,721
StarData,,🚫,,10.0,722
Verbatim,Requires an expression or head to be matched exactly as written,✅,pure,3.0,723
StringQ,Tests if expression is a string,✅,pure,2.0,724
GraphicsGroup,Group of graphics primitives,✅,none,6.0,725
Precision,Returns the number of significant decimal digits,✅,pure,1.0,726
LogIntegral,Logarithmic integral function Li(x) = Ei(ln(x)),✅,pure,1.0,727
Pause,Pauses evaluation for a specified number of seconds,✅,effectful,2.0,728
BinomialDistribution,Binomial probability distribution,✅,none,6.0,729
Checkbox,Interactive checkbox control,✅,none,6.0,730
Band,Specify a band of a matrix,✅,none,6.0,732
QuantityMagnitude,Returns the magnitude of a quantity,✅,pure,9.0,733
HermiteH,Physicist's Hermite polynomial H_n(x),✅,pure,1.0,734
FromCharacterCode,Converts character codes to a string,✅,pure,2.0,735
Div,Compute the divergence of a vector or tensor field (contracts the last index),✅,pure,9.0,736
ToBoxes,Converts an expression to its box form representation for typesetting,✅,pure,3.0,737
CompilationTarget,Option for compilation target,✅,none,8.0,738
Quantile,Compute quantiles of a dataset or distribution (accepts an association by value; optional Quantile parameters as a 2x2 matrix or a plot-point pair),✅,pure,5.0,739
Scan,Applies a function to each element for side effects,✅,pure,1.0,740
GeoGraphics,Creates geographic maps and visualizations,✅,pure,10.0,741
Annotation,Attach an annotation to an expression,✅,none,6.0,742
Short,Short output format,✅,pure,1.0,743
SphericalPlot3D,3D plot in spherical coordinates,✅,pure,6.0,744
ProteinData,,🚫,,7.0,745
CompanyData,,🚫,,10.0,746
Raster,Graphics primitive representing raster image data,✅,none,2.0,747
VertexSize,Option for vertex size in graphs,✅,none,8.0,748
ExpToTrig,Convert exponentials to trigonometric and hyperbolic functions,✅,pure,3.0,749
Enabled,Option for whether a control is enabled,✅,none,6.0,750
Defer,Holds an expression unevaluated; a notebook displays it without the wrapper,✅,pure,6.0,751
LogLogPlot,Plots with logarithmic x and y axes,✅,pure,6.0,754
StringForm,Format a string with placeholder substitution,✅,pure,1.0,754
FrameMargins,Option specifying margins within a frame,✅,none,6.0,755
RandomColor,Generate a random color,✅,none,10.0,756
UniformDistribution,Represents a continuous uniform probability distribution,✅,pure,6.0,757
Variance,Returns the variance of a list or an association's values — exact unless a machine number is among them,✅,pure,5.0,758
ImageResize,Resizes an image to specified dimensions,✅,pure,7.0,759
LineLegend,Legend with line samples,✅,none,9.0,760
ChebyshevU,Chebyshev polynomial of the second kind,✅,pure,1.0,761
WordList,Returns a list of common English words,🚫,io,10.3,762
EdgeList,List of edges in a graph (optionally matching a pattern),✅,pure,8.0,763
Refine,Simplifies expressions and resolves conditions using assumptions (a chained inequality gives both the sign and the numeric bounds),✅,pure,5.0,764
Expression,Type specifier for reading expressions,✅,pure,1.0,765
ColorConvert,Convert colors or images between color spaces (RGB Grayscale CMYK HSB),✅,pure,7.0,766
ReadList,Read a list of items from a file or stream,✅,effectful,1.0,767
LinearModelFit,Fits a linear model to data and returns a FittedModel object — shares the least-squares solver with Fit including its minimum-norm fallback,✅,pure,7.0,768
ExclusionsStyle,Option for styling exclusion lines in plots,✅,none,6.0,769
ConjugateTranspose,Returns the conjugate transpose of a matrix,✅,pure,5.1,770
NullSpace,Returns the null space of a matrix,✅,pure,1.0,771
ImageAdjust,Auto-adjusts image contrast and brightness — an optional {c b} pair or {c b gamma} triple applies gamma correction then brightness then contrast,✅,pure,7.0,772
RandomFunction,Simulates random processes like Wiener and Poisson processes,🚫,io,9.0,773
SplineDegree,Option for the degree of spline interpolation,✅,none,7.0,774
FilledCurve,Filled curve graphics primitive,✅,none,8.0,775
MinorPlanetData,,🚫,,10.0,776
OverVector,Display form with a vector arrow accent,✅,none,6.0,777
BezierCurve,Represents a Bezier curve graphics primitive,✅,pure,7.0,778
MeshShading,Option for alternating shading between mesh lines,✅,none,6.0,779
WhenEvent,Specify events in differential equations,✅,none,9.0,780
Unitize,Returns 0 for zero and 1 for nonzero values,✅,pure,6.0,781
TeXForm,Convert expressions to LaTeX notation — a matrix becomes a parenthesized array; Greek letters carry their macro,✅,pure,1.0,782
Erfc,Returns the complementary error function value,✅,pure,2.0,784
NSum,Numerical approximation of a sum using polynomial extrapolation,✅,pure,1.0,784
Legended,Wrapper to attach a legend to a graphic,✅,none,7.0,785
RotateRight,Rotates list elements to the right,✅,pure,1.0,786
ExportString,Exports an expression to a string in a given format (CSV/TSV/Table/JSON/Lines/Text/String/SVG and image formats); symbolic XML is written back out as markup,✅,pure,4.0,787
Quit,Terminates the kernel session with optional exit code,✅,effectful,1.0,788
BaseForm,Displays numbers in a specified base with subscript notation,✅,pure,1.0,789
Complexes,Domain of complex numbers,✅,none,4.0,790
HypergeometricPFQRegularized,Regularized generalized hypergeometric function,✅,pure,3.0,791
PopupMenu,Interactive popup menu control,✅,none,6.0,792
CharacteristicPolynomial,Compute the characteristic polynomial of a matrix,✅,pure,5.0,793
MatrixMinimalPolynomial,Monic polynomial of least degree that annihilates a matrix,✅,pure,14.3,
NMaximize,Numerical global maximization with constraints using sampling and gradient refinement,✅,pure,5.0,794
IsotopeData,,🚫,,6.0,795
CharacterRange,Returns a list of characters in a range given by single-character strings or by integer character codes (both endpoints must be the same kind),✅,pure,3.0,796
TensorProduct,Tensor product of arrays and symbolic factors,✅,pure,9.0,797
Sinc,Sinc function (Sin[x]/x with Sinc[0]=1),✅,pure,6.0,798
Minus,Subtracts numbers,✅,pure,1.0,800
ReIm,Real and imaginary parts of a complex number,✅,pure,10.1,800
DateString,Formats a date (the current one by default) from named elements including the ISO week date and quarter names,✅,contextual,6.0,802
SphericalRegion,Option specifying spherical region in 3D plots,✅,none,2.0,802
FourierParameters,Option for Fourier transform conventions,✅,none,4.0,803
Check,Evaluates an expression and returns a fallback if messages are generated,✅,pure,1.0,804
BarLegend,Color bar legend for plots,✅,none,9.0,805
ExponentialDistribution,Represents an exponential distribution,✅,pure,6.0,806
MatrixExp,Computes the matrix exponential,✅,pure,2.0,807
ImageResolution,Option for image resolution in DPI,✅,none,3.0,808
ImportString,Imports data from a string (CSV/TSV/Table/JSON/Lines/Words/Text/List/XML) with a {format; element} spec selecting part of the document and trailing rules read as options; a CSV header row is inferred from the column types; an empty document fails for the formats that need rows,✅,pure,4.0,809
RandomGraph,Generate a random graph,✅,contextual,8.0,810
SphericalHarmonicY,Spherical harmonic function Y_l^m(theta phi),✅,pure,1.0,811
TagSet,Defines an evaluated upvalue assignment associated with a tag symbol,✅,stateful,1.0,812
Interpreter,Interprets a string as a typed value (Integer/Real/Number/Boolean/String) or resolves a Country name to an Entity,✅,pure,10.0,813
ConvexHullMesh,Convex hull of a 2D point set as a BoundaryMeshRegion,✅,pure,10.0,814
RevolutionAxis,Option for axis of revolution,✅,none,7.0,815
Above,Placement symbol representing above position,✅,pure,1.0,816
DifferentialD,Differential d notation symbol,✅,none,3.0,819
Image3D,Three-dimensional image — recognised by ImageQ; full pipeline not implemented,🚧,io,9.0,819
FractionalPart,Returns the fractional part of a number,✅,pure,3.0,820
CloudDeploy,Requires external services or GUI infrastructure,🚫,io,10.0,821
HighlightGraph,Returns a graph with the given vertices/edges/subgraphs drawn in the highlight style (red by default; a Style wrapper picks the style per part) expressed as VertexStyle/EdgeStyle rules so the graph itself is unchanged,✅,pure,8.0,822
EventHandler,Handle interactive events,✅,none,6.0,823
Heads,Option for including heads in operations,✅,none,2.0,824
AutorunSequencing,Option controlling autorun sequence of manipulate,✅,none,6.0,826
ToLowerCase,Converts a string to lowercase,✅,pure,2.0,827
ListLogPlot,Plots data with logarithmic y-axis,✅,pure,6.0,828
WolframLanguageData,,🚫,,10.2,830
Query,Successive-level queries over lists and associations,✅,pure,10.0,831
DatePlus,Adds a time increment to a date,✅,pure,6.0,832
Area,Computes the area of geometric regions like Disk Rectangle Triangle and Polygon,✅,pure,10.0,834
Clip,Constrains a value to a range,✅,pure,5.1,834
ParallelTable,Parallel version of Table (evaluated sequentially),✅,pure,7.0,835
ResourceData,,🚫,,11.0,836
Subdivide,Divides a range into equal parts,✅,pure,10.1,837
FindSequenceFunction,Finds a formula for an integer sequence using polynomials exponentials and factorials,✅,pure,7.0,839
ListDensityPlot,Creates a density plot from a list of values or {x y z} triples,✅,pure,1.0,839
Play,Creates a sound object whose amplitude is given by a function of time,✅,None,2.0,840
DiscretizeRegion,Requires external services or GUI infrastructure,🚫,io,10.0,841
ImageMargins,Option for margins around an image,✅,none,3.0,842
ContourLabels,Option for labeling contour lines,✅,none,6.0,843
JordanDecomposition,Jordan decomposition (similarity matrix and Jordan form) of a square matrix,✅,pure,3.0,844
Inner,Generalized inner product,✅,pure,1.0,845
ToCharacterCode,Converts characters to their character codes,✅,pure,2.0,846
Curl,Computes the curl of a vector field,✅,pure,9.0,847
GraphPlot,Forwards to Graph[…] for rendering as Graphics,✅,pure,6.0,849
Texture,Apply a texture to a surface in graphics,✅,none,8.0,849
Hypergeometric2F1Regularized,Regularized hypergeometric 2F1 function,✅,pure,3.0,850
TransformedDistribution,Distribution of a linear transform of a random variable,✅,pure,8.0,851
TrigExpand,Expand trigonometric functions of sums and multiples,✅,pure,3.0,852
RegionIntersection,Region common to several regions,✅,pure,10.0,853
Variables,Returns the variables in a polynomial expression,✅,pure,1.0,854
Antialiasing,Option for antialiasing in graphics,✅,none,6.0,855
FontSlant,Option for font slant style,✅,none,3.0,856
CapForm,Option for line cap form in graphics,✅,none,7.0,857
ColorRules,Option for color rules in visualizations,✅,none,5.1,858
LogPlot,Plots with logarithmic y-axis,✅,pure,6.0,859
ForAll,Universal quantifier,✅,none,5.0,860
Indexed,Indexed element of a symbolic vector,✅,none,10.0,861
Close,Closes an open stream and returns its name,✅,effectful,1.0,863
Trace,Returns a minimal evaluation trace as a two-element list,✅,pure,2.0,863
StreamPoints,Option for number of stream lines in StreamPlot,✅,none,7.0,864
AssociationThread,Association from a list of keys and a matching list of values or one shared value,✅,pure,10.0,865
RealDigits,Returns the digits of a real number,✅,pure,2.0,866
DigitCharacter,Represents a digit character in string patterns,✅,pure,5.1,870
FixedPoint,Applies a function repeatedly until the result no longer changes,✅,pure,1.0,870
QPochhammer,q-Pochhammer symbol; finite QPochhammer[a;q;n]; infinite QPochhammer[a;q]; Euler function QPochhammer[q],✅,pure,7.0,871
DictionaryLookup,Requires external services or GUI infrastructure,🚫,io,6.0,872
EdgeStyle,Option for styling edges in graphs,✅,none,8.0,873
FunctionExpand,Expands special functions into simpler forms,✅,pure,3.0,874
BernoulliB,Returns the nth Bernoulli number (or the nth Bernoulli polynomial in x with the two-argument form),✅,pure,1.0,876
Wronskian,Compute the Wronskian determinant of a list of functions,✅,pure,7.0,876
PlanetData,,🚫,,10.0,877
FunctionDomain,Find the domain of a function,✅,pure,10.0,878
EllipticE,Complete elliptic integral of the second kind E(m),✅,pure,1.0,879
WikipediaData,,🚫,,10.1,880
ArrayPad,Pads an array with elements on each side,✅,pure,7.0,881
Convolve,Symbolic convolution of two expressions over the real line,✅,pure,7.0,882
AircraftData,,🚫,,10.0,883
IntegerPartitions,Returns the integer partitions of n optionally constrained by part count (including Infinity and step forms) and allowed parts,✅,pure,6.0,884
MinMax,Returns the minimum and maximum of a list an association values or an interval,✅,pure,10.1,885
MachinePrecision,Machine-precision number (~15.95 digits),✅,pure,5.0,886
AbsoluteOptions,,🚫,,4.0,888
GraphLayout,,🚫,,8.0,888
Names,Lists symbol names matching a string pattern whose context part selects the context,✅,pure,1.0,889
RotateLabel,,🚫,,2.0,890
TimeZone,,🚫,,2.0,892
InfiniteLine,Geometric primitive representing an infinite line; drawn in Graphics3D clipped to the plot range,✅,none,10.0,893
GegenbauerC,Gegenbauer (ultraspherical) polynomial C_n^lambda(x); two-arg form GegenbauerC[n;x] is the renormalized (2/n) ChebyshevT[n;x],✅,pure,1.0,894
SetterBar,Setter bar control (stays symbolic in script mode),✅,unevaluated,6.0,895
StyleBox,Low-level box construct for styled content display,✅,pure,3.0,896
PadLeft,Pads a list on the left to a given length or nested shape with a cyclically tiled padding array,✅,pure,4.0,897
Counts,Returns association of element counts (on an association counts the values),✅,pure,10.0,898
PaddedForm,Right-aligns numbers (or a list of them) in a field of n digit columns plus a sign column; takes the NumberForm options plus BaseForm[x; b] inner values,✅,pure,2.0,900
TrigToExp,Convert trigonometric and hyperbolic functions to exponentials and inverse functions to logarithms,✅,pure,3.0,900
Triangle,Geometric primitive representing a triangle,✅,none,10.0,901
ListContourPlot,Creates a contour plot from a list of values or {x y z} triples,✅,pure,1.0,902
StringFreeQ,Tests if a string is free of a pattern,✅,pure,5.1,903
Log2,Returns the base-2 logarithm of a number,✅,pure,7.0,904
ProductLog,Lambert W function; principal branch and the real branch k=-1 (two-argument form),✅,pure,3.0,905
KnotData,,🚫,,6.0,906
Invisible,Displays as blank space with the same size as its content,✅,unevaluated,6.0,907
StyleData,,🚫,,3.0,908
NestWhile,Applies a function repeatedly while a condition holds,✅,pure,4.0,909
Depth,Returns the depth of an expression,✅,pure,1.0,911
LogLinearPlot,Plots with logarithmic x-axis,✅,pure,6.0,912
NumberLinePlot,Plots values or intervals on a number line,✅,pure,10.0,913
RuntimeAttributes,,🚫,,8.0,914
Notebook,Requires external services or GUI infrastructure,🚫,io,3.0,915
WordCloud,Creates a word cloud from a list of words,✅,pure,10.1,917
CellPrint,Requires external services or GUI infrastructure,🚫,io,3.0,918
NestWhileList,Returns intermediate results from NestWhile,✅,pure,4.0,920
MaxCellMeasure,,🚫,,10.0,921
RuntimeOptions,,🚫,,8.0,922
StringPosition,Finds all positions of a substring or pattern (overlapping by default; Overlaps and IgnoreCase options); supports the one-argument operator form,✅,pure,2.0,923
Roots,Finds roots of polynomial equations as Or conditions; roots are listed in ascending order (matching Solve) except a pure quadratic x^2==c lists the principal + root first,✅,pure,1.0,924
InputNotebook,Requires external services or GUI infrastructure,🚫,io,3.0,926
ListAnimate,Animation of a list of expressions (stays symbolic in script mode),✅,unevaluated,6.0,926
RegionUnion,Region covered by any of several regions,✅,pure,10.0,927
CloudObject,Requires external services or GUI infrastructure,🚫,io,10.0,928
HarmonicNumber,Returns the n-th harmonic number,✅,pure,4.0,929
WriteString,Write a string to an output stream,✅,effectful,1.0,930
SynchronousUpdating,,🚫,,6.0,931
Diagonal,Extract diagonal of a matrix,✅,pure,6.0,932
IntegerString,Converts an integer to a string in a given base,✅,pure,6.0,933
FontTracking,,🚫,,3.0,935
MeshRegion,Mesh region built from coordinates and cells; measured and read like any other region,✅,pure,10.0,935
ScalingFunctions,,🚫,,8.0,936
ChartElementFunction,,🚫,,7.0,937
ComponentMeasurements,Measure labelled components of a label matrix (Count Area Label),✅,pure,8.0,938
PolynomialMod,Reduces a polynomial modulo m (a number reduces the coefficients; a polynomial divides and leaves the remainder; a list reduces modulo the ideal they generate),✅,pure,2.0,939
RegionMember,Tests whether a point lies in a region (Disk/Ball/Circle/Sphere/Rectangle/Triangle/Polygon),✅,pure,10.0,940
Cycles,Permutation cycle notation wrapper,✅,none,8.0,941
EdgeWeight,,🚫,,8.0,942
LegendreQ,Legendre function of the second kind Q_n(x),✅,pure,1.0,943
Unique,Generate a unique symbol,✅,effectful,1.0,944
PoissonDistribution,Represents a Poisson distribution,✅,pure,6.0,945
SpanFromLeft,Grid element that merges into the cell on its left,✅,none,6.0,946
Exists,Represents the existential quantifier,✅,1,5.0,948
NotebookRead,Requires external services or GUI infrastructure,🚫,io,3.0,948
Level,Extracts subexpressions at a level specification where a negative level names parts of that depth,✅,pure,1.0,950
StringDrop,Removes a substring from a string; only span specifications are accepted,✅,pure,2.0,950
MeshCoordinates,Coordinates of a mesh region,✅,pure,10.0,951
MousePosition,Requires external services or GUI infrastructure,🚫,io,6.0,952
Expectation,Compute expected value of a function of a random variable,✅,pure,8.0,954
TrigReduce,Reduce products and powers of trig functions to sums,✅,pure,3.0,954
PreIncrement,Increments a variable by 1 and returns the new value,✅,stateful,1.0,955
DisplayForm,Wrapper that causes box expressions to be rendered visually,✅,pure,3.0,956
TransferFunctionModel,Requires external services or GUI infrastructure,🚫,io,8.0,957
Shortest,Pattern wrapper that tries the shortest match first — the default for both string and expression sequences,✅,pure,6.0,958
Region,Represents a geometric region and renders it as a plot (Point/Line/Circle/Disk/Rectangle/Triangle/Polygon/RegularPolygon/MeshRegion in 2D; Ball/Sphere/Cuboid/Cylinder/Cone/Polygon in 3D; Style[reg + directives] applies styling),✅,pure,11.1,959
EdgeDetect,Detects edges by thinning the derivative-of-Gaussian gradient to single-pixel ridges,✅,pure,8.0,962
JacobiP,Jacobi polynomial,✅,pure,1.0,962
VectorAngle,Angle between two vectors,✅,pure,6.0,962
CoefficientArrays,Returns sparse arrays of polynomial coefficients indexed by total degree,✅,pure,5.0,964
SubscriptBox,Represents a subscript box for typesetting,✅,pure,3.0,964
ArrayReshape,Reshapes a list into specified dimensions,✅,pure,9.0,965
Key,Operator form for extracting values from associations by key,✅,none,10.0,966
ProbabilityDistribution,Defines a custom probability distribution,✅,1,8.0,967
MeshCells,Cells of a mesh region of a given dimension as index primitives,✅,pure,10.0,968
VertexStyle,Option for styling vertices in graphs,✅,none,8.0,969
OverHat,Display form with a hat accent,✅,none,6.0,970
ListLogLogPlot,Plots data with logarithmic x and y axes,✅,pure,6.0,971
SetAccuracy,Set every numeric leaf of an expression to a fixed accuracy (precision = accuracy + Log10[|x|] per leaf),✅,pure,2.0,972
NotebookWrite,Requires external services or GUI infrastructure,🚫,io,3.0,974
ByteCount,Count bytes used internally to store an expression,✅,pure,1.0,975
Ramp,Returns the ramp function (max of 0 and x),✅,pure,11.0,976
ParametricNDSolveValue,,🚫,,9.0,977
SuperStar,Display form with a superscript star,✅,none,6.0,979
Abort,Aborts evaluation,✅,effectful,2.0,980
GammaDistribution,Gamma probability distribution,✅,pure,6.0,981
FrontEndExecute,Requires external services or GUI infrastructure,🚫,io,3.0,982
ScientificForm,Displays number in scientific notation,✅,pure,1.0,983
LocatorPane,Draggable locator over a graphic; renders as an interactive 2D pane,✅,unevaluated,6.0,984
DirectedEdges,Option saying whether graph edges are drawn as arrows,✅,none,6.0,986
ViewVertical,,🚫,,2.0,986
StyleDefinitions,,🚫,,3.0,987
RoundingRadius,,🚫,,7.0,988
Ball,Geometric primitive representing a ball (filled sphere); drawn in Graphics and Graphics3D; a list of centres draws one ball per centre,✅,none,10.0,989
FormBox,,🚫,,3.0,991
RegionDifference,Region left after removing one region from another,✅,pure,10.0,991
UpSetDelayed,Assign delayed upvalues to symbols appearing in the LHS,✅,side_effect,1.0,992
Hypergeometric1F1,Kummer confluent hypergeometric function 1F1(a; b; z),✅,pure,1.0,993
SuperscriptBox,Low-level box construct for superscript display,✅,pure,3.0,994
Erfi,Returns the imaginary error function value,✅,pure,1.0,995
NeumannValue,,🚫,,10.0,996
Activate,Replaces Inactive[f] wrappers with the active function f and evaluates,✅,pure,10.0,997
Lookup,Looks up a key in an association; supports the operator form Lookup[key][assoc],✅,pure,10.0,998
ComplexListPlot,Plots complex numbers as points in the complex plane,✅,pure,12.0,999
SplitBy,Splits list at boundaries where a function changes value,✅,pure,7.0,1000
SphericalBesselJ,Spherical Bessel function of the first kind,✅,pure,6.0,1001
BoxWhiskerChart,Creates a box-and-whisker chart from data,✅,pure,8.0,1002
GridGraph,Constructs an m by n grid graph,✅,pure,8.0,1005
ToUpperCase,Converts a string to uppercase,✅,pure,2.0,1005
ViewAngle,Option specifying the camera field of view for 3D graphics,✅,pure,6.0,1005
ChartLegends,Specifies legend labels for chart elements,✅,pure,7.0,1006
SystemOpen,Requires external services or GUI infrastructure,🚫,io,7.0,1007
TemporalData,Represents temporal data and builds a time series from values and a date specification,✅,pure,9.0,1008
Parallelization,,🚫,,8.0,1009
Dispatch,Optimized rule dispatch for pattern matching,✅,none,2.0,1010
TranslationTransform,Creates an affine translation transformation,✅,none,6.0,1011
TagBox,Low-level box construct that associates a tag with box content,✅,pure,3.0,1012
Divisible,Tests if one number is divisible by another,✅,pure,6.0,1013
PlusMinus,Symbolic plus-or-minus operator with Unicode display,✅,none,3.0,1014
Callout,Annotates a plot element with a label,✅,pure,11.0,1015
MeshPrimitives,Cells of a mesh region of a given dimension with their coordinates,✅,pure,10.0,1016
CircleTimes,Symbolic tensor product operator with Unicode display,✅,pure,3.0,1017
VectorPlot3D,Creates a 3D vector field plot,✅,pure,7.0,1018
RandomPoint,,🚫,,10.2,1020
TemplateBox,,🚫,,7.0,1020
ExpressionCell,Requires external services or GUI infrastructure,🚫,io,6.0,1021
StartOfString,Represents the start of a string in string patterns,✅,1,5.1,1022
SameTest,,🚫,,2.0,1024
Below,Symbol for below alignment,✅,pure,1.0,1025
PlanetaryMoonData,,🚫,,10.0,1026
ToRules,Convert logical equation combinations to lists of rules,✅,pure,1.0,1027
Context,Returns the context a symbol belongs to; Context[] gives the current one,✅,pure,1.0,1029
Placeholder,,🚫,,7.0,1029
StudentTDistribution,Represents a Student t-distribution with nu degrees of freedom,✅,1,6.0,1030
AppearanceElements,Option specifying which interface elements appear,✅,pure,6.0,1031
TimesBy,Multiplies a variable by a value,✅,stateful,1.0,1032
Merge,Merges associations using a combining function,✅,pure,10.0,1033
Colorize,Colorize a label matrix or image,✅,,8.0,1035
NumberPadding,Option for the NumberForm family giving the pad strings as {left; right} or a single string for the integer field only,✅,pure,2.0,1035
ImageMultiply,Multiplies pixel values of two images pointwise,✅,pure,7.0,1038
TimeSeries,Represents a time series of values paired with time stamps,✅,pure,10.0,1038
VectorPoints,,🚫,,7.0,1039
NextPrime,Returns the smallest prime greater than n (Listable),✅,pure,6.0,1040
PreDecrement,Decrements a variable by 1 and returns the new value,✅,stateful,1.0,1041
MultinormalDistribution,Multivariate normal distribution (PDF for diagonal covariance plus numeric bivariate CDF Mean Covariance Variance),✅,pure,8.0,1042
UnitBox,Unit box function (1 for |x| <= 1/2),✅,pure,7.0,1043
Today,Returns a DateObject representing the current date,✅,contextual,10.0,1044
ClippingStyle,,🚫,,6.0,1046
Del,Symbolic nabla operator with Unicode display,✅,none,3.0,1046
Resolve,Quantifier elimination for univariate and additively separable multivariate polynomial formulas,✅,pure,5.0,1047
MorphologicalComponents,Label connected foreground components of an array,✅,pure,7.0,1048
Wedge,Symbolic wedge product operator with Unicode display,✅,pure,3.0,1049
SumConvergence,Tests convergence of infinite sums (rational geometric alternating and factorial terms),✅,pure,7.0,1050
TextAlignment,,🚫,,3.0,1051
InterpolatingPolynomial,Polynomial that interpolates given data points,✅,pure,2.0,1052
LeafCount,Returns the number of leaves in an expression,✅,pure,1.0,1054
PrependTo,Prepends an element to a list stored in a variable; a target without a value reports ::rvalue,✅,stateful,1.0,1054
AdjacencyMatrix,Builds adjacency matrix from a graph,✅,none,8.0,1055
BinormalDistribution,Bivariate normal distribution; supports PDF Mean Variance StandardDeviation and Covariance,✅,pure,3.0,1056
EdgeLabels,,🚫,,8.0,1057
BarOrigin,,🚫,,7.0,1058
Label,Label for Goto targets,✅,pure,1.0,1059
HammingDistance,Returns the number of positions where two equal-length strings differ,✅,pure,6.0,1060
BetaDistribution,Represents a beta probability distribution with parameters a and b,✅,1,6.0,1061
CompleteGraph,Generates a complete graph on n vertices or a complete multipartite graph from group sizes,✅,none,8.0,1062
Catenate,Concatenates a list (or association) of lists or associations into one list,✅,pure,10.0,1063
SplineKnots,,🚫,,7.0,1064
StirlingS1,Returns the Stirling number of the first kind,✅,pure,1.0,1065
ClebschGordan,Clebsch-Gordan angular momentum coupling coefficient,✅,pure,2.0,1066
EvaluationMonitor,Option whose expression is evaluated at every point sampled by Plot or NIntegrate,✅,pure,5.0,1067
NumberString,String pattern matching numeric strings,✅,none,5.1,1068
Uncompress,Decompresses a string from Compress,✅,pure,6.0,1069
CreateDocument,,🚫,,6.0,1071
Now,Returns the current date and time,✅,contextual,10.0,1071
Continue,Continues to next loop iteration,✅,pure,1.0,1072
EulerPhi,Returns Euler's totient function,✅,pure,1.0,1073
Distribute,Distribute one operator over another,✅,pure,1.0,1074
AtomQ,Tests if expression is an atom (not a compound expression),✅,pure,1.0,1075
VertexTextureCoordinates,,🚫,,8.0,1076
BarSpacing,,🚫,,7.0,1077
WeierstrassP,Weierstrass elliptic function,✅,pure,1.0,1078
StateSpaceModel,Symbolic state-space control system object consumed by ObservabilityMatrix/ControllabilityMatrix,✅,unevaluated,8.0,1079
LCM,Returns the least common multiple of integers and rationals (and Gaussian integers),✅,pure,1.0,1080
Predict,,🚫,,10.0,1081
RomanNumeral,Converts an integer to a Roman numeral string,✅,pure,10.2,1082
FourierTrigSeries,,🚫,,7.0,1085
LabelingFunction,Option specifying how chart and plot elements are labeled,✅,pure,7.0,1085
MaxMemoryUsed,Peak memory usage in the current session,✅,pure,1.0,1085
TextData,,🚫,,8.0,1086
Classify,,🚫,,10.0,1087
Whitespace,Represents whitespace characters in string patterns,✅,1,5.1,1088
PatternSequence,Represents a sequence of patterns spliced into the enclosing arguments (also as a named or repeated group),✅,pure,6.0,1089
PiecewiseExpand,Expands functions and nested cases to a single Piecewise,✅,pure,5.1,1090
ImageAdd,Adds pixel values of two images pointwise,✅,pure,7.0,1091
OwnValues,Returns the own values of a symbol,✅,pure,2.0,1092
EstimatedDistribution,,🚫,,8.0,1093
SplineWeights,,🚫,,7.0,1094
Histogram3D,,🚫,,7.0,1096
ImageCrop,Trims uniform borders or crops an image to a given size and side,✅,pure,7.0,1097
StringTrim,Removes whitespace from the beginning and end of a string,✅,pure,7.0,1098
SubtractFrom,Subtracts a value from a variable,✅,stateful,1.0,1099
EntityList,Lists all entities of a given type,✅,pure,10.0,1100
FieldSize,,🚫,,6.0,1102
LogNormalDistribution,Represents a log-normal distribution,✅,1,6.0,1102
UpperTriangularize,Zero out elements below a diagonal,✅,pure,7.0,1103
Moment,Raw statistical moment of a list or distribution,✅,pure,8.0,1104
SymbolName,Returns the name of a symbol as a string,✅,pure,3.0,1105
Goto,Jumps to a Label,✅,pure,1.0,1106
AdjacencyGraph,Creates a graph from an adjacency matrix,✅,1,8.0,1107
LerchPhi,Lerch transcendent special function,✅,pure,1.0,1108
StringReverse,Reverses the characters in a string,✅,pure,2.0,1109
ListConvolve,Discrete convolution of two lists with optional overhang cyclic or list padding and generalized operations,✅,pure,4.0,1110
EllipticF,Incomplete elliptic integral of the first kind F(phi m),✅,pure,1.0,1111
LUDecomposition,LU decomposition with partial pivoting,✅,pure,3.0,1112
TargetFunctions,,🚫,,3.0,1113
DivisorSigma,Returns the sum of k-th powers of divisors,✅,pure,1.0,1114
LogGamma,Logarithm of the gamma function,✅,pure,2.0,1116
Surd,Returns the real-valued nth root,✅,pure,9.0,1116
MemoryInUse,Current memory usage of the process,✅,pure,1.0,1117
ParallelEvaluate,,🚫,,7.0,1118
ListPolarPlot,Plots data in polar coordinates,✅,pure,6.0,1119
PositionIndex,Maps each distinct value to the positions or keys where it occurs,✅,pure,10.0,1120
AnimationRate,,🚫,,6.0,1122
HoldAllComplete,Attribute that prevents all evaluation,✅,1,3.0,1122
Blur,Applies Gaussian blur to an image,✅,pure,7.0,1124
CirclePoints,Gives equally spaced points on a circle,✅,pure,10.1,1126
NetChain,,🚫,,11.0,1126
FiniteGroupData,,🚫,,7.0,1127
Factorial2,Returns the double factorial,✅,pure,1.0,1128
ListCorrelate,Discrete cross-correlation of two lists with optional overhang cyclic or list padding and generalized operations,✅,pure,4.0,1129
After,,🚫,,3.0,1130
IntegerLength,Returns the number of digits in an integer,✅,pure,6.0,1132
StirlingS2,Returns the Stirling number of the second kind,✅,pure,1.0,1133
BlockRandom,Evaluates an expression with the random number generator localized so any SeedRandom inside does not affect the outer random sequence,✅,pure,6.0,1134
Correlation,Pearson correlation of two lists; of one data matrix gives the correlation matrix of its columns; of a multivariate distribution gives its normalized covariance matrix,✅,pure,6.0,1135
SwatchLegend,Inert legend description with color swatches consumed by Legended (produced by PeriodicTablePlot property coloring),✅,pure,9.0,1136
TreeForm,Display an expression as a tree structure,✅,pure,1.0,1138
UpdateInterval,,🚫,,6.0,1138
EmpiricalDistribution,Empirical distribution from data (exact weights via DataDistribution),✅,pure,8.0,1139
NotebookSelection,,🚫,,3.0,1141
CellTags,,🚫,,3.0,1142
FractionBox,Low-level box construct for fraction display,✅,pure,3.0,1143
Magnification,,🚫,,3.0,1145
Refresh,Returns its first argument evaluated; the update-interval options only matter in a Dynamic FrontEnd context,✅,pure,6.0,1145
KelvinBer,Kelvin ber function (real part of BesselJ on a rotated argument),✅,pure,6.0,1146
NetTrain,,🚫,,11.0,1147
SinIntegral,Sine integral Si(z),✅,pure,2.0,1148
DiscretizeGraphics,,🚫,,10.0,1149
GroebnerBasis,Reduced lexicographic Groebner basis over the rationals,✅,pure,2.0,1150
LegendMarkerSize,,🚫,,9.0,1151
Subsuperscript,Subsuperscript notation wrapper (stays symbolic),✅,unevaluated,3.0,1152
KelvinBei,Kelvin bei function (imaginary part of BesselJ on a rotated argument),✅,pure,6.0,1153
CubeRoot,Returns the real-valued cube root,✅,pure,9.0,1154
ContinuousAction,Option for continuous action during interactive manipulation,✅,pure,6.0,1155
Overlay,Displays a collection of items overlaid on top of each other,✅,pure,8.0,1156
Permissions,,🚫,,10.0,1157
CirclePlus,Represents the direct sum or XOR operator,✅,pure,3.0,1158
TableAlignments,,🚫,,2.0,1159
PrincipalValue,Represents Cauchy principal value,✅,1,3.0,1160
OrderedQ,Tests if a list is in canonical order,✅,pure,1.0,1162
Put,Write expressions to a file,✅,effectful,1.0,1162
DockedCells,,🚫,,6.0,1164
WindowSize,,🚫,,3.0,1164
ValueQ,Tests if a symbol has a value assigned,✅,pure,1.0,1165
MovingAverage,Computes the moving average of a list,✅,1,6.0,1166
PolynomialQ,Tests whether an expression is a polynomial,✅,pure,1.0,1167
AppellF1,Appell hypergeometric function F1(a b1 b2; c; x y),✅,pure,4.0,1168
Glow,Graphics directive for glow effect,✅,1,6.0,1169
Cone,3D cone graphics primitive,✅,none,7.0,1170
DistanceFunction,Option naming the metric a nearest-neighbour or clustering function measures with,✅,pure,6.0,1171
IgnoreCase,,🚫,,2.0,1172
GaussianFilter,Gaussian filter for images and arrays,✅,pure,7.0,1173
FixedPointList,Returns the list of results from applying a function repeatedly until fixed point,✅,pure,2.0,1174
EdgeShapeFunction,Option giving the function that draws each edge of a graph plot,✅,none,8.0,1175
BSplineFunction,Evaluate B-spline curves and surfaces from control points using de Boor algorithm,✅,pure,7.0,1176
VertexShapeFunction,Option naming the shape each vertex of a graph is drawn as,✅,none,8.0,1177
CosIntegral,Cosine integral Ci(z),✅,pure,2.0,1178
VertexRenderingFunction,Option giving the function that draws each vertex of a graph plot,✅,none,6.0,1179
GeoListPlot,,🚫,,10.0,1180
Volume,Volume (3-dimensional measure) of a solid region,✅,pure,2.0,1180
TimeConstrained,Runs computation with time limit (no-op in Woxi),✅,effectful,1.0,1182
VectorStyle,,🚫,,7.0,1182
Monitor,,🚫,,6.0,1183
ImagePad,Pads an image on each side with a constant fill or edge extension,✅,pure,7.0,1184
ChiSquareDistribution,Represents a chi-square distribution,✅,1,6.0,1186
ListInterpolation,Creates interpolation from uniformly spaced data (2-D coordinates may be given as separate arguments or as one list),✅,pure,3.0,1186
FindShortestPath,Find a shortest weighted path between two vertices of a graph,✅,pure,8.0,1187
SetSystemOptions,,🚫,,6.0,1189
GeoRange,,🚫,,10.0,1190
Orthogonalize,Orthonormalizes a set of vectors via Gram-Schmidt,✅,pure,6.0,1191
AnatomyData,,🚫,,10.3,1192
FresnelS,Returns the Fresnel sine integral,✅,pure,3.0,1193
CometData,,🚫,,10.0,1195
HighlightImage,,🚫,,9.0,1195
Subgraph,Induced subgraph on given vertices (keeps the given vertex order),✅,pure,8.0,1197
FindClusters,Partitions data into clusters,✅,unevaluated,6.0,1198
OpenWrite,Opens a file for writing,✅,effectful,1.0,1199
SmoothHistogram,,🚫,,8.0,1200
Manipulator,Manipulator control element (stays symbolic in script mode),✅,unevaluated,6.0,1201
EndOfString,Represents the end of a string in string patterns,✅,1,5.1,1202
ParallelMap,Applies a function in parallel to each element,✅,1,7.0,1204
ButtonData,,🚫,,3.0,1205
Evaluator,,🚫,,3.0,1206
DateDifference,Difference between two dates,✅,pure,6.0,1208
FresnelC,Returns the Fresnel cosine integral,✅,pure,3.0,1208
PathGraph,Creates a path graph from a list of vertices,✅,1,8.0,1209
DateRange,Generate the list of dates between two dates with a given increment,✅,pure,9.0,1210
ToRadicals,Attempts to express in terms of radicals,✅,pure,3.0,1211
LowerTriangularize,Zero out elements above a diagonal,✅,pure,7.0,1212
BitAnd,Returns the bitwise AND of integers,✅,pure,4.0,1213
ImageCompose,Overlays one image on another,✅,pure,7.0,1214
Order,Returns the canonical ordering of two expressions (products compare from their last factor backwards so a symbolic leading factor acts as a coefficient),✅,pure,1.0,1216
ReplaceList,Returns a list of all results from applying a rule to an expression in every distinct way it matches,✅,pure,3.0,1216
SixJSymbol,Wigner 6-j symbol,✅,pure,2.0,1217
LinearLayer,,🚫,,11.0,1218
CellMargins,,🚫,,3.0,1219
Minors,Matrix minors (determinants of submatrices),✅,pure,1.0,1221
VoronoiMesh,Voronoi tessellation mesh from 2D points,✅,pure,10.0,1221
UpTo,Represents a limit specification,✅,1,10.3,1222
ChartLayout,,🚫,,7.0,1223
BinCounts,Counts data points in equal-width bins,✅,pure,6.0,1225
VertexCount,Returns the number of vertices in a graph (optionally matching a pattern),✅,pure,8.0,1225
LetterCharacter,String pattern for letter characters,✅,1,5.1,1226
FormatType,Option for output format type,✅,pure,1.0,1227
BitXor,Returns the bitwise XOR of integers,✅,pure,4.0,1228
AiryAi,Airy function of the first kind Ai(x),✅,pure,1.0,1230
ParametricNDSolve,,🚫,,9.0,1231
AllTrue,Checks if all elements in a list are true,✅,pure,10.0,1232
Editable,Editable display option wrapper (stays symbolic),✅,unevaluated,3.0,1233
MoebiusMu,Returns the Möbius function value,✅,pure,1.0,1235
FinancialDerivative,,🚫,,8.0,1236
Setter,Setter control element (stays symbolic in script mode),✅,unevaluated,6.0,1237
GraphicsColumn,Arranges graphics in a vertical column,✅,pure,6.0,1239
MakeExpression,Parse a string into a held (unevaluated) expression,✅,pure,3.0,1239
BoundaryDiscretizeRegion,,🚫,,10.0,1240
StringRiffle,Joins a list of strings with a separator,✅,pure,10.1,1241
HurwitzZeta,Hurwitz zeta function Sum 1/(k+a)^s,✅,pure,7.0,1242
Clock,,🚫,,6.0,1244
SeriesData,Represents a power series expansion,✅,pure,1.0,1244
GridBox,Low-level box construct for grid/table display,✅,pure,3.0,1245
Write,Write expressions to an output stream in OutputForm,✅,effectful,1.0,1246
SmoothKernelDistribution,,🚫,,8.0,1247
OceanData,,🚫,,10.0,1248
MaximalBy,Returns elements that maximize a criterion,✅,pure,10.0,1249
InverseCDF,Inverse cumulative distribution function (quantile) of a distribution,✅,pure,6.0,1251
StringTemplate,Creates a template that fills slots from positional or named arguments,✅,pure,10.0,1251
TimeObject,Represents a time of day with a granularity from a time-of-day list,✅,pure,10.0,1252
ParetoDistribution,Pareto distribution with optional location and shape parameters,✅,pure,6.0,1254
Read,Read an object of a specified type from a stream,✅,effectful,1.0,1254
EdgeCount,Returns the number of edges in a graph (optionally matching a pattern),✅,pure,8.0,1256
Transparent,,🚫,,7.0,1256
OutputResponse,,🚫,,8.0,1257
RandomComplex,Gives a pseudorandom complex number in a rectangular region,✅,effectful,6.0,1258
Random,Legacy pseudorandom generator (wraps RandomReal/RandomInteger/RandomComplex),✅,effectful,1.0,1258
Hypergeometric0F1,Confluent hypergeometric limit function,✅,pure,1.0,1259
Longest,Pattern wrapper that tries the longest match first; transparent around anything that is not a sequence,✅,pure,6.0,1261
BetaRegularized,Regularized incomplete beta function I_z(a b),✅,pure,2.0,1263
Gather,Groups identical elements together (optional custom equivalence test),✅,pure,7.0,1264
MapAll,Apply a function to every subexpression,✅,pure,1.0,1265
HurwitzLerchPhi,Hurwitz-Lerch transcendent sum of z^k over (k+a)^s,✅,pure,7.0,1267
WienerProcess,Wiener process with Normal time slices,✅,unevaluated,9.0,1268
FindShortestTour,,🚫,,6.0,1269
Null,Null expression producing no output,✅,pure,1.0,
Indeterminate,Represents a numerical result of unknown magnitude — absorbs arithmetic and compares to nothing,✅,pure,1.0,
Infinity,Positive infinity constant,✅,pure,1.0,
ComplexInfinity,Complex infinity constant,✅,pure,1.0,
DirectedInfinity,Represents a directed infinity whose direction propagates through sums products and powers,✅,pure,1.0,1270
StringCount,Counts occurrences of a pattern in a string (threading over a list of strings; supports the Overlaps and IgnoreCase options),✅,pure,5.1,1271
ImageApply,Applies a function to each pixel of an image,✅,pure,7.0,1272
BernoulliDistribution,Represents a Bernoulli distribution,✅,pure,6.0,1274
PodStates,,🚫,,8.0,1274
HypergeometricU,Confluent hypergeometric function of the second kind,✅,pure,1.0,1275
NetPort,,🚫,,11.0,1278
OpenRead,Opens a file for reading,✅,effectful,1.0,1278
StreamScale,,🚫,,7.0,1278
GammaRegularized,Regularized upper incomplete gamma function Q(a z),✅,pure,2.0,1279
FrontEndTokenExecute,,🚫,,4.0,1280
GeoNearest,Nearest country containing or closest to a geo position,✅,pure,10.0,1281
GenerateConditions,Option for generating conditions in results,✅,1,3.0,1282
SingularValueDecomposition,Computes the singular value decomposition of a matrix,✅,None,5.0,1283
CloudGet,,🚫,,10.0,1284
ImageTake,Takes a rectangular region from an image,✅,pure,7.0,1285
CanonicalName,,🚫,,10.0,1286
VertexDegree,Returns the degree of vertices in a graph,✅,1,8.0,1287
OverTilde,Displays expression with tilde above,✅,1,6.0,1288
ReliefPlot,,🚫,,6.0,1289
TableSpacing,,🚫,,2.0,1290
FindDivisions,Finds nice numbers dividing an interval into about n equal parts,✅,pure,7.0,1291
FileExistsQ,Tests whether a file or directory exists,✅,2,7.0,1293
FrontEndToken,,🚫,,3.0,1293
GeometricMean,Returns the geometric mean of a list or an association's values,✅,pure,6.0,1294
TextWords,Split text into a list of words (surrounding punctuation trimmed; internal hyphens/apostrophes kept); two-arg form returns the first n words,✅,pure,10.1,1295
WindowTitle,,🚫,,3.0,1296
CurrentImage,,🚫,,8.0,1298
Equivalent,Logical equivalence,✅,pure,7.0,1298
Dilation,Morphological dilation by a scalar radius or a structuring-element matrix,✅,pure,7.0,1299
JacobiAmplitude,Amplitude for Jacobi elliptic functions,✅,pure,1.0,1300
RegionBoundary,,🚫,,10.0,1301
FormFunction,,🚫,,10.0,1303
GeneratedCell,,🚫,,3.0,1303
StreamStyle,,🚫,,7.0,1304
MaxValue,Global symbolic maximum value of a function over variables with optional constraints and an optional Reals or Integers domain,✅,pure,7.0,1305
KeyValueMap,Maps a function over key-value pairs; supports the operator form KeyValueMap[f][assoc],✅,pure,10.1,1306
KelvinKei,Kelvin kei function (imaginary part of e^(-Pi I/2) BesselK on a rotated argument),✅,pure,6.0,1307
TabView,Tabbed view control (stays symbolic in script mode),✅,unevaluated,6.0,1308
SinhIntegral,Hyperbolic sine integral Shi(z),✅,pure,3.0,1309
KelvinKer,Kelvin ker function (real part of e^(-Pi I/2) BesselK on a rotated argument),✅,pure,6.0,1310
ComplexPlot3D,Plot the modulus of a complex function as a 3D surface over the complex plane,✅,pure,12.0,1311
ControlActive,Represents an object displayed differently while a control is actively manipulated,✅,pure,6.0,1312
ButtonBox,,🚫,,3.0,1313
RegionDistance,Shortest distance from a point to a region (Point/Line/Disk/Ball/Circle/Sphere/Rectangle/Triangle/Polygon),✅,pure,10.0,1314
FirstPosition,First position Position reports for a pattern; the head of an expression sits at position {0},✅,pure,10.0,1317
FourierSeries,,🚫,,7.0,1317
Inactivate,Wraps every head in an expression with Inactive so it is held unevaluated,✅,pure,10.0,1317
RealAbs,Returns the absolute value assuming real input,✅,pure,11.1,1318
Deploy,Deploy display wrapper (stays symbolic in script mode),✅,unevaluated,6.0,1320
RegionMeasure,Measure of a region's intrinsic dimension (length/area/volume),✅,pure,2.0,1320
HistogramList,Returns bin edges and counts for histogram data,✅,pure,8.0,1322
WeibullDistribution,Weibull probability distribution,✅,pure,6.0,1322
Front,,🚫,,6.0,1324
GeoDisk,Filled geodesic disk primitive for GeoGraphics,✅,pure,10.0,1324
Orderless,Attribute for commutative functions,✅,pure,1.0,1325
JuliaSetPlot,,🚫,,10.0,1326
ListStepPlot,Plots data as a step function,✅,pure,10.2,1327
Larger,Font size directive for making text larger,✅,none,6.0,1328
AngleBracket,Symbolic representation of angle brackets,✅,,3.0,1329
GeoPath,Geographic path primitive for GeoGraphics,✅,pure,10.0,1330
MixtureDistribution,Mixture of component distributions with given weights; Mean Variance PDF and CDF combine the components,✅,pure,8.0,1331
RemoveBackground,,🚫,,10.0,1332
Hash,Hash of a string or of a ByteArray's bytes using MD2/MD4/MD5/SHA/SHA224/SHA256/SHA384/SHA512/SHA3-224/SHA3-256/SHA3-384/SHA3-512/Keccak256/RIPEMD160/RIPEMD160SHA256/CRC32/Adler32,✅,pure,1.0,1333
DeleteSmallComponents,Zero out label-matrix components with few pixels,✅,pure,8.0,1334
DeleteMissing,Delete Missing elements from a list or pairs with a missing value from an association,✅,pure,10.0,1338
GalaxyData,,🚫,,10.0,1338
PutAppend,Append expressions to a file,✅,effectful,1.0,1338
ZetaZero,,✅,,6.0,1338
Echo,Prints and returns an expression,✅,effectful,10.3,1339
ConstellationData,,🚫,,10.0,1342
Directory,Current working directory,✅,effectful,2.0,1342
Hypergeometric1F1Regularized,Regularized confluent hypergeometric function 1F1(a b z)/Gamma(b),✅,pure,3.0,1342
DistributionFitTest,,🚫,,8.0,1343
DiskMatrix,Gives the disk (L2-ball) structuring element for a scalar radius or list of radii (n-D),✅,pure,7.0,1345
ExtentSize,,🚫,,8.0,1345
CoshIntegral,Hyperbolic cosine integral Chi(z),✅,pure,3.0,1347
SampleRate,Option specifying the number of samples per second in a sound or audio object,✅,none,2.0,1347
LegendLayout,,🚫,,9.0,1348
CentralMoment,Computes the k-th central moment of a list distribution or (column-wise) matrix,✅,pure,6.0,1349
FaceGrids,Option for Graphics3D specifying grid lines on bounding box faces,✅,pure,2.0,1351
GeoDistance,Geodesic distance between two geo positions as a Quantity,✅,pure,7.0,1351
PolynomialRemainder,Remainder of polynomial division,✅,pure,1.0,1353
Signature,Sign of the permutation that canonically sorts the parts of any non-atomic expression (0 if any are equal),✅,pure,1.0,1353
CForm,Format expression as C code with C operator spellings and Complex(re im) numbers,✅,pure,1.0,1354
Permute,Permute the elements of any expression by a permutation,✅,pure,8.0,1355
Padding,Option specifying padding scheme for array and image operations,✅,pure,7.0,1357
UnitVector,Generate a unit vector with a 1 at a specified position,✅,pure,6.0,1357
DeleteFile,Delete a file from the filesystem,✅,effectful,2.0,1359
StruveH,Struve function H_n(z); elementary closed form at order +-1/2 and +-3/2; numeric for inexact args,✅,pure,4.0,1360
EllipticPi,Elliptic integral of the third kind,✅,pure,1.0,1362
LibraryFunctionLoad,Load a compiled library function for use in the Wolfram Language,🚫,,8.0,1362
Hypergeometric0F1Regularized,Regularized confluent hypergeometric limit function,✅,pure,3.0,1363
Cells,Represent cells in a notebook,✅,pure,9.0,1364
PointLegend,Legend showing labeled points for plots,✅,pure,9.0,1365
GraphEmbedding,Compute vertex coordinates for graph layouts using circular embedding,✅,pure,9.0,1367
Run,Runs an external command,✅,effectful,1.0,1367
ThermodynamicData,,🚫,,10.0,1368
PossibleZeroQ,Tests if an expression is possibly zero,✅,pure,6.0,1369
BezierFunction,Evaluate Bezier curves from control points using de Casteljau algorithm,✅,pure,7.0,1371
LegendLabel,Option for specifying legend labels in plots,✅,none,9.0,1371
BesselJZero,Compute zeros of the Bessel function J_n using bisection and Newton method,✅,pure,6.0,1375
DiscretePlot3D,3D surface plot at discrete integer grid points,✅,none,8.0,1375
EllipticThetaPrime,Derivative of Jacobi theta function with respect to z,✅,pure,3.0,1375
MonomialList,Monomials of a polynomial listed in a monomial order (lexicographic by default),✅,pure,7.0,1375
ComplexPlot,Domain coloring visualization of a complex function,✅,pure,12.0,1377
RegionCentroid,Compute the centroid of a geometric region,✅,pure,10.0,1377
APIFunction,Create a web API from a function,🚫,io,10.0,1379
Flat,Attribute for associative functions,✅,pure,1.0,1379
ContinuedFraction,Returns the continued fraction representation; the n-term form truncates or warns (incomp) when fewer terms are available,✅,pure,4.0,1381
Projection,Projection of a vector u onto v optionally using a custom inner product f as Projection[u v f],✅,pure,6.0,1381
AiryBi,Airy function of the second kind Bi(x),✅,pure,2.0,1384
EvaluationCell,Return the cell being evaluated,🚫,io,9.0,1384
SquareWave,Periodic square wave function with period 1,✅,pure,7.0,1384
ImageAssemble,Assembles a grid of images into a single image,✅,pure,7.0,1385
AsymptoticDSolveValue,Asymptotic solutions to differential equations,🚫,pure,11.3,1386
PositiveReals,Domain of positive real numbers,✅,pure,12.0,1388
PredictorMeasurements,Measurements of predictor function performance,🚫,io,10.0,1388
PositiveIntegers,Domain of positive integers,✅,pure,12.0,1391
ParabolicCylinderD,Parabolic cylinder function D_nu(z),✅,pure,6.0,1392
ConvolutionLayer,Neural network convolution layer,🚫,io,11.0,1393
EmitSound,Emit a sound,🚫,io,6.0,1394
SurvivalFunction,Survival function for distributions,✅,pure,8.0,1395
ExpIntegralE,Generalized exponential integral E_n(z); FunctionExpand gives z^(n-1) Gamma[1-n z] and expands that Gamma for an integer or half-integer order,✅,pure,1.0,1397
RootReduce,Reduce an algebraic number to a simplified radical or a minimal-polynomial Root object,✅,pure,3.0,1397
DotDashed,Dot-dashed line style directive,✅,none,6.0,1399
ListLogLinearPlot,Plots data with logarithmic x-axis,✅,pure,6.0,1399
ParametricRegion,Represent a parametric region,🚫,pure,10.0,1400
DialogReturn,Return from a dialog,🚫,io,6.0,1401
Skewness,Computes the skewness of a list or distribution,✅,pure,6.0,1402
Speak,Text-to-speech output,🚫,io,7.0,1405
StreamColorFunction,Color function for stream plots,🚫,pure,7.0,1405
TreePlot,Draws a tree in layers by distance from its roots,✅,pure,6.0,1405
Audio,Audio object from sample data or files (symbolic in the CLI; visual hosts render a graphical audio player),✅,unevaluated,11.0,1406
ColorSeparate,Separate color channels of an image,✅,io,7.0,1409
LogisticSigmoid,Returns the logistic sigmoid function value,✅,pure,10.0,1409
StringContainsQ,Tests if a string contains a substring; supports the one-argument operator form,✅,pure,10.1,1409
Discriminant,Polynomial discriminant via resultant,✅,pure,6.0,1410
FromLetterNumber,Get the nth letter of the alphabet; a second argument selects a named alphabet (Greek; Russian; Spanish; ...),✅,pure,10.1,1411
Here,Current geo location,🚫,io,10.0,1413
ImageTransformation,Apply geometric transformation to image,🚫,io,8.0,1413
GroupElements,Elements of a group optionally selected by position,✅,pure,8.0,1414
EllipticNomeQ,Elliptic nome function,✅,pure,3.0,1415
Kurtosis,Computes the kurtosis of a list or distribution,✅,pure,6.0,1416
CellAutoOverwrite,Cell auto-overwrite option,🚫,io,3.0,1417
NotebookOpen,Open a notebook file,🚫,io,3.0,1418
VertexLabelStyle,Style for vertex labels in graphs,🚫,pure,8.0,1419
JoinForm,Option for line join form in graphics,✅,none,7.0,1420
Accuracy,Returns the number of accurate decimal digits,✅,pure,1.0,1422
TransformationFunctions,Functions for Simplify transformations,🚫,pure,4.0,1422
Tetrahedron,Symbolic tetrahedron geometric region; stays unevaluated and is consumed by region functions (Volume/RegionMeasure/RegionCentroid/…),✅,unevaluated,10.0,1424
ArcLength,Arc length of a geometric region or of a parameterized curve,✅,pure,10.0,1426
SetAlphaChannel,Set image alpha channel,🚫,io,8.0,1426
CreateDialog,Create a dialog window,🚫,io,6.0,1427
MinimalPolynomial,Computes the minimal polynomial of an algebraic number over the rationals,✅,pure,6.0,1428
SynchronousInitialization,Notebook synchronous initialization,🚫,io,6.0,1429
GeoBackground,Background for geographic plots,🚫,pure,10.0,1430
ItemStyle,Style specification for items,🚫,pure,6.0,1431
GeoStyling,Styling for geographic regions,🚫,pure,10.0,1432
CharacterEncoding,Character encoding specification,🚫,io,3.0,1434
InfinitePlane,Infinite plane geometric region; symbolic region consumed by region functions and rendered in Graphics; drawn in Graphics3D clipped to the plot range,✅,unevaluated,10.0,1434
ProgressIndicator,Progress indicator control (stays symbolic in script mode),✅,unevaluated,6.0,1435
Square,Square geometric primitive,🚫,pure,3.0,1437
StruveL,Modified Struve function L_n(z); elementary closed form at order +-1/2 and +-3/2; numeric for inexact args,✅,pure,4.0,1437
DecimalForm,Display a number in decimal notation without scientific notation; ToString renders it (optional second arg gives significant figures),✅,pure,11.2,1438
GeneratingFunction,Compute generating function of a sequence,✅,pure,7.0,1440
Proportional,Symbolic proportional relation,✅,pure,3.0,1440
ConnectedComponents,Find connected components of a graph,✅,pure,8.0,1441
ScalingTransform,Scaling transformation by per-axis factors or by one factor along a direction optionally centred at a point,✅,pure,6.0,1442
TriangleWave,gives a triangle wave with period 1,✅,pure,7.0,1443
SessionTime,Elapsed time in seconds since session start,✅,pure,2.0,1444
NetGraph,Neural network graph structure,✅,pure,11.0,1445
CMYKColor,CMYK color specification,✅,pure,2.0,1446
FunctionInterpolation,Create interpolating function by sampling an expression,✅,pure,3.0,1447
AccountingForm,Display numbers in accounting notation (negatives in brackets); takes the NumberForm precision specs and options; the closing bracket takes a field column of its own,✅,pure,2.0,1451
Before,Symbolic temporal ordering wrapper,✅,pure,3.0,1451
ComplexityFunction,Option for specifying complexity measure in Simplify,✅,pure,3.0,1451
LatticeData,,🚫,,6.0,1451
CompilationOptions,Option for specifying compilation settings,✅,pure,8.0,1452
AbsoluteDashing,Graphics directive for absolute dash pattern,✅,pure,2.0,1455
DataReversed,Option for reversing data in plots,✅,pure,6.0,1455
BodePlot,Bode magnitude and phase plot,✅,pure,8.0,1456
AxesEdge,Option for specifying axes edge positions,✅,pure,2.0,1459
DelaunayMesh,Delaunay triangulation of a 2D point set as a MeshRegion (cell order follows the triangulation not qhull),✅,pure,10.0,1459
TaggingRules,Option for attaching metadata tags,✅,pure,4.0,1459
PolynomialQuotient,Quotient of polynomial division,✅,pure,1.0,1460
BellB,Returns the Bell number or Bell polynomial,✅,pure,6.0,1463
LongRightArrow,Long right arrow notation for infix display,✅,pure,3.0,1463
Rationals,Symbol representing the set of rational numbers,✅,pure,4.0,1463
BooleanTable,Truth table for a boolean expression over all variable combinations,✅,pure,7.0,1464
BSplineBasis,The i-th uniform B-spline basis function of a given degree,✅,pure,7.0,1466
ComplexRegionPlot,Plot regions in the complex plane,✅,pure,12.1,1468
StreamDensityPlot,Creates a stream density plot of a vector field,✅,pure,7.0,1468
File,Symbolic file reference wrapper,✅,pure,11.0,1469
GeoGridPosition,Geographic grid coordinate position,✅,pure,7.0,1471
OpenerView,Expandable view widget,✅,pure,6.0,1471
DeleteDuplicatesBy,Deletes duplicates based on a function criterion,✅,pure,10.0,1472
HypoexponentialDistribution,Hypoexponential distribution,✅,pure,9.0,1473
GeometricDistribution,Geometric probability distribution,✅,pure,6.0,1474
Thumbnail,Thumbnail image wrapper,✅,pure,7.0,1475
Ellipsoid,Ellipsoid geometric region,✅,pure,10.0,1476
TransformedRegion,Apply transformation to a geometric region,✅,pure,10.0,1477
GroupOrbits,Orbits of a group action,✅,pure,8.0,1480
RegionBounds,Bounding box of a region,✅,pure,10.0,1480
SawtoothWave,Periodic sawtooth wave function,✅,pure,7.0,1480
DigitBlock,Option for the NumberForm family giving the digits per block; the separators a full field would carry also widen a padded field,✅,pure,1.0,1481
MaxStepSize,Option for maximum step size in numerical methods,✅,pure,3.0,1482
ReadProtected,Attribute preventing reading definitions,✅,pure,1.0,1484
TensorContract,Contract tensor indices,✅,pure,9.0,1484
RadioButtonBar,Radio button selection bar,✅,pure,6.0,1486
StepMonitor,Option for monitoring integration steps,✅,pure,5.0,1486
FormulaLookup,Look up formulas by name or description,✅,pure,10.0,1488
PartitionsP,Number of unrestricted partitions of an integer,✅,pure,1.0,1488
ClearSystemCache,Clear internal system caches,✅,pure,6.0,1489
LocatorAutoCreate,Option for automatic locator creation,✅,pure,6.0,1490
Ratios,Returns successive ratios of list elements,✅,pure,7.0,1492
SolveAlways,Find conditions on parameters for equation to hold for all variable values,✅,pure,1.0,1492
WeightedData,Represents data with associated weights for weighted statistics,✅,pure,9.0,1493
JacobiZeta,Jacobi zeta function,✅,pure,2.0,1494
Quartiles,Returns the quartiles of a list under optional Quantile parameters (or columnwise for a matrix),✅,pure,6.0,1495
LegendFunction,Option for legend formatting function,✅,pure,9.0,1499
LengthWhile,Returns the length of the longest initial run satisfying a test,✅,pure,6.0,1499
RasterSize,Option for raster resolution,✅,pure,6.0,1499
TransformedField,Transform vector or scalar field,✅,pure,9.0,1499
Conditioned,Symbolic conditional wrapper,✅,pure,8.0,1501
GeoProjection,Geographic projection specification,✅,pure,10.0,1503
SoundVolume,Sound volume specification,✅,pure,6.0,1503
GradientFilter,Image gradient filter,✅,pure,7.0,1507
PermutationProduct,Product of permutations,✅,pure,8.0,1507
RegionNearest,Nearest point in a region,✅,pure,10.0,1507
TakeDrop,Simultaneously take and drop elements from a list,✅,pure,10.2,1507
BinaryReadList,Read binary data from a file,✅,pure,5.1,1509
TildeTilde,Approximate equality relation,✅,pure,3.0,1509
FindPath,Find paths in a graph,✅,pure,10.0,1510
ImageRotate,Rotates an image by a given angle,✅,pure,7.0,1511
LucasL,Returns the nth Lucas number,✅,pure,6.0,1512
SelectFirst,Select first element matching a criterion (on an association tests the values and returns the first matching value),✅,pure,10.0,1514
ArrayRules,Extract non-default elements as position rules,✅,pure,5.0,1517
FindPeaks,Gives the positions and values of the local maxima of a list — supports a minimum sharpness and a minimum peak value at the unsmoothed scale (a non-zero smoothing scale is not implemented),✅,pure,10.0,1517
NotebookClose,Close a notebook,✅,pure,3.0,1517
TotalLayer,Neural network total layer,✅,pure,11.0,1518
ParameterMixtureDistribution,Mixture distribution with parameterized components,✅,pure,8.0,1519
SyntaxInformation,Syntax information for a symbol,✅,pure,6.0,1520
Failure,Symbolic failure object,✅,pure,10.0,1522
IntegerName,"Returns the English or German name of an integer; IntegerName[n;""Ordinal""] gives the ordinal name; IntegerName[n;""Words""] spells out every group fully",✅,pure,10.0,1522
LetterNumber,Get the position of a letter in the English alphabet,✅,pure,10.1,1524
TimeValue,Time value of money computation,✅,pure,8.0,1524
DedekindEta,Dedekind eta modular function,✅,pure,3.0,1525
LineIndent,Line indentation option,✅,pure,3.0,1526
FindDistributionParameters,Estimate distribution parameters,✅,pure,8.0,1528
NetEncoder,Neural network encoder,✅,pure,11.0,1528
LayeredGraphPlot,Draws a graph in layers by distance from its roots,✅,pure,6.0,1529
AssociationMap,Maps a function over an association; supports the operator form AssociationMap[f][data],✅,pure,10.0,1530
Covariance,Covariance of two lists; of a single vector gives its variance; of a single matrix gives the covariance matrix of its columns; of two matrices gives their cross-covariance matrix,✅,pure,6.0,1534
MinimalBy,Returns elements that minimize a criterion,✅,pure,10.0,1534
NProbability,Numerical probability,✅,pure,8.0,1534
WordCharacter,String pattern for word characters,✅,pure,5.1,1534
PixelValuePositions,Pixel positions matching a value,✅,pure,9.0,1536
ReflectionTransform,Reflection transformation matrix,✅,pure,6.0,1536
Weights,Weights specification for statistical functions,✅,pure,7.0,1537
BarChart3D,3D bar chart,✅,pure,7.0,1539
WhitespaceCharacter,String pattern for whitespace,✅,pure,5.1,1539
AnglePath,Generate 2D points by successively turning and stepping,✅,pure,10.1,1543
CauchyDistribution,Cauchy probability distribution,✅,pure,6.0,1543
PseudoInverse,Compute Moore-Penrose pseudoinverse of a matrix,✅,pure,1.0,1543
Protected,Attribute preventing modification,✅,pure,1.0,1544
CycleGraph,Cycle graph on n vertices,✅,pure,8.0,1547
OverDot,Overdot notation,✅,pure,6.0,1547
VerticalSlider,Vertical slider control,✅,pure,6.0,1547
MaxPlotPoints,Maximum number of plot points option,✅,pure,5.1,1548
LaunchKernels,Launch parallel computation kernels,✅,pure,7.0,1549
PermutationCycles,Cycle decomposition of a permutation,✅,pure,8.0,1550
AnimationRepetitions,Animation repetition option,✅,pure,6.0,1552
ARMAProcess,Autoregressive moving average process,✅,pure,9.0,1553
DivideBy,Divides a variable by a value,✅,stateful,1.0,1555
QuotientRemainder,Returns the quotient and remainder of integer division,✅,pure,2.0,1555
ExtendedGCD,Extended greatest common divisor with Bezout coefficients,✅,pure,1.0,1557
FileNameTake,Extract file name from path,✅,pure,7.0,1557
UndoTrackedVariables,Variables tracked for undo,✅,pure,10.0,1559
VectorColorFunction,Color function for vector plots,✅,pure,7.0,1559
NotebookGet,Get notebook expression,✅,pure,3.0,1562
StringToStream,Creates an input stream from a string,✅,pure,2.0,1562
SubsetQ,Tests if one list or association is a subset of another,✅,pure,10.0,1562
Visible,Visibility option,✅,pure,3.0,1563
TruncatedDistribution,Distribution restricted to an interval and renormalized,✅,pure,8.0,1564
NotebookFind,Search in a notebook,,unevaluated,3.0,1565
ElementwiseLayer,Neural net elementwise layer,,unevaluated,11.0,1566
ClassifierMeasurements,Classifier performance measurements,,unevaluated,10.0,1569
CreateDirectory,Creates a directory including intermediate directories,✅,filesystem,2.0,1569
ImageSubtract,Subtracts pixel values of two images pointwise,✅,pure,7.0,1569
CopyFile,Copies a file to a new location,✅,filesystem,2.0,1571
EstimatedProcess,Estimated stochastic process,,unevaluated,9.0,1571
Animator,Auto-playing animation control; renders as an interactive auto-advancing slider,✅,unevaluated,6.0,1573
HighlightMesh,Highlight mesh elements,,unevaluated,10.0,1573
PolynomialReduce,Reduce a polynomial modulo a list of polynomials (single- and multi-variable lexicographic division),✅,pure,3.0,1574
AutoScroll,Auto-scrolling option,,unevaluated,3.0,1578
CoefficientRules,Coefficient rules for polynomials; one-arg form CoefficientRules[poly] auto-detects variables via Variables[poly],✅,pure,7.0,1578
ConfidenceLevel,Confidence level specification,,unevaluated,7.0,1578
TextSentences,Splits a string into a list of sentences,✅,pure,10.1,1578
CreatePalette,Create a palette notebook,,unevaluated,6.0,1579
Erosion,Morphological erosion by a scalar radius or a structuring-element matrix,✅,pure,7.0,1582
NetDecoder,Neural net decoder,,unevaluated,11.0,1582
Thinning,Morphological thinning,,unevaluated,8.0,1582
Tolerance,Tolerance specification,,unevaluated,2.0,1583
NetInitialize,Initialize a neural net,,unevaluated,11.0,1584
BoundaryMeshRegion,Region given by the mesh of its boundary; measured and read like any other region,✅,pure,10.0,1586
Cumulant,Computes the r-th cumulant of a list or distribution,✅,pure,8.0,1586
BooleanConvert,Convert Boolean expressions to the DNF/SOP CNF/POS AND OR NAND NOR ANF or IF form; a normal form carries no clause the others already say and an expression with one value collapses to it,✅,pure,7.0,1588
GeometricBrownianMotionProcess,Geometric Brownian motion process with LogNormal time slices,✅,unevaluated,9.0,1588
DiscreteUniformDistribution,Discrete uniform distribution over integers,✅,computation,6.0,1593
MeshCellStyle,Style mesh cells,,unevaluated,10.0,1593
MovingMap,Apply a function to a sliding window with optional edge padding — a list windows by count a time series by a span of time,✅,pure,10.0,1593
SelectComponents,Select image components,,unevaluated,8.0,1593
CoprimeQ,Tests whether integers (or Gaussian integers) are pairwise coprime (Listable),✅,pure,6.0,1597
NotebookPut,Create notebook from expression,,unevaluated,3.0,1597
PositiveDefiniteMatrixQ,Test if a matrix is positive definite,✅,computation,6.0,1597
ThreeJSymbol,Wigner 3-j symbol,✅,pure,2.0,1597
Magnify,Magnify display wrapper (stays symbolic),✅,unevaluated,6.0,1599
ScriptBaselineShifts,Script baseline shift option,,unevaluated,3.0,1599
HoldRest,Attribute holding all but first argument,✅,pure,1.0,1600
LineSpacing,Line spacing specification,,unevaluated,3.0,1601
FunctionRange,Range of a real function as a condition on the output variable,✅,pure,10.0,1604
StringInsert,Inserts a string at a specified position,✅,pure,2.0,1604
Vectors,Vector space domain,,unevaluated,9.0,1604
SectorOrigin,Sector origin in pie charts,,unevaluated,7.0,1605
JacobiSymbol,Compute the Jacobi symbol for quadratic residue testing,✅,pure,1.0,1606
MaxTrainingRounds,Max training iterations,,unevaluated,11.0,1607
Slider2D,Two-dimensional slider control (stays symbolic in script mode),✅,unevaluated,6.0,1608
Compress,Compresses an expression to a string,✅,pure,6.0,1611
CompressedData,Holds a compressed expression and evaluates to the original on use,✅,pure,9.0,1612
PolarAxes,Polar axes option,,unevaluated,7.0,1611
PolynomialGCD,Greatest common divisor of polynomials,✅,pure,2.0,1611
ARProcess,Autoregressive process,,unevaluated,9.0,1614
DiscreteWaveletTransform,Discrete wavelet transform giving a DiscreteWaveletData object,✅,pure,8.0,1614
SystemDialogInput,System dialog input,,unevaluated,6.0,1614
Commonest,Returns the most common elements in a list,✅,pure,6.0,1617
ImagePartition,Partition an image into an array of subimages,✅,pure,7.0,1617
RelationGraph,Builds a graph whose edges connect vertex pairs satisfying a binary relation,✅,pure,10.2,1617
PetersenGraph,Generalized Petersen graph GP(n k) built from outer cycle and inner k-jumps,✅,pure,8.0,1620
RSolveValue,Solves a recurrence equation and returns the value of the requested expression,✅,pure,10.0,1621
ArrayDepth,Returns the depth of a nested array,✅,pure,5.0,1622
FeatureExtraction,Extract features from data,,unevaluated,11.0,1623
CellStyle,Cell style specification,,unevaluated,9.0,1625
GraphDistance,Shortest-path distance between graph vertices (or from a vertex to all vertices),✅,1,8.0,1625
Asymptotic,Asymptotic approximation,✅,pure,12.1,1629
CoordinateTransform,Transforms points between Polar/Spherical/Cylindrical/Cartesian coordinate systems,✅,pure,9.0,1629
DirectoryQ,Tests if a path is an existing directory,✅,filesystem,7.0,1629
ImageIdentify,Identify objects in images,,unevaluated,10.1,1629
DiscreteDelta,Discrete delta function,✅,computation,4.0,1632
LinearRecurrence,Generates a linear recurrence sequence,✅,pure,7.0,1632
WindowMargins,Window margin specification,,unevaluated,3.0,1632
AffineTransform,Build a TransformationFunction for an affine map x -> m.x + v,✅,none,6.0,1633
CellGroupData,,🚫,,3.0,1635
RadioButton,Radio button control (stays symbolic in script mode),✅,unevaluated,6.0,1635
LegendMarkers,Legend marker specification,,unevaluated,9.0,1637
PowersRepresentations,Gives all representations of n as a sum of k non-negative p-th powers,✅,pure,6.0,1637
ShowStringCharacters,Show string quote characters,,unevaluated,3.0,1639
TakeWhile,Takes elements from start while predicate is true,✅,pure,6.0,1639
ImageCollage,Creates a collage from a list of images with optional weights and fitting,✅,pure,10.0,1641
NDEigensystem,Numerical eigensystem,,unevaluated,10.2,1641
FindDistribution,Find matching distribution,,unevaluated,10.3,1643
TextureCoordinateFunction,Texture coordinate function,,unevaluated,8.0,1643
TextCases,Extract text units of a given type from a string (Word mirrors TextWords and Sentence mirrors TextSentences; optional third arg keeps the first n),✅,pure,10.2,1644
DirectoryName,Extract the directory name from a file path,✅,pure,3.0,1646
DominantColors,Finds dominant colors in an image using k-means clustering,✅,pure,9.0,1646
Multicolumn,Multi-column layout,,unevaluated,10.0,1648
Record,Record data structure,,unevaluated,2.0,1648
FlattenAt,Flatten at specific positions,✅,computation,2.0,1649
InversePermutation,Inverse of a permutation list or Cycles object,✅,pure,8.0,1650
WhittakerM,Whittaker M function E^(-z/2) z^(m+1/2) Hypergeometric1F1[m-k+1/2 2m+1 z],✅,pure,6.0,1651
InterpretationBox,Low-level box that displays one expression but interprets as another,✅,pure,3.0,1652
IncludePods,Include pods in computation,,unevaluated,8.0,1653
MathieuGroupM11,Mathieu group M11 (order 7920) as a formal permutation group,✅,pure,8.0,1656
RulePlot,Placeholder visualization of a substitution or cellular-automaton rule,✅,pure,11.0,1656
Overlaps,Option symbol specifying how the string and sequence matching functions treat overlapping matches — False keeps them disjoint True reports the preferred match per start position and All reports every match per start position,✅,pure,5.1,1658
Trig,Trigonometric functions option,,unevaluated,2.0,1658
ItoProcess,Ito stochastic process,,unevaluated,9.0,1659
NetModel,Neural net model,,unevaluated,11.1,1660
RotationAction,Rotation action option,,unevaluated,6.0,1661
BoundaryDiscretizeGraphics,Boundary discretize graphics,,unevaluated,10.0,1665
ClearAttributes,Removes attributes from a symbol,✅,stateful,1.0,1665
DiscreteMarkovProcess,Discrete-time finite-state Markov process consumed by PDF/StationaryDistribution,✅,unevaluated,9.0,1665
Ket,Dirac ket notation (stays symbolic),✅,unevaluated,13.3,1665
TradingChart,Financial trading chart,,unevaluated,8.0,1666
ArrayQ,Tests if an expression is a full array (a SparseArray counts as the array it stands for),✅,pure,5.0,1668
FindMaxValue,Finds the value at a local maximum of a function numerically,✅,pure,7.0,1668
DistributeDefinitions,Distribute definitions to kernels,,unevaluated,7.0,1672
FilePrint,Prints the contents of a file to standard output,✅,io,6.0,1672
FormPage,Form page interface,,unevaluated,10.3,1672
NearestNeighborGraph,Undirected k-nearest-neighbor graph of points (ties included),✅,pure,10.2,1672
BatchNormalizationLayer,Batch normalization layer,,unevaluated,11.0,1675
ChartBaseStyle,Chart base style,,unevaluated,7.0,1675
RiemannSiegelZ,Riemann-Siegel Z function on the critical line for real numeric arguments,✅,pure,2.0,1675
MoonPhase,"Illuminated fraction of the Moon (Meeus ephemeris; ""Name"" gives the phase entity)",✅,contextual,10.0,1676
BubbleChart,Creates a bubble chart from data,✅,pure,7.0,1679
ContentSize,Content size option,,unevaluated,7.0,1679
HazardFunction,Hazard function PDF/SurvivalFunction of a distribution,✅,pure,8.0,1679
HornerForm,Converts a polynomial to Horner (nested) form,✅,pure,6.0,1682
NExpectation,Numerical expected value of a function of a random variable computed as N of Expectation,✅,pure,8.0,1682
WordBoundary,Represents a word boundary in string patterns (like regex \b),✅,pure,5.1,1682
Mouseover,Mouseover display wrapper (stays symbolic),✅,unevaluated,6.0,1683
AffineStateSpaceModel,Affine state-space model,,unevaluated,10.0,1687
LogLikelihood,Log-likelihood of numeric observations under a distribution,✅,pure,8.0,1687
RectangleChart,Rectangle chart,,unevaluated,7.0,1687
SpanFromAbove,Grid element that merges into the cell above it,✅,none,6.0,1687
Cubics,Option for solving cubic equations using radical formulas,✅,pure,1.0,1688
MinValue,Global symbolic minimum value of a function over variables with optional constraints and an optional Reals or Integers domain,✅,pure,7.0,1690
Exit,Terminates the kernel session with optional exit code,✅,effectful,1.0,1692
SubPlus,Subscript plus notation,✅,none,6.0,1692
Extension,Extension option,,unevaluated,3.0,1693
KeySort,Sorts an association by its keys canonically or with a given ordering function,✅,pure,10.0,1694
WeightedAdjacencyGraph,Graph from a weight matrix (Infinity marks absent edges),✅,pure,8.0,1695
CellFrame,Cell frame option,,unevaluated,3.0,1696
Compiled,Compiled option,,unevaluated,2.0,1697
AudioGenerator,Audio generator,,unevaluated,11.0,1698
FourierCoefficient,Fourier series coefficient of polynomials over the standard period,✅,pure,7.0,1701
PageWidth,Option specifying the page width for output formatting,✅,pure,1.0,1701
Underlined,Underlined display wrapper (stays symbolic),✅,unevaluated,6.0,1701
Constant,Attribute indicating zero derivative with respect to all parameters,✅,pure,1.0,1704
Overscript,Overscript notation wrapper (stays symbolic),✅,unevaluated,3.0,1704
UpValues,Returns the up values of a symbol,✅,pure,2.0,1704
CommunityGraphPlot,Community graph plot,,unevaluated,9.0,1707
Multinomial,Returns the multinomial coefficient,✅,pure,1.0,1707
Primes,Domain of prime numbers used with Element and related predicates,✅,none,4.0,1707
RandomPrime,Random prime number,✅,contextual,6.0,1709
SuperDagger,Dagger superscript notation,✅,none,6.0,1709
ReImPlot,Plots the real and imaginary parts of a complex function on the same axes,✅,pure,12.0,1710
ExponentFunction,Option for NumberForm and ScientificForm giving a function applied to the base-10 exponent,✅,pure,2.0,1712
SoftmaxLayer,Softmax neural layer,,unevaluated,11.0,1712
ProductDistribution,Independent product of distributions (merged PDF plus component stats),✅,pure,8.0,1713
Save,Saves definitions associated with symbols to a file,✅,effectful,1.0,1714
RegionDimension,Intrinsic (manifold) dimension of a region,✅,pure,10.0,1716
TogglerBar,Toggle-button bar bound to a list variable; interactive in visual front-ends,✅,unevaluated,6.0,1716
GeoElevationData,,🚫,,10.0,1717
WeierstrassPPrime,Derivative of the Weierstrass elliptic function,✅,pure,1.0,1718
FeatureExtractor,Feature extractor,,unevaluated,11.0,1719
ArgMax,Exact argument that maximizes an expression (optionally subject to constraints and over a Reals or Integers domain),✅,pure,7.0,1721
VertexNormals,Vertex normal vectors,,unevaluated,6.0,1721
CorrelationFunction,Sample autocorrelation of data at a given lag,✅,pure,9.0,1723
RandomImage,Generates a random image with given pixel range and dimensions,✅,contextual,8.0,1723
BellY,Partial Bell polynomial (Bell Y polynomial),✅,pure,8.0,1725
ParallelDo,Parallel version of Do (evaluated sequentially),✅,pure,7.0,1725
BarnesG,Barnes G-function (double gamma function),✅,pure,7.0,1727
URL,URL wrapper (stays symbolic),✅,unevaluated,11.0,1727
Between,Tests if a value is between bounds,✅,pure,10.3,1728
Deployed,Deployed option,,unevaluated,6.0,1730
FindGeometricTransform,Find geometric transformation,,unevaluated,8.0,1730
DirichletDistribution,Dirichlet distribution over the probability simplex (Mean/Variance/Covariance/StandardDeviation/PDF),✅,pure,8.0,1733
StringDelete,Deletes all occurrences of a substring or string pattern; supports the one-argument operator form,✅,pure,10.1,1733
RiemannSiegelTheta,Riemann-Siegel theta function on the critical line for real numeric arguments,✅,pure,2.0,1734
RandomInstance,Random geometric instance,,unevaluated,12.0,1736
TrigFactor,Factor trig expressions (Sin+Cos and half-angle and double-angle and Sin sum-to-product and hyperbolic Sinh/Cosh families),✅,pure,3.0,1736
PoolingLayer,Neural net pooling layer,,unevaluated,11.0,1737
FindFormula,Find formula fitting data,,unevaluated,10.2,1740
Graph3D,3D graph visualization,,unevaluated,10.0,1740
NotebookDelete,Delete notebook cells,,unevaluated,3.0,1740
WhittakerW,Whittaker W function E^(-z/2) z^(m+1/2) HypergeometricU[m-k+1/2 2m+1 z],✅,pure,6.0,1741
GeometricScene,Geometric scene,✅,pure,12.0,1743
MaxDetect,Gives a 0/1 mask marking the regional maxima of a numeric list or matrix,✅,pure,8.0,1743
FactorList,List irreducible factors of a polynomial with exponents,✅,pure,1.0,1745
Parallelize,Evaluates an expression and returns the same result as the sequential evaluation (single Woxi kernel),✅,pure,7.0,1745
BernoulliGraphDistribution,Erdős–Rényi G(n p) random graph distribution (recognised by RandomGraph),✅,pure,8.0,1748
ClusteringComponents,Clustering components,✅,unevaluated,8.0,1748
MandelbrotSetPlot,Mandelbrot set plot,,unevaluated,10.0,1748
Language,Language option,,unevaluated,3.0,1749
SequenceCases,Finds matching subsequences in a list (supports a count limit and the Overlaps option),✅,pure,10.1,1751
TimeConstraint,Time constraint option,,unevaluated,3.0,1751
DoubleRightTee,Inert operator displayed with the ⊨ symbol,✅,pure,3.0,1752
Matrices,Matrix domain,,unevaluated,9.0,1753
JoinedCurve,Joined curve graphics primitive,✅,unevaluated,8.0,1754
DefaultButton,Default button control,,unevaluated,6.0,1760
GeoMarker,Geographic marker primitive for GeoGraphics,✅,pure,10.0,1760
MultiplicativeOrder,Multiplicative order modulo n,✅,computation,4.0,1760
RunProcess,Run external process,,unevaluated,10.0,1760
StartingStepSize,Starting step size option,,unevaluated,4.0,1760
Trigger,Trigger control (stays symbolic in script mode),✅,unevaluated,6.0,1760
ContentSelectable,Content selectable option,,unevaluated,6.0,1761
TakeList,Take successive sublists of given lengths,✅,computation,11.2,1762
ExportForm,Export form wrapper,,unevaluated,10.0,1763
ParallelSubmit,Submit parallel task,,unevaluated,7.0,1764
Application,Application wrapper,,unevaluated,12.2,1766
FindFile,Finds the file or context file that Get would read,✅,effectful,7.0,1766
DistanceTransform,Euclidean distance transform of an image,✅,pure,7.0,1768
DialogInput,Dialog input,,unevaluated,6.0,1770
TimelinePlot,Plots dates and date intervals as events on a horizontal timeline,✅,pure,10.1,1770
PassEventsDown,Pass events down option,,unevaluated,6.0,1771
AssociateTo,Adds one or more key-value pairs to an association variable in-place,✅,stateful,10.0,1776
CircleDot,Symbolic circle dot operator with Unicode display,✅,pure,3.0,1776
FindGeneratingFunction,Find generating function,,unevaluated,7.0,1776
HistogramDistribution,Histogram distribution of univariate data (DataDistribution container; PDF/CDF/Mean/Variance/StandardDeviation),✅,pure,8.0,1776
VectorScaling,Vector scaling option,,unevaluated,12.1,1776
GaussianMatrix,Discrete Gaussian matrix of radius r with standard deviation sigma (default r/2),✅,pure,7.0,1779
NumberSigns,Option for NumberForm giving the strings to use for negative and positive number signs,✅,pure,2.0,1779
TextRecognize,Recognize text in image,✅,unevaluated,8.0,1779
LeviCivitaTensor,Levi-Civita totally antisymmetric tensor,✅,pure,7.0,1781
WeierstrassZeta,Weierstrass zeta function,,unevaluated,3.0,1781
CatalanNumber,Returns the nth Catalan number,✅,pure,6.0,1788
DateValue,Extracts a named component or property of a date such as its week quarter name or name initials,✅,pure,10.0,1788
DensityPlot3D,3D density plot,,unevaluated,10.2,1788
DynamicModuleValues,,🚫,,6.0,1788
FRatioDistribution,F-ratio (Fisher-Snedecor) distribution; supports PDF CDF Quantile Mean and Variance,✅,pure,6.0,1788
LaplaceDistribution,Laplace distribution,✅,pure,6.0,1788
ListSurfacePlot3D,3D surface plot from points,,unevaluated,6.0,1788
GeoRegionValuePlot,Choropleth shading countries by value,✅,pure,10.0,1789
MaxExtraConditions,Max extra conditions option,,unevaluated,8.0,1791
TimeSeriesModelFit,Time series model fit,,unevaluated,10.0,1791
Find,Finds a file on the search path,🚧,effectful,2.0,1793
PaneSelector,Pane selector control (stays symbolic in script mode),✅,unevaluated,6.0,1793
URLExecute,Execute URL request,,unevaluated,10.0,1794
FileBaseName,Returns the base name of a file (without directory and extension),✅,pure,7.0,1796
SequencePosition,Finds positions of subsequences matching a pattern in a list (overlapping by default; supports a count limit and the Overlaps option),✅,pure,10.1,1796
ColorCombine,Combine color channels into a multichannel image,✅,pure,7.0,1800
CoordinatesToolOptions,Coordinates tool options,,unevaluated,7.0,1800
Highlighted,Display wrapper that draws a colored background behind its argument,✅,pure,10.4,1800
TextGrid,Displays data in a text grid layout,✅,pure,10.3,1800
NumericFunction,Numeric function attribute,,unevaluated,3.0,1801
ColorSetter,Color setter control (stays symbolic in script mode),✅,unevaluated,6.0,1803
Scrollbars,Scrollbars option,,unevaluated,7.0,1803
DistanceMatrix,Matrix of pairwise distances between vectors (default EuclideanDistance),✅,pure,10.3,1806
InverseWaveletTransform,Inverse discrete/stationary/packet/lifting wavelet transform,✅,pure,8.0,1806
RayleighDistribution,Rayleigh distribution,✅,pure,6.0,1806
SetSharedVariable,Set shared variable,,unevaluated,7.0,1808
TreeGraph,Tree graph from directed edges with tree layout visualization,✅,pure,8.0,1808
PadeApproximant,Rational (Pade) approximation from a power series,✅,pure,6.0,1809
FillingTransform,Fill extended minima of an image,✅,pure,8.0,1810
SamplingPeriod,Sampling period option,,unevaluated,8.0,1811
Cube,Regular hexahedron primitive consumed by Volume/SurfaceArea/RegionMeasure/RegionCentroid,✅,unevaluated,12.0,1815
FindCycle,Find cycles in a graph or list of edges returning each cycle as a list of edges,✅,pure,10.0,1815
TimeSeriesForecast,Time series forecast,,unevaluated,9.0,1815
WordFrequencyData,,🚫,,10.4,1815
CharacteristicFunction,Characteristic function E[e^(itX)] of a probability distribution,✅,pure,6.0,1817
DiscreteVariables,Discrete variables option,,unevaluated,9.0,1819
PermutationReplace,Replaces each point in an expression by its image under a permutation or list of permutations,✅,pure,8.0,1819
Standardize,Standardizes data by subtracting the mean and dividing by the standard deviation,✅,pure,7.0,1822
StripOnInput,Strip on input option,,unevaluated,6.0,1822
SubMinus,Subscript minus notation,✅,none,6.0,1822
ColorQuantize,Quantize image colors,,unevaluated,7.0,1827
CornerNeighbors,Corner neighbors option,,unevaluated,7.0,1827
DigitQ,Tests if a string consists entirely of digits,✅,pure,2.0,1827
RealExponent,Returns the base-b real exponent Log[b Abs[x]] of x as a machine real (base 10 by default),✅,pure,6.0,1827
TriangularDistribution,Triangular distribution (piecewise PDF and CDF and moments),✅,pure,6.0,1827
BinaryWrite,Write binary data,✅,io,5.1,1833
CheckboxBar,Checkbox bar control (stays symbolic in script mode),✅,unevaluated,6.0,1833
DuplicateFreeQ,Test if list has no duplicates,✅,pure,10.0,1833
OutputForm,Converts expression to output form,✅,pure,1.0,1833
RandomPermutation,Random permutation of n points returned as a Cycles object,✅,contextual,8.0,1833
TooltipDelay,Tooltip delay option,,unevaluated,7.0,1833
FactorialMoment,Computes the r-th factorial moment of data or a distribution (mean of falling factorials),✅,pure,8.0,1836
WatershedComponents,Watershed components,,unevaluated,8.0,1836
ViewCenter,View center option,,unevaluated,2.0,1838
FileType,Returns the type of a file (File Directory or None),✅,filesystem,2.0,1842
FourierSinSeries,Fourier sine series,,unevaluated,7.0,1842
MathieuCharacteristicA,Mathieu characteristic A,,unevaluated,3.0,1842
QuantilePlot,Quantile plot,,unevaluated,8.0,1842
ResourceObject,Resource object,,unevaluated,11.0,1844
StieltjesGamma,Stieltjes constants (gamma_0 is EulerGamma; generalized order-0 is -PolyGamma; N gives machine values up to order 10),✅,pure,3.0,1844
DynamicWrapper,Dynamic wrapper (stays symbolic in script mode),✅,unevaluated,8.0,1846
PolarTicks,Polar ticks option,,unevaluated,7.0,1846
BeckmannDistribution,Beckmann distribution,,unevaluated,8.0,1849
CoordinateTransformData,,🚫,,9.0,1849
FirstCase,First element matching a pattern,✅,pure,10.0,1849
EndOfFile,Symbol returned by Read at end of file,✅,pure,1.0,1852
MathieuC,Even Mathieu function (Floquet ODE integration; Woxi's q-to-zero normalisation differs from wolframscript's for q != 0),✅,pure,3.0,1852
WeierstrassSigma,Weierstrass sigma function,,unevaluated,3.0,1852
StringReplacePart,Replace a span of a string — a bare index means the span from the start and an unavailable span reports ::repart,✅,pure,3.0,1853
KeyMap,Maps a function over the keys of an association; supports the operator form KeyMap[f][assoc],✅,pure,10.0,1855
MetaInformation,Meta information option,,unevaluated,9.0,1855
NotebookSave,Save notebook,,unevaluated,3.0,1857
UpperCaseQ,Tests if a string consists entirely of uppercase letters,✅,pure,2.0,1857
ListContourPlot3D,3D contour plot from data,,unevaluated,6.0,1858
ResamplingMethod,Resampling method option,,unevaluated,10.0,1859
AngularGauge,Display a value on a circular dial as a Graphics gauge,✅,pure,9.0,1860
CopyToClipboard,Copy to clipboard,,unevaluated,8.0,1861
ColorReplace,Replace colors in image,,unevaluated,9.0,1864
Format,Display wrapper that formats an expression in a given form,✅,pure,1.0,1864
GraphPlot3D,3D graph plot,,unevaluated,6.0,1864
InverseJacobiCN,Inverse Jacobi elliptic function cn,✅,pure,1.0,1865
InverseJacobiSN,Inverse Jacobi elliptic function sn,✅,pure,1.0,1905
InverseJacobiCD,Inverse Jacobi elliptic function cd,✅,pure,1.0,4006
InverseJacobiCS,Inverse Jacobi elliptic function cs,✅,pure,1.0,4081
InverseJacobiSC,Inverse Jacobi elliptic function sc,✅,pure,1.0,4104
InverseJacobiDN,Inverse Jacobi elliptic function dn,✅,pure,1.0,4138
InverseJacobiDS,Inverse Jacobi elliptic function ds,✅,pure,1.0,4138
InverseJacobiNC,Inverse Jacobi elliptic function nc,✅,pure,1.0,4173
InverseJacobiND,Inverse Jacobi elliptic function nd,✅,pure,1.0,4173
InverseJacobiNS,Inverse Jacobi elliptic function ns,✅,pure,1.0,4173
InverseJacobiSD,Inverse Jacobi elliptic function sd,✅,pure,1.0,4173
InverseJacobiDC,Inverse Jacobi elliptic function dc,✅,pure,1.0,4204
ButtonFunction,Button function option,,unevaluated,3.0,1866
SystemOptions,System options,,unevaluated,6.0,1867
FrobeniusSolve,Returns non-negative integer solutions to a Frobenius equation,✅,pure,6.0,1869
Sunday,Day of the week symbol,✅,unevaluated,9.0,1869
PrintTemporary,Print like Print in script mode,✅,io,6.0,1870
Constants,Option for Simplify specifying which symbols are constants,✅,pure,1.0,1873
GeneratedParameters,Generated parameters option,,unevaluated,5.0,1873
ImageValue,Bilinear pixel value lookup in an image,✅,pure,8.0,1873
MatrixLog,Computes the matrix logarithm (inverse of MatrixExp),✅,pure,9.0,1875
PlotRegion,Plot region option,,unevaluated,2.0,1875
DensityHistogram,Density histogram,,unevaluated,8.0,1877
DigitCount,Counts occurrences of each digit in a number (Listable),✅,pure,4.0,1877
DistributionChart,Distribution chart,,unevaluated,8.0,1880
IncidenceMatrix,Builds the vertex-by-edge incidence matrix of a graph,✅,none,8.0,1880
InverseZTransform,Computes the inverse Z transform of rational and exponential forms,✅,pure,4.0,1880
Notebooks,List open notebooks,,unevaluated,3.0,1883
ZTransform,Computes the Z transform of sequences c*n^k*a^n and a^n/n! plus Sin/Cos[a*n] and UnitStep[n],✅,pure,4.0,1883
FeatureTypes,Feature types option,,unevaluated,10.1,1885
LeastSquares,Least squares solution,✅,pure,6.0,1885
CovarianceFunction,Sample autocovariance of data at a lag; or the covariance function of ARMA and the common continuous/counting processes,✅,pure,9.0,1887
XYZColor,XYZ color specification,,unevaluated,10.0,1887
GraphHighlightStyle,Graph highlight style,,unevaluated,8.0,1889
ImageTrim,Trims an image to a specified coordinate region,✅,pure,8.0,1889
BSplineSurface,B-spline surface 3D graphics primitive,✅,unevaluated,7.0,1891
Setting,Setting wrapper,,unevaluated,6.0,1891
SingularValueList,Returns the nonzero singular values of a matrix in decreasing order,✅,pure,5.0,1892
Gudermannian,Returns the Gudermannian function value,✅,pure,7.0,1895
MorphologicalBinarize,Hysteresis threshold binarization of an image,✅,pure,8.0,1895
VertexWeight,Vertex weight option,,unevaluated,8.0,1895
SingleLetterItalics,Single letter italics option,,unevaluated,3.0,1897
AbsArg,Returns {Abs[z] and Arg[z]} for a complex number z,✅,pure,10.1,1901
Haversine,Haversine function (Listable),✅,pure,7.0,1901
PolarGridLines,Polar grid lines option,,unevaluated,7.0,1901
RootApproximant,Finds an algebraic number approximating a numeric value,✅,pure,6.0,1901
Databin,Databin cloud storage,,unevaluated,10.0,1905
Interpretation,Interpretation display wrapper (stays symbolic),✅,unevaluated,6.0,1905
SymmetricGroup,Symbolic symmetric group S_n of degree n; stays unevaluated and is consumed by GroupOrder/GroupGenerators,✅,unevaluated,8.0,1905
InverseErf,Inverse error function,✅,pure,3.0,1906
SmoothDensityHistogram,Smooth density histogram,,unevaluated,8.0,1907
NetExtract,Extract net components,,unevaluated,11.0,1908
Friday,Day of the week symbol,✅,unevaluated,9.0,1910
HankelH1,Hankel function of the first kind,✅,pure,6.0,1910
CloudImport,Import from cloud,,unevaluated,10.0,1912
Temporary,Attribute marking a local symbol (e.g. generated by Module or Unique) for removal from its context once no longer referenced,,pure,2.0,1912
NonlinearStateSpaceModel,Nonlinear state-space model,,unevaluated,10.0,1914
ServiceConnect,Connect to service,,unevaluated,10.0,1914
Closing,Morphological closing (dilation followed by erosion),✅,pure,7.0,1916
DefaultDuration,Default duration option,,unevaluated,6.0,1916
EditDistance,Returns the edit distance between two strings,✅,pure,6.0,1921
NotElement,Test non-membership of an expression in a mathematical domain,✅,pure,6.0,1921
SubsuperscriptBox,Represents a box with both subscript and superscript for typesetting,✅,pure,3.0,1921
TakeLargestBy,Takes the n largest elements by a criterion; supports the operator form TakeLargestBy[f;n][list],✅,pure,10.1,1921
WaveletListPlot,Plots wavelet coefficients from a DiscreteWaveletData object,✅,graphics,8.0,1921
BinaryRead,Reads a single binary object from a file or stream,✅,io,5.1,1926
LABColor,Represents a color in the LAB color space,🚫,pure,10.0,1926
Overflow,Symbol representing arithmetic overflow,✅,pure,1.0,1926
SignedRegionDistance,Signed distance from a point to a region (negative inside); Point/Line/Disk/Ball/Circle/Sphere/Rectangle/Triangle/Polygon,✅,pure,10.0,1926
TakeLargest,Takes the n largest elements from a list; supports the operator form TakeLargest[n][list],✅,pure,10.1,1926
GeodesyData,,🚫,,7.0,1930
InputAliases,Notebook interface option for input alias definitions,🚫,,4.0,1930
IsomorphicGraphQ,Test whether two graphs are isomorphic,✅,pure,8.0,1930
Resampling,Signal processing option for resampling methods,🚫,,8.0,1930
DumpSave,Serialization of definitions to a binary file,🚫,,3.0,1932
RecordLists,Data import option for structuring records as lists,🚫,,2.0,1932
ImageEffect,Applies an effect to an image (noise effects: SaltPepperNoise and GaussianNoise),✅,contextual,7.0,1935
VertexDelete,Delete one or more vertices from a graph along with their incident edges,✅,pure,8.0,1935
FileNameSplit,Splits a file name into a list of path components,✅,pure,7.0,1938
SmallCircle,Symbolic small-circle operator with Unicode display,✅,pure,3.0,1938
TensorRank,Gives the rank (number of indices) of a tensor,✅,pure,9.0,1938
SymmetricMatrixQ,Tests whether a matrix is symmetric,✅,pure,7.0,1940
VectorSizes,Internal developer function for vector size handling,🚫,,12.1,1940
Install,WSTP link installation for external programs,🚫,,2.0,1941
SquareFreeQ,Tests if a polynomial or integer is square-free,✅,pure,6.0,1944
UnitTriangle,Unit triangle function (1-|x| for |x| <= 1),✅,pure,7.0,1944
MessageDialog,GUI dialog for displaying messages,🚫,,6.0,1946
SquaredEuclideanDistance,Squared Euclidean distance between two vectors,✅,pure,6.0,1946
ColorSlider,Color slider control element (stays symbolic in script mode),✅,unevaluated,6.0,1949
Saturday,Day of the week symbol,✅,unevaluated,9.0,1949
TemplateApply,Fills backtick slots and evaluates expression slots in a template,✅,pure,10.0,1949
ImageReflect,Reflects an image horizontally or vertically,✅,pure,7.0,1951
URLBuild,Builds a URL from a path list or from an association of URLParse components and query parameters,✅,pure,10.0,1951
CellGroup,Notebook structure element for grouping cells,🚫,,6.0,1954
MultinomialDistribution,Multivariate discrete distribution for modeling outcomes of n independent trials with m categories,✅,none,8.0,1954
NonConstants,Option for Simplify specifying which symbols are not constants,✅,pure,1.0,1954
BooleanFunction,Integer-indexed Boolean function; BooleanFunction[k n] is the opaque BooleanFunction["BDD" -> ...] object and BooleanFunction[k n vars] writes it out in those variables,✅,pure,7.0,1956
ViewVector,3D graphics option for specifying the view direction,🚫,,6.0,1956
MathieuS,Odd Mathieu function (Floquet ODE integration; Woxi's q-to-zero normalisation differs from wolframscript's for q != 0),✅,pure,3.0,1960
NumberFormat,Option for NumberForm specifying how mantissa/base/exponent are assembled,🚫,,2.0,1960
OneIdentity,Attribute indicating f[x] is identical to x for matching,✅,pure,1.0,1960
Subfactorial,Returns the subfactorial (number of derangements),✅,pure,6.0,1960
BinaryFormat,Option for opening streams in binary format,🚫,,3.0,1962
ImageLines,Find line segments in an image,🚫,,8.0,1964
LowpassFilter,Apply a lowpass filter to data lists images or Audio objects,✅,pure,9.0,1964
Evaluatable,Option for Cell specifying if it should be evaluated,🚫,,3.0,1967
LinkWrite,Write an expression to a WSTP connection,🚫,,3.0,1967
URLRead,Send HTTP request and read response,✅,effectful,11.0,1967
BitOr,Returns the bitwise OR of integers,✅,pure,4.0,1968
Monday,Day of the week symbol,✅,unevaluated,9.0,1970
Nor,Logical NOR,✅,pure,4.1,1970
CellChangeTimes,Notebook cell option for tracking changes,🚫,,6.0,1975
MeshCellCount,Number of cells of each dimension in a mesh region,✅,pure,10.0,1975
ModularInverse,Returns the modular multiplicative inverse,✅,pure,11.1,1975
PopupWindow,GUI popup window element,🚫,,6.0,1975
Resultant,Resultant of two polynomials via Sylvester matrix determinant,✅,pure,1.0,1975
Selectable,Selectable display option wrapper (stays symbolic),✅,unevaluated,3.0,1977
TableDirections,Option for TableForm display directions,🚫,,2.0,1977
PermutationGroup,Group theory permutation group representation,✅,pure,8.0,1979
WeightedAdjacencyMatrix,Builds the weighted adjacency matrix from a graph with EdgeWeight,✅,none,8.0,1979
DayName,Return the name of the day of the week for a given date,✅,contextual,9.0,1981
SuperPlus,Typesetting notation for superscript plus,✅,none,6.0,1982
CommonName,Entity common name lookup,🚫,,10.0,1986
KeyDrop,Drops specified keys from an association; supports the operator form KeyDrop[keys][assoc],✅,pure,10.0,1986
TableDepth,Option for TableForm display depth,🚫,,2.0,1986
TautologyQ,Tests whether a boolean expression is a tautology; two-arg form TautologyQ[expr;{vars}] tests over the given variables,✅,pure,7.0,1986
CheckAbort,Evaluate expression and catch aborts,✅,pure,2.0,1991
DayRange,Generate the list of DateObject days between two dates inclusive,✅,pure,9.0,1991
ImageSizeAction,Option controlling image size behavior,🚫,,6.0,1991
MeanFilter,Replace each element by the mean of values in a clipped neighborhood of radius r (1D/2D lists images and Audio objects),✅,pure,7.0,1991
PeriodicBoundaryCondition,PDE boundary condition specification,🚫,,11.0,1991
OrderlessPatternSequence,Matches the contiguous block of arguments at its position in any order,✅,pure,10.1,1992
Character,Symbol used in string patterns to represent a single character,✅,pure,1.0,1993
EdgeAdd,Add one or more edges to a graph adding any new endpoint vertices,✅,pure,8.0,1995
FourierCosSeries,Fourier cosine series expansion (requires symbolic integration),🚫,,7.0,1995
DeclarePackage,Declare package for autoloading (package management),🚫,,2.0,1997
FourierDCT,Discrete cosine transform of a real list (DCT types 1-4; default type 2),✅,pure,6.0,1997
SqrtBox,Low-level box construct for square root display,✅,pure,3.0,1999
Sunrise,Sunrise time for a location and day (next sunrise without a date; UTC-based DateObject),✅,contextual,10.0,1999
BlockMap,Apply a function to non-overlapping or sliding blocks of a list,✅,none,10.2,2002
MarginalDistribution,Marginal distribution of multivariate distribution (complex statistics),🚫,,8.0,2002
TooltipStyle,Style option for tooltips (GUI),🚫,,8.0,2002
BitShiftRight,Shifts integer bits to the right,✅,pure,6.0,2003
MultiedgeStyle,Style option for multi-edges in graphs (GUI),🚫,,6.0,2005
PixelValue,Get pixel value from image (image processing),✅,,8.0,2005
WaveletPsi,Wavelet function psi of a wavelet family evaluated at a point,✅,pure,8.0,2006
FindCurvePath,Find smooth path through points (computational geometry),🚫,,7.0,2008
Shallow,Control output depth display (notebook display),🚫,,2.0,2008
BooleanCountingFunction,Boolean function from a count specification (k; {k}; {kmin; kmax} or {{k1; k2; ...}}); applied to boolean arguments it counts their Trues and with a variable list it writes out the expression in an optional form,✅,pure,7.0,2012
DeleteStopwords,Removes common stopwords (articles; prepositions; pronouns; etc.) from a string; a list of words; or the keys of an association,✅,pure,10.1,2012
Downsample,Take every n-th element from a list,✅,none,9.0,2012
SliceContourPlot3D,3D contour slice plot (plotting),🚫,,10.2,2012
FieldHint,Input field hint text option (GUI),🚫,,8.0,2015
Molecule,Chemical molecule representation (chemistry),✅,pure,12.0,2015
ShowCellBracket,Notebook cell bracket display option (GUI),🚫,,3.0,2015
FileByteCount,Count bytes in file (file I/O),✅,,2.0,2018
NegativeBinomialDistribution,Discrete distribution for number of failures before n successes,✅,none,6.0,2018
RandomWord,Generate random words (requires dictionary),🚫,,10.3,2018
NMaxValue,Numerical maximum value optimization (numerical optimization),✅,,7.0,2020
UnitSimplify,Simplify physical units (unit system),🚫,,9.0,2020
AirTemperatureData,,🚫,,10.0,2024
ListVectorPlot,Creates a vector field plot from a list of {position vector} pairs,✅,pure,7.0,2024
OrderDistribution,Order statistics distribution (complex statistics),🚫,,8.0,2024
TracePrint,Print all sub-expressions used during an evaluation indented by depth,✅,effectful,2.0,2025
Circumsphere,Circumsphere of a simplex (computational geometry),✅,pure,10.0,2026
AnyTrue,Checks if any element in a list is true,✅,pure,10.0,2031
Convergents,List of convergents of a continued fraction representation,✅,none,6.0,2031
ImageMeasurements,Named measurement of an image — statistics per channel information measures over distinct pixels and the structural properties,✅,pure,9.0,2031
MedianFilter,Replace each element by the median of its radius-r neighborhood (1D/2D lists and images),✅,pure,7.0,2031
VertexOutDegree,Number of outgoing edges per vertex of a graph or edge list,✅,none,8.0,2031
BernsteinBasis,Bernstein basis polynomial,✅,pure,7.0,2034
LegendMargins,Margins around plot legends,🚫,,9.0,2034
Spectrogram,Plot the magnitude of the short-time Fourier transform (time vs frequency),✅,pure,9.0,2034
DateTicksFormat,Date format for plot tick labels,🚫,,6.0,2036
RootLocusPlot,Root locus plot for control systems,🚫,,8.0,2036
UndirectedGraph,Gives the graph with every edge undirected and duplicates dropped,✅,pure,8.0,2038
DegreeGraphDistribution,Degree-based graph distribution,🚫,,8.0,2039
NyquistPlot,Nyquist stability plot,🚫,,8.0,2040
FlattenLayer,Neural network flatten layer,🚫,,11.0,2042
VertexInDegree,Number of incoming edges per vertex of a graph or edge list,✅,none,8.0,2042
NotebookEventActions,Actions for notebook events,🚫,,6.0,2045
RescalingTransform,Affine TransformationFunction mapping a bounding box to the unit cube or a target box,✅,pure,6.0,2045
Wednesday,Day of the week symbol,✅,unevaluated,9.0,2045
PieChart3D,3D pie chart,✅,pure,7.0,2048
Tuesday,Day of the week symbol,✅,unevaluated,9.0,2048
WindowElements,Window UI elements option,🚫,,3.0,2048
InputString,Reads a line of user input as a string,✅,effectful,1.0,2051
LinkRead,Read from WSTP link,🚫,,3.0,2051
SelectionEvaluate,Evaluate selected notebook content,🚫,,3.0,2051
Annulus,Symbolic annular region; stays unevaluated and is consumed by region functions (RegionDimension/RegionMeasure/…),✅,unevaluated,10.2,2054
GeometricAssertion,Assert geometric properties,🚫,,12.0,2054
SphericalBesselY,Spherical Bessel function of second kind,✅,pure,6.0,2054
NestGraph,Nest graph operation,🚫,,10.2,2057
NoncentralStudentTDistribution,Non-central Student t distribution,🚫,,6.0,2057
Quartics,Option for Solve controlling whether quartic formulas are used,✅,pure,1.0,2057
MachineNumberQ,Test whether an expression is a machine-precision real number,✅,1,2.0,2059
TextString,Convert an expression to a human-readable string; reals print in full decimal (a fractional digit is kept below six integer digits) and exact non-symbol numbers are numericized to six significant digits,✅,pure,10.0,2059
ContainsAny,Test if any elements of the second list appear in the first,✅,pure,10.2,2061
ImagePerspectiveTransformation,Perspective transform on image,🚫,,8.0,2061
Atom,Represents an atom in a molecule (chemistry),✅,pure,12.0,2065
InverseSeries,Computes the reversion (inverse) of a power series,✅,pure,1.0,2065
RootMeanSquare,Returns the root mean square of a list or the column-wise root mean square of a matrix — exact for exact values symbols included,✅,pure,6.0,2065
SquareMatrixQ,Test if an expression is a square matrix,✅,none,10.0,2065
CholeskyDecomposition,Returns the upper-triangular Cholesky factor U of a Hermitian positive-definite matrix such that ConjugateTranspose[U].U equals the input,✅,None,5.0,2067
IntegerReverse,Reverses the digits of an integer in base b optionally over a fixed digit count (Listable),✅,pure,10.3,2067
ColorDistance,Distance between colors,🚫,,10.0,2071
Construct,Constructs an expression from a head and arguments,✅,pure,11.3,2071
ContinuousWaveletTransform,Continuous wavelet transform giving a ContinuousWaveletData object,✅,pure,8.0,2071
PearsonDistribution,Pearson family distribution,🚫,,8.0,2071
AngleVector,Direction vector from angle,✅,pure,10.1,2074
Back,Navigate back in history,🚫,,6.0,2074
CreateWindow,Create GUI window,🚫,,6.0,2079
EmbedCode,Embed code for deployment,🚫,,10.0,2079
EngineeringForm,Display wrapper for engineering notation formatting,✅,pure,1.0,2079
NeighborhoodGraph,Induced subgraph within distance r (default 1) of the given centers,✅,pure,8.0,2079
ValidationSet,Validation dataset for ML,🚫,,10.0,2079
EulerMatrix,Rotation matrix from Euler angles using the default {3 2 3} (ZYZ) convention or an explicit axis sequence,✅,pure,10.2,2082
MouseAppearance,Custom mouse cursor appearance wrapper (stays symbolic),✅,unevaluated,8.0,2082
SampledSoundList,Sampled sound representation,🚫,,2.0,2082
CatenateLayer,Neural network concatenation layer,🚫,,11.0,2084
CurveClosed,Check if curve is closed,🚫,,8.0,2084
FactorialPower,Falling factorial n*(n-1)*...*(n-k+1) (Listable),✅,pure,7.0,2085
SuperMinus,Typesetting notation for superscript minus,✅,none,6.0,2087
Symmetric,Represents the symmetry of a tensor that is symmetric in the specified slots,✅,pure,9.0,2087
AbortProtect,Evaluates its argument and returns the result (abort protection during the body),✅,pure,2.0,2089
ConnectedGraphQ,Test whether a graph is connected (strongly connected for directed graphs),✅,pure,8.0,2089
PowerSpectralDensity,Power spectral density of signal,🚫,,9.0,2091
Thursday,Day of the week symbol,✅,unevaluated,9.0,2091
GeoEntities,Geographic entities lookup,🚫,,10.0,2094
HeavisidePi,Rectangular pulse function: 1 for |x| < 1/2,✅,1,7.0,2094
MomentGeneratingFunction,Moment-generating function E[e^(tX)] of a probability distribution,✅,pure,8.0,2094
StringPartition,Partition a string into substrings of a given length,✅,pure,10.1,2097
TimeUsed,Total CPU time (user+system) used by the current process in seconds,✅,nondeterministic,1.0,2097
HTTPRequest,Symbolic HTTP request object,✅,pure,11.0,2100
ImageConvolve,Convolve image with kernel,✅,pure,7.0,2100
SemanticImport,Import with semantic interpretation,🚫,,10.0,2100
AudioPlot,Plot the waveform of an Audio or Sound object,✅,pure,11.0,2102
FlipView,Flippable view control (stays symbolic in script mode),✅,unevaluated,6.0,2102
EmptyRegion,Empty geometric region of a given embedding dimension,✅,pure,10.0,2108
HorizontalGauge,Horizontal gauge display,🚫,,9.0,2108
InverseGudermannian,Returns the inverse Gudermannian function value,✅,pure,7.0,2108
Periodogram,Plot the power spectrum of data or audio in decibels,✅,pure,9.0,2108
TensorReduce,Reduce tensor expressions,🚫,,9.0,2108
TextJustification,Text justification option,🚫,,3.0,2108
MaxStepFraction,ODE solver step size option,🚫,,4.0,2112
NotebookEvaluate,Evaluate notebook programmatically,🚫,,8.0,2112
SymmetricReduction,Reduce a polynomial into symmetric part and remainder over elementary symmetric polynomials,✅,none,6.0,2112
SymmetrizedArray,Array stored by its canonical entries under a tensor symmetry — expanded by Normal and queried by Dimensions and ArrayRules,✅,pure,9.0,2112
ActionMenu,Dropdown action menu (stays symbolic in script mode),✅,unevaluated,6.0,2116
BitShiftLeft,Shifts integer bits to the left,✅,pure,6.0,2116
ButtonNotebook,Notebook containing buttons,🚫,,3.0,2116
SequenceReplace,Replace non-overlapping subsequences matching a rule pattern with its replacement; supports the one-argument operator form,✅,pure,11.3,2116
RecordSeparators,Record separator option for streams,🚫,,2.0,2119
VerificationTest,Testing framework function,🚫,,10.0,2119
FileDate,Get file modification date,✅,,2.0,2121
LongShortTermMemoryLayer,LSTM neural network layer,🚫,,11.1,2121
Entropy,Shannon information entropy of the categorical distribution of a list's elements (base e by default; Entropy[b list] uses base b),✅,pure,7.0,2124
IntegerExponent,Returns the largest power of a base dividing n,✅,pure,4.0,2124
PercentForm,Formats a non-negative real number as a percentage,✅,pure,12.0,2124
GroupOrder,Order of a group,✅,pure,8.0,2129
QueueingProcess,Queueing theory process,🚫,,9.0,2129
RegionProduct,Cartesian product of regions — named as a box cylinder prism or parallelotope where one exists,✅,pure,10.0,2129
TrackingFunction,Tracking callback option,✅,none,10.0,2129
MathieuCharacteristicB,Mathieu characteristic value,🚫,,3.0,2131
PowerRange,List of values from xmin by successive multiplication while their magnitude stays within xmax,✅,pure,10.0,2131
ParentDirectory,Parent directory path,✅,none,2.0,2132
MatrixFunction,Apply a scalar function to a square matrix via its eigenvalues,✅,pure,9.0,2134
QuantityUnit,Returns the unit of a quantity,✅,pure,9.0,2134
Delayed,Delayed evaluation wrapper,🚫,,10.0,2138
PacletInstall,Install Wolfram paclet,🚫,,12.1,2138
Parallelogram,Parallelogram geometric region; symbolic region consumed by region functions and rendered in Graphics,✅,unevaluated,10.0,2138
SectorChart,Creates a sector chart from data,✅,pure,7.0,2138
InexactNumberQ,Tests if an expression is an inexact real number,✅,pure,4.0,2141
RootSum,Sum of form[r] over the roots r of a polynomial; numeric-coefficient polynomial f with polynomial form gives an exact power-sum value via Newton identities; other shapes stay symbolic,✅,pure,3.0,2141
ServiceExecute,Execute external service,🚫,,10.0,2141
ArgMin,Exact argument that minimizes an expression (optionally subject to constraints and over a Reals or Integers domain),✅,pure,7.0,2144
LetterQ,Tests if a string consists entirely of letters,✅,pure,2.0,2144
Underscript,Underscript notation wrapper (stays symbolic),✅,unevaluated,6.0,2144
EntityProperties,Lists properties available for an entity type,✅,pure,10.0,2147
KeyTake,Takes specified keys from an association; supports the operator form KeyTake[keys][assoc],✅,pure,10.0,2147
Paneled,Panel wrapper for display,🚫,,6.0,2147
BinLists,Group data points into equal-width bins,✅,pure,6.0,2149
VertexIndex,Returns the 1-based position of a vertex in VertexList of a graph,✅,none,8.0,2149
BoxMatrix,Gives the all-ones box structuring element for a scalar radius or list of radii (n-D) optionally centred in a grid of a given width,✅,pure,7.0,2152
CircleMinus,Symbolic circle-minus operator displayed with the Unicode glyph,✅,pure,3.0,2152
DiscreteLimit,Discrete limit of sequence,✅,pure,11.2,2152
FixedOrder,Fixed ordering pattern constraint,🚫,,10.1,2157
GraphDistanceMatrix,Matrix of shortest-path distances between all pairs of graph vertices,✅,1,8.0,2157
OrnsteinUhlenbeckProcess,Ornstein-Uhlenbeck process with Normal time slices,✅,unevaluated,9.0,2157
PolynomialQuotientRemainder,Quotient and remainder of polynomial division,✅,1,6.0,2157
SignificanceLevel,Statistical significance level option,🚫,,8.0,2157
Annuity,Financial annuity (passthrough used by TimeValue),✅,pure,8.0,2162
ColorQ,Test whether an expression is a color directive,✅,1,10.0,2162
CompleteKaryTree,Complete k-ary tree graph with n levels (default branching k=2),✅,1,8.0,2162
NotebookObject,Symbolic representation of an open notebook in the front end,🚫,None,3.0,2162
Simplex,Symbolic simplex geometric region; stays unevaluated and is consumed by region functions (RegionDimension/RegionMeasure/…),✅,unevaluated,10.0,2162
ArrayComponents,Replaces identical array elements with integer component indices (with optional level and label rules),✅,pure,8.0,2165
MorphologicalTransform,Applies morphological operations to binary images,🚫,None,8.0,2165
WebImageSearch,Searches the web for images matching a query,🚫,None,11.1,2165
EventData,,🚫,,9.0,2167
TensorExpand,Expand products of sums in tensor operations,✅,pure,9.0,2167
StringStartsQ,Checks if a string starts with a specific substring; supports the one-argument operator form,✅,pure,10.1,2168
BubbleChart3D,Creates a 3D bubble chart visualization,🚫,None,7.0,2170
OverwriteTarget,Option specifying whether to overwrite an existing target file,🚫,None,11.0,2170
EdgeDelete,Delete one or more edges from a graph while keeping all vertices,✅,pure,8.0,2172
ImageValuePositions,Returns positions of pixels with a specified value in an image,🚫,None,9.0,2172
ImageHistogram,Plots the histogram of pixel values in an image,✅,pure,7.0,2174
PasteButton,Represents a button that pastes content when clicked,🚫,None,6.0,2174
FindGraphCommunities,Finds community structure in a graph,🚫,None,9.0,2179
ImageSizeMultipliers,Option for scaling image display size,🚫,None,6.0,2179
IntervalIntersection,Computes the intersection of intervals,✅,pure,3.0,2179
NotebookLocate,Locates and selects a cell or object in an open notebook,🚫,None,3.0,2179
SunPosition,Azimuth/altitude of the Sun for a location and time (equatorial via CelestialSystem option),✅,contextual,10.0,2179
MAProcess,Represents a moving-average time series process,🚫,None,9.0,2181
QRDecomposition,Computes the QR decomposition of a matrix,✅,None,2.0,2181
QuantityArray,Represents an array of quantities with units,🚫,None,10.1,2184
SetStreamPosition,Sets the current position in an open stream,✅,io,2.0,2184
VertexShape,Option specifying the shape used to render graph vertices,🚫,None,8.0,2184
DawsonF,Returns the Dawson integral exp(-x^2) times integral of exp(t^2),✅,pure,7.0,2187
FromPolarCoordinates,Converts polar coordinates to Cartesian,✅,None,10.1,2187
GeneralizedLinearModelFit,Fits a generalized linear model to data,🚫,None,7.0,2187
OpenAppend,Opens a file for appending,✅,effectful,1.0,2188
ErlangDistribution,Erlang probability distribution equivalent to GammaDistribution with a rate parameter,✅,pure,8.0,2190
FourierCosTransform,Fourier cosine transform of a function,✅,pure,4.0,2190
KeySelect,Selects elements of an association by a key criterion; supports the operator form KeySelect[crit][assoc],✅,pure,10.0,2191
SkewNormalDistribution,Skew normal distribution with location m scale s and shape a,✅,pure,8.0,2193
Sunset,Sunset time for a location and day (next sunset without a date; UTC-based DateObject),✅,contextual,10.0,2193
HankelH2,Hankel function of the second kind,✅,pure,6.0,2197
LinkObject,Represents a MathLink or WSTP connection to an external process,🚫,None,3.0,2197
RemoveAlphaChannel,Removes the alpha transparency channel from an image,🚫,None,8.0,2197
WaveletScalogram,Scalogram plot of discrete or continuous wavelet data,✅,graphics,8.0,2197
ProbabilityPlot,Creates a probability plot for assessing data distribution fit,🚫,None,8.0,2198
Gradient,Symbolic gradient operator,🚫,None,2.2,2203
InverseErfc,Inverse complementary error function,✅,pure,3.0,2203
PlotLayout,Option specifying the layout arrangement of multiple plots,✅,pure,8.0,2203
ReflectionMatrix,Gives the reflection matrix for a normal vector,✅,None,6.0,2203
TTest,Performs a Student t-test for statistical hypothesis testing,🚫,None,8.0,2203
ImageFilter,Applies a filter function to the range-r neighbourhood of every pixel in each channel — the edges are repeated so every window is the full square,✅,pure,7.0,2205
DropoutLayer,Represents a dropout layer in a neural network,🚫,None,11.0,2208
RegionQ,Geometric region predicate,✅,pure,10.0,2208
ShearingTransform,Shear transformation by an angle along a direction relative to a normal optionally centred at a point,✅,pure,6.0,2208
ComplexContourPlot,Visualization,🚫,None,12.1,2210
GreenFunction,Differential equation Green's function,🚫,None,10.4,2210
ContinuedFractionK,Evaluates a generalized continued fraction,✅,pure,7.0,2212
InverseEllipticNomeQ,Inverse of the elliptic nome giving the parameter m for a nome q,✅,pure,3.0,2212
DoubleLongRightArrow,Symbol notation,🚫,None,3.0,2214
VectorMarkers,Visualization option,🚫,None,11.3,2214
FindFaces,Image processing,🚫,None,9.0,2217
NotebookInformation,Notebook UI,🚫,None,5.0,2217
SphericalHankelH1,Spherical Hankel function of the first kind,✅,pure,6.0,2219
ToNumberField,Algebraic number theory,🚫,None,6.0,2219
HarmonicMean,Returns the harmonic mean of a list or an association's values,✅,pure,6.0,2223
Masking,Image processing masking option,🚫,None,8.0,2223
OverscriptBox,Low-level box construct for overscript display,✅,pure,3.0,2223
PermutationList,Permutation list from cycle notation or a permutation list,✅,pure,8.0,2223
EmbeddedHTML,Web embedding,🚫,None,10.0,2225
MittagLefflerE,Mittag-Leffler function E_alpha(z) or E_{alpha beta}(z) summed via Sum[z^k/Gamma[alpha k + beta]],✅,pure,9.0,2225
NProduct,Numerical product of a sequence,✅,none,1.0,2229
SimpleGraph,Graph construction,🚫,None,8.0,2229
Threshold,Replaces array values below a threshold with zero,✅,pure,8.0,2229
Hexahedron,3D geometric primitive,🚫,None,10.0,2233
Nand,Logical NAND,✅,pure,4.1,2233
TimeSeriesShift,Shifts every time stamp of a series by a given amount,✅,pure,10.0,2233
WaitAll,Async parallel computation,🚫,None,7.0,2233
ClickPane,Clickable pane feeding a handler; renders as an interactive 2D pane,✅,unevaluated,6.0,2236
DiamondMatrix,Gives the diamond (L1-ball) structuring element for a scalar radius or list of radii (n-D) optionally centred in a grid of a given width,✅,pure,7.0,2236
MaxItems,Display option,🚫,None,10.1,2236
SSSTriangle,Constructs a triangle from three side lengths,✅,None,10.0,2239
ThreadingLayer,Machine learning,🚫,None,11.1,2239
WaveletFilterCoefficients,Filter coefficients of a wavelet family as index/value pairs,✅,pure,8.0,2239
NotebookFileName,Notebook UI,🚫,None,7.0,2240
AppearanceRules,UI styling,🚫,None,10.0,2243
LowerCaseQ,Tests if a string consists entirely of lowercase letters,✅,pure,2.0,2243
StationaryWaveletTransform,Undecimated (a trous) stationary wavelet transform,✅,pure,8.0,2243
AlgebraicNumber,Algebraic number theory,🚫,None,6.0,2246
DateHistogram,Date visualization,🚫,None,10.2,2246
DirectedGraph,Directed version of a graph with each undirected edge as two arcs,✅,pure,8.0,2246
BooleanRegion,Region built by combining regions with a Boolean function,✅,pure,10.0,2251
GraphUnion,Union of the vertices and edges of graphs,✅,pure,8.0,2251
PrimeOmega,Count prime factors with multiplicity (Listable),✅,pure,7.0,2251
SubValues,Returns the sub values of a symbol,✅,pure,2.0,2251
ToDiscreteTimeModel,Control systems,🚫,None,8.0,2251
FileNameSetter,UI file picker,🚫,None,6.0,2254
FindLinearRecurrence,Finds a minimal linear recurrence for a sequence,✅,None,7.0,2254
StateResponse,Control systems,🚫,None,8.0,2254
FullRegion,Geometric region,🚫,None,10.0,2260
PairedBarChart,Chart visualization,🚫,None,8.0,2260
Path,Graph theory path,🚫,None,4.0,2260
PoissonProcess,Poisson counting process with Poisson time slices,✅,unevaluated,9.0,2260
UnitaryMatrixQ,Tests whether a matrix is unitary,✅,None,10.0,2260
BarcodeImage,Barcode generation,🚫,None,10.0,2263
MeshRefinementFunction,Numerical mesh option,🚫,None,10.0,2263
RankedMin,k-th smallest element,✅,pure,8.0,2263
AssociationQ,Tests if an expression is an association,✅,pure,10.1,2268
BarcodeRecognize,Image recognition,🚫,None,10.0,2268
CountsBy,Counts elements grouped by a function,✅,None,10.0,2268
FoldPairList,Folds a list returning emitted values and new states; the two-argument form seeds the state with the first list element; optional fourth function is applied to each {emit;newState} pair before output,✅,pure,10.2,2268
AdjacencyList,Neighbor lists of a vertex or of all vertices (vertex-list order),✅,pure,9.0,2276
CloudShare,Cloud service,🚫,None,10.2,2276
EffectiveInterest,Effective annual rate from nominal rate compounded over a period,✅,pure,8.0,2276
FindHamiltonianCycle,Find a Hamiltonian cycle in a graph returning it as a list of edges or an empty list when none exists,✅,pure,8.0,2276
GumbelDistribution,Gumbel minimum extreme value distribution,✅,pure,6.0,2276
LimitsPositioning,Typesetting option,🚫,None,3.0,2276
PrimeNu,Count distinct prime factors of an integer (Listable),✅,pure,7.0,2276
SyntaxForm,Typesetting,🚫,None,3.0,2276
ProbabilityScalePlot,Statistical visualization,🚫,None,8.0,2278
VectorDensityPlot,Visualization,🚫,None,7.0,2278
GeoProjectionData,,🚫,,7.0,2282
KeyExistsQ,Checks if a key exists in an association,✅,pure,10.0,2282
ReadString,Read a file or stream as a string up to an optional terminator,✅,effectful,10.0,2282
WriteLine,Write a string to an output stream followed by a newline,✅,effectful,10.0,2282
BoundingRegion,Smallest bounding region of a point list or region — box by default and MinBall/MinDisk/FastBall/FastDisk/MinCuboid/MinRectangle on request,✅,pure,10.4,2286
CellDingbat,Notebook UI,🚫,None,3.0,2286
DistributionParameterAssumptions,Probability distribution,🚫,None,8.0,2286
WheelGraph,Wheel graph with a hub vertex joined to a cycle of rim vertices,✅,pure,8.0,2286
ContainsAll,Test if a list contains all elements of another list,✅,pure,10.2,2289
HypergeometricDistribution,Hypergeometric distribution (sampling without replacement); supports PDF Mean and Variance,✅,pure,6.0,2289
SystemsModelLabels,Control systems,🚫,None,8.0,2289
JoinAcross,Joins lists of associations on a common key,✅,None,10.0,2292
MeshCellMeasure,mesh computation option,🚫,None,10.0,2292
AlignmentPoint,typesetting option,🚫,None,6.0,2294
DateListLogPlot,Plots date-valued data with a logarithmic y-axis,✅,pure,7.0,2294
AbsoluteCurrentValue,dynamic content,🚫,None,6.0,2299
BatchSize,machine learning option,🚫,None,11.0,2299
DaubechiesWavelet,Daubechies wavelet family of order n,✅,pure,8.0,2299
HalfLine,Geometric half-line primitive; drawn in Graphics3D clipped to the plot range,✅,pure,10.0,2299
PalindromeQ,Tests if a string or list is a palindrome,✅,pure,10.3,2299
GraphQ,Test whether an expression is a valid Graph object,✅,1,8.0,2305
ListStreamPlot,stream visualization,🚫,None,7.0,2305
RandomSeeding,random options,🚫,None,11.2,2305
SemanticInterpretation,natural language processing,🚫,None,10.0,2305
ShowCellLabel,notebook UI option,🚫,None,3.0,2305
WordSeparators,text processing option,🚫,None,2.0,2305
ClockGauge,dynamic gauge display,🚫,None,9.0,2311
DeleteDirectory,file system operation,✅,None,2.0,2311
FunctionPeriod,symbolic period analysis (complex),🚫,None,10.0,2311
MathieuCPrime,Derivative of the even Mathieu function with characteristic value a and parameter q,✅,pure,3.0,2311
PartialCorrelationFunction,time series,🚫,None,9.0,2311
Skip,Skip n values from a stream while reading,✅,None,2.0,2311
DocumentNotebook,notebook creation,🚫,None,6.0,2317
FindClique,Finds maximal cliques (largest by default; size spec and count/All forms),✅,pure,8.0,2317
GraphHighlight,graph visualization,🚫,None,8.0,2317
MissingQ,Test whether an expression is a Missing value,✅,1,10.2,2317
PlanckRadiationLaw,physics formula (external data),🚫,None,10.0,2317
Raster3D,3D raster (voxel) graphics primitive,✅,unevaluated,9.0,2317
GeoGridLines,Graticule option for GeoGraphics,✅,pure,10.0,2320
NArgMax,Numerically finds the argument that maximizes an expression optionally subject to constraints given as {f cons} with a single variable or a variable list,✅,None,7.0,2320
PrimePowerQ,Tests if a number is a prime power,✅,pure,6.0,2320
ControllerLinking,dynamic interaction,🚫,None,6.0,2321
KeyValuePattern,Pattern object matching an association or list of rules that contains the given key-value rules (order-independent subset),✅,pure,10.4,2324
Parallelepiped,Symbolic parallelepiped region; stays unevaluated and is consumed by region functions (RegionDimension/RegionMeasure/…),✅,unevaluated,10.0,2324
SendMail,email sending,🚫,None,7.0,2324
FourierSinCoefficient,Half-range Fourier sine coefficient of polynomials,✅,pure,7.0,2329
HeavisideLambda,Triangular pulse function: 1 - |x| for |x| < 1,✅,1,7.0,2329
NDEigenvalues,numerical PDE eigenvalues,🚫,None,10.2,2329
Star,Symbolic star operator with Unicode display,✅,pure,3.0,2329
TimeSeriesWindow,Gives the time series points whose time stamps fall in a window,✅,pure,10.0,2329
Bra,Dirac bra notation (stays symbolic),✅,unevaluated,13.3,2333
CellContext,notebook UI,🚫,None,6.0,2333
ComposeList,Returns list of successive function compositions,✅,pure,2.0,2333
ZernikeR,Radial Zernike polynomial R_n^m(x) for non-negative integer orders,✅,pure,1.0,2333
AnimationDirection,animation option,🚫,None,3.0,2338
ClipPlanes,3D graphics option,🚫,None,10.0,2338
FinancialIndicator,financial data,🚫,None,8.0,2338
FourierCosCoefficient,Half-range Fourier cosine coefficient of polynomials,✅,pure,7.0,2338
SequenceHold,Attribute that prevents Sequence objects in a function's arguments from being flattened/spliced,✅,None,3.0,2338
BoundaryMesh,mesh generation,🚫,None,10.0,2344
ImageCorrelate,Correlate image with kernel,✅,pure,7.0,2344
ParameterEstimator,statistical estimation,🚫,None,8.0,2344
TransformationMatrix,Gives the homogeneous matrix of a transformation function,✅,pure,6.0,2344
VectorAspectRatio,visualization option,🚫,None,12.1,2344
CylindricalDecomposition,algebraic geometry,🚫,None,5.0,2350
FindMinValue,Finds the value at a local minimum of a function numerically,✅,pure,7.0,2350
FromContinuedFraction,Converts a continued fraction to a number,✅,pure,4.0,2350
InverseSurvivalFunction,Inverse survival function giving x where the survival probability equals q,✅,pure,8.0,2350
WeierstrassInvariants,Invariants {g2 g3} of the Weierstrass elliptic function for a lattice given by its half-periods (numeric via theta constants; exact closed forms for the square and hexagonal CM lattices),✅,pure,3.0,2350
ZipfDistribution,Zipf distribution (Zeta and HarmonicNumber normalizations),✅,pure,6.0,2350
GeoBubbleChart,geographic visualization,🚫,None,11.1,2355
MixedUnit,Compound unit list inside Quantity (inert canonical form),✅,pure,10.4,2355
RankedMax,k-th largest element,✅,pure,8.0,2355
WindowFrame,notebook UI,🚫,None,3.0,2355
FindProcessParameters,stochastic process fitting,🚫,None,9.0,2360
KirchhoffMatrix,Builds the Kirchhoff (Laplacian) matrix of a graph,✅,none,8.0,2360
ListPlay,Plays a list of amplitude levels as a sound,✅,None,2.0,2360
SmoothHistogram3D,3D visualization,🚫,None,8.0,2360
SyntaxQ,Test if a string is valid Wolfram Language syntax,✅,1,2.0,2360
SurfaceArea,Total boundary area of a 3D solid region,✅,pure,12.0,2361
CloudPut,cloud storage,🚫,None,10.0,2367
ExponentialMovingAverage,Computes exponential moving average of a list,✅,None,6.0,2367
GeoDirection,Initial bearing from one geo position to another,✅,pure,7.0,2367
MeanDeviation,Mean absolute deviation from the mean,✅,1,6.0,2367
RegionEmbeddingDimension,Dimension of the space a region is embedded in,✅,pure,10.0,2367
TriangulateMesh,mesh generation,🚫,None,10.0,2367
CloseKernels,parallel computing,🚫,None,7.0,2371
DefaultBaseStyle,styling option,🚫,None,7.0,2371
ImageDeconvolve,image processing,🚫,None,8.0,2371
WaveletPhi,Scaling function phi of a wavelet family evaluated at a point,✅,pure,8.0,2371
FrameBox,Low-level box construct for framed content display,✅,pure,3.0,2374
IrreduciblePolynomialQ,Tests whether a polynomial is irreducible over the rationals,✅,pure,1.0,2374
ToPolarCoordinates,Converts Cartesian coordinates to polar,✅,None,10.1,2374
BubbleSizes,chart option,🚫,None,7.0,2380
CountRoots,Count the real roots of a univariate polynomial with multiplicity over the reals or a closed interval,✅,pure,6.0,2380
DoubleLongLeftRightArrow,symbol notation,🚫,None,3.0,2380
InverseGammaRegularized,Inverse of the regularized upper incomplete gamma function Q(a z),✅,pure,3.0,2380
MultivariateTDistribution,probability distribution,🚫,None,8.0,2380
PartitionsQ,Number of partitions of n into distinct parts,✅,pure,1.0,2380
BatesDistribution,probability distribution,🚫,None,8.0,2383
SetSelectedNotebook,notebook UI,🚫,None,3.0,2383
WaveletMapIndexed,Applies a function to wavelet coefficient arrays with their indices,✅,pure,8.0,2383
ChineseRemainder,Solves a system of modular congruences (optional third argument gives the smallest solution >= d),✅,pure,6.0,2389
ContentPadding,UI styling,🚫,None,8.0,2389
FromSphericalCoordinates,Converts spherical coordinates to Cartesian,✅,None,10.1,2389
IntervalSlider,Interval slider control (stays symbolic in script mode),✅,unevaluated,10.0,2389
PunctuationCharacter,String pattern matching a single punctuation character,✅,pure,10.3,2389
TransformedProcess,stochastic process,🚫,None,10.0,2389
CayleyGraph,group theory graph,🚫,None,8.0,2394
CellFrameMargins,notebook styling,🚫,None,3.0,2394
ChromaticityPlot,color visualization,🚫,None,10.0,2394
GeoPositionXYZ,geographic coordinates,🚫,None,7.0,2394
TensorTranspose,Transposes the levels of a tensor according to a permutation,✅,pure,9.0,2394
CircleThrough,Finds the circumscribed circle through given points,✅,None,12.0,2399
Cyclotomic,n-th cyclotomic polynomial,✅,pure,1.0,2399
ReshapeLayer,neural network,🚫,None,11.0,2399
Stack,Return the current evaluation call stack as a list of function names,✅,pure,2.0,2399
HaarWavelet,Haar wavelet family,✅,pure,8.0,2404
LineIntegralConvolutionPlot,visualization,🚫,None,7.0,2404
PolynomialExtendedGCD,Extended GCD of two polynomials returning the monic GCD and Bezout cofactors,✅,pure,6.0,2404
VertexReplace,Renames the vertices of a graph in its vertex list and its edges,✅,pure,8.0,2404
Cashflow,Financial cashflow stream (passthrough used by TimeValue),✅,pure,8.0,2408
ChanVeseBinarize,image processing,🚫,None,8.0,2408
CopulaDistribution,probability distribution,🚫,None,8.0,2408
ToeplitzMatrix,Generate a Toeplitz matrix from a list (symmetric) or from a first column and first row,✅,pure,6.0,2408
FromCoefficientRules,Builds a polynomial from a list of exponent-vector to coefficient rules,✅,pure,7.0,2411
ImageMesh,image to mesh,🚫,None,11.0,2411
ReliabilityDistribution,Lifetime distribution of a coherent system built from a Boolean structure function over independent component distributions,✅,pure,9.0,2411
KernelMixtureDistribution,probability distribution,🚫,None,8.0,2413
WordCounts,Counts word occurrences in a string (surrounding punctuation stripped); two-arg form counts word n-grams keyed by word lists,✅,None,10.1,2413
AutoAction,UI interaction,🚫,None,6.0,2421
ByteOrdering,binary data option,🚫,None,5.2,2421
ChartElements,chart customization,🚫,None,7.0,2421
DeleteObject,Delete a socket listener or other session object,✅,effectful,11.2,2421
GeoDestination,Geodesic destination point given distance and azimuth,✅,pure,7.0,2421
LaplacianGaussianFilter,image filtering,🚫,None,7.0,2421
Restricted,domain restriction,🚫,None,10.0,2421
ScheduledTask,task scheduling,🚫,None,10.0,2421
FractionalBrownianMotionProcess,stochastic process,🚫,None,9.0,2425
Hyphenation,text processing,🚫,None,4.0,2425
Manual,documentation system,🚫,None,6.0,2425
SystemsModelExtract,control systems,🚫,None,8.0,2425
DisplayAllSteps,display option,🚫,None,6.0,2431
ExternalEvaluate,external code execution,🚫,None,11.2,2431
InterquartileRange,Difference between third and first quartiles under optional Quantile parameters (of a list or an association's values; columnwise for a matrix),✅,pure,6.0,2431
InverseFunctions,option for inverse computation,🚫,None,2.0,2431
KolmogorovSmirnovTest,statistical test,🚫,None,8.0,2431
Arrays,type system,🚫,None,9.0,2435
ExpandDenominator,Expands the denominator of a rational expression,✅,pure,1.0,2435
KleinInvariantJ,Normalized elliptic modular invariant J(tau) equal to j(tau)/1728 (exact at tau=I; numeric via theta ratio),✅,pure,3.0,2435
QueueProperties,queueing theory,🚫,None,9.0,2435
Byte,Symbol for byte type in BinaryRead/BinaryWrite,✅,pure,1.0,2438
FeatureSpacePlot,ML visualization,🚫,None,11.1,2438
TakeSmallest,Takes the n smallest elements from a list; supports the operator form TakeSmallest[n][list],✅,pure,10.1,2438
ARIMAProcess,time series model,🚫,None,9.0,2442
ChoiceDialog,,🚫,,6.0,2442
SystemsModelFeedbackConnect,,🚫,,8.0,2442
TimeSeriesThread,Applies a function to the values several series share at each time stamp,✅,pure,10.0,2442
ArithmeticGeometricMean,Arithmetic-geometric mean of two numbers,✅,pure,1.0,2449
CellLabel,,🚫,,3.0,2449
Infix,Symbol for infix display formatting,✅,pure,1.0,2449
MoleculePlot3D,,🚫,,12.0,2449
PreserveImageOptions,,🚫,,6.0,2449
ReverseSort,Sorts a list in reverse order (on an association sorts pairs descending by value),✅,pure,11.1,2449
TimeSeriesResample,Resamples a time series at an even step or on a given weekday,✅,pure,10.0,2449
Antisymmetric,Represents the symmetry of a tensor that is antisymmetric in the specified slots,✅,pure,9.0,2452
EventSeries,Represents a series of events paired with time stamps,✅,pure,10.0,2452
UnderscriptBox,a low-level typesetting box representing an expression with an underscript,✅,none,3.0,2452
Definition,Display the definition of a symbol,✅,pure,1.0,2462
FindArgMin,Find argument that minimizes a function,✅,none,7.0,2462
HalfNormalDistribution,represents a half-normal distribution with parameter theta,✅,none,6.0,2462
ImageQ,Tests whether an expression is an image,✅,pure,7.0,2462
ManhattanDistance,Manhattan (L1) distance between two vectors,✅,pure,6.0,2462
NRoots,Numerical roots of a polynomial equation,✅,pure,1.0,2462
ParallelSum,,🚫,,7.0,2462
Sharpen,Sharpens an image using unsharp mask,✅,pure,7.0,2462
SystemsModelSeriesConnect,,🚫,,8.0,2462
VerticalGauge,,🚫,,9.0,2462
Algebraics,,🚫,,4.0,2468
Beep,,🚫,,6.0,2468
GaussianIntegers,,🚫,,2.0,2468
HalfPlane,Half-plane geometric region; symbolic region consumed by region functions and rendered in Graphics; drawn in Graphics3D clipped to the plot range,✅,unevaluated,10.0,2468
MantissaExponent,Decompose a number into mantissa and exponent,✅,pure,2.0,2468
SelectedCells,,🚫,,10.0,2468
CellID,,🚫,,6.0,2469
FormulaData,,🚫,,10.0,2473
GaugeLabels,,🚫,,9.0,2473
MemoryConstrained,Symbol for memory-constrained evaluation,✅,pure,1.0,2473
PrincipalComponents,gives the principal component scores of a data matrix,✅,none,8.0,2473
NMinValue,Numerical minimum value of a function,✅,none,7.0,2475
ScreenStyleEnvironment,,🚫,,3.0,2475
CompiledFunction,Head for compiled functions,✅,pure,2.0,2477
MathieuSPrime,gives the derivative of the odd Mathieu function with characteristic value a and parameter q,✅,none,3.0,2477
Assert,Assert that a condition is True,✅,1,8.0,2483
CoordinateBounds,Coordinate bounds of a list of points with optional padding,✅,none,10.1,2483
ImageRecolor,,🚫,,12.0,2483
MatrixPropertyDistribution,represents the distribution of a matrix property for a matrix distribution,✅,none,10.3,2483
Regularization,,🚫,,7.0,2483
ColorProfileData,,🚫,,9.0,2487
DegreeCentrality,Degree centrality of graph vertices,✅,1,8.0,2487
TransferFunctionPoles,,🚫,,8.0,2487
WhiteNoiseProcess,White noise process sliced as its underlying distribution,✅,unevaluated,10.0,2487
EulerAngles,Extract Euler angles from rotation matrix,✅,none,10.2,2491
SemanticImportString,,🚫,,10.0,2491
SystemsModelStateFeedbackConnect,,🚫,,8.0,2491
TraceScan,Apply a function as a side effect to each sub-expression during evaluation,✅,effectful,2.0,2491
ImageType,Returns the data type of an image,✅,pure,7.0,2495
ResetDirectory,resets the current directory to the previous one set by SetDirectory,✅,io,2.0,2495
SpanFromBoth,Grid element that merges into a block spanning both left and above,✅,none,6.0,2495
AudioData,Samples of an audio object one list per channel optionally scaled onto an integer sample type,✅,pure,11.0,2503
BinomialProcess,Binomial counting process with Binomial time slices,✅,unevaluated,9.0,2503
ExponentialGeneratingFunction,Compute the exponential generating function of a sequence,✅,pure,7.0,2503
GeoIdentify,,🚫,,10.0,2503
HilbertMatrix,Generate a Hilbert matrix of given size,✅,1,6.0,2503
MenuSortingValue,,🚫,,8.0,2503
Messages,Returns the messages associated with a symbol,✅,pure,1.0,2503
MorphologicalPerimeter,,🚫,,7.0,2503
BooleanMinimize,Find the minimal sum-of-products Boolean expression; terms are ordered by their literal pattern,✅,pure,7.0,2509
ChiDistribution,represents a chi distribution with n degrees of freedom,✅,none,6.0,2509
CloudPublish,,🚫,,10.2,2509
Glaisher,Glaisher-Kinkelin constant,✅,none,4.0,2509
ListCurvePathPlot,,🚫,,7.0,2509
Bookmarks,Option for bookmarked settings in Manipulate,✅,pure,7.0,2512
SliceDensityPlot3D,,🚫,,10.2,2512
StringRepeat,Repeats a string a number of times optionally truncated to a given length,✅,pure,10.1,2512
BracketingBar,,🚫,,3.0,2514
StartProcess,,🚫,,10.0,2514
DivisorSum,Applies a function to each divisor and sums the results,✅,pure,7.0,2519
EdgeLabelStyle,,🚫,,8.0,2519
EllipticLog,Symbol for elliptic logarithm function,✅,pure,1.0,2519
FinancialBond,,🚫,,8.0,2519
StableDistribution,Stable distribution with PDF/CDF for Cauchy and Normal special cases,✅,pure,8.0,2519
AngerJ,Anger function AngerJ[nu z] which equals BesselJ for integer orders,✅,pure,7.0,2525
LineGraph,Line graph: one vertex per edge with adjacency for shared endpoints,✅,pure,8.0,2525
LocalizeVariables,,🚫,,6.0,2525
MaxFilter,Replace each element by the maximum of its radius-r neighborhood (1D/2D lists and images),✅,pure,7.0,2525
StringReplaceList,List of all single replacements in a string — one result per individual match of any rule (threading over a list of strings; supports pattern rules a count limit and the IgnoreCase option),✅,pure,5.1,2525
VarianceEstimatorFunction,,🚫,,7.0,2525
DeviceOpen,,🚫,,10.0,2528
InverseWeierstrassP,Inverse Weierstrass elliptic function,✅,pure,3.0,2528
Upsample,Upsample a list by inserting zeros,✅,none,9.0,2528
DEigensystem,,🚫,,10.3,2533
DiscreteWaveletPacketTransform,Full-tree discrete wavelet packet transform,✅,pure,8.0,2533
MengerMesh,,🚫,,11.1,2533
PolynomialLCM,Least common multiple of polynomials,✅,pure,2.0,2533
TensorWedge,Exterior (wedge) product of vectors/tensors,✅,pure,9.0,2533
SmithDecomposition,gives the Smith normal form decomposition of an integer matrix,✅,none,10.2,2535
SpheroidalPS,,🚫,,6.0,2535
AsymptoticSolve,Find asymptotic solutions to equations near a point,✅,pure,12.0,2541
CandlestickChart,,🚫,,8.0,2541
ListFourierSequenceTransform,Discrete-time Fourier transform of a list sequence,✅,pure,9.0,2541
LogitModelFit,Logistic regression model fitting via IRLS,✅,pure,7.0,2541
NumberPoint,Option for the NumberForm family giving the string used for the decimal point,✅,pure,1.0,2541
WindowFrameElements,,🚫,,4.0,2541
ChromaticPolynomial,gives the chromatic polynomial of a graph in the variable k,✅,none,10.0,2545
EndOfLine,string pattern for end of line,✅,Symbolic,5.1,2545
Pyramid,Square pyramid region primitive with volume centroid and surface area,✅,pure,10.0,2545
TextStructure,,🚫,,10.3,2545
ChessboardDistance,Chessboard (Chebyshev) distance between points,✅,none,6.0,2549
DiscreteConvolve,Discrete convolution of two sequences,✅,pure,7.0,2549
Operate,Applies a function to the head of an expression,✅,pure,1.0,2549
SpheroidalS1,,🚫,,6.0,2549
CancelButton,,🚫,,6.0,2553
FourierSinTransform,Fourier sine transform of a function,✅,pure,4.0,2553
Paste,Paste from clipboard (UI function),🚫,UI,8.0,2553
RenameFile,renames a file,✅,FileSystem,2.0,2553
FileNameDrop,Drop path components from a file name,✅,none,7.0,2554
ArrayResample,Resample every axis of an array to a given number of points by linear interpolation,✅,pure,10.0,2557
RowLines,option for grid formatting row lines,✅,Symbolic,3.0,2557
Underflow,Symbol representing arithmetic underflow,✅,pure,1.0,2557
InterpretationFunction,,🚫,,12.2,2561
RandomWalkProcess,,🚫,,9.0,2561
RegionEqual,Tests whether geometric regions are equal by normalizing to canonical forms and comparing,✅,pure,11.1,2561
SymmetricPolynomial,Compute elementary symmetric polynomial,✅,none,6.0,2561
CellFrameLabels,,🚫,,4.0,2565
DeleteContents,option for DeleteDirectory,✅,Symbolic,2.0,2565
PaletteNotebook,,🚫,,6.0,2565
ValueDimensions,Option symbol specifying the number of value dimensions in temporal data,✅,pure,10.0,2565
AdjustmentBox,,🚫,,3.0,2570
ButtonBar,Row of buttons with held actions (stays symbolic in script mode),✅,unevaluated,7.0,2570
ColumnSpacings,option for column spacing in grids,✅,Symbolic,3.0,2570
DiagonalizableMatrixQ,Test whether a matrix is diagonalizable,✅,none,10.0,2570
StreamPosition,Returns the current position in an open stream,✅,io,2.0,2570
CountDistinct,Count distinct elements of a list or an association's values under an optional sameness test,✅,pure,10.0,2578
CriterionFunction,option specifying criterion function,✅,Symbolic,10.4,2578
CrossMatrix,Gives the n-dimensional cross structuring element for a numeric radius or list of radii,✅,pure,7.0,2578
DateInterval,Creates an interval between two dates with normalized date list representation,✅,pure,12.1,2578
DeleteBorderComponents,,🚫,,8.0,2578
EqualTo,Operator form of Equal,✅,none,10.3,2578
SubstitutionSystem,Applies substitution rules iteratively to sequences strings or grids,✅,pure,10.2,2578
XMLTemplate,Reads an XML template string or file and yields a TemplateObject,✅,effectful,10.0,2578
BorderDimensions,,🚫,,8.0,2587
CensoredDistribution,Distribution with values clamped to an interval,✅,pure,8.0,2587
FromDMS,Convert degrees-minutes-seconds to decimal degrees,✅,none,7.0,2587
HermitianMatrixQ,Test whether a matrix is Hermitian,✅,none,6.0,2587
IntervalMarkers,option for interval markers in plots,✅,Symbolic,12.0,2587
SetSharedFunction,,🚫,,7.0,2587
TimeSeriesMap,Applies a function to every value of a series keeping the time stamps,✅,pure,10.0,2587
WeberE,Weber function E_nu(z); exact closed form (polynomial over Pi minus StruveH) for integer order; numerical quadrature otherwise,✅,pure,7.0,2587
WignerD,Wigner D-matrix elements for rotation group representations,✅,pure,8.0,2587
ByteArray,Creates a byte array from a list of unsigned byte values or a Base64-encoded string,✅,pure,10.1,2591
FrenetSerretSystem,Compute the Frenet-Serret system (curvatures and orthonormal frame) for a parametric curve,✅,pure,10.0,2591
NumericalSort,Sorts a list by the numeric value of its elements,✅,pure,11.1,2591
Transliterate,Transliterate text in other writing scripts to plain Latin/ASCII characters,✅,pure,10.3,2591
AnyOrder,grammar pattern for any order,✅,Symbolic,10.1,2596
ConstantImage,Create a constant image filled with a specified color or gray level,✅,pure,10.0,2596
Decrypt,,🚫,,10.1,2596
ImageForwardTransformation,,🚫,,8.0,2596
NetMapOperator,,🚫,,11.1,2596
DayCount,Count days (or occurrences of a given weekday) between two dates,✅,pure,9.0,2605
ExpandNumerator,Expands the numerator of a rational expression,✅,pure,1.0,2605
ExpressionGraph,Create a graph from the tree structure of an expression,✅,pure,12.1,2605
ImageDifference,Absolute difference of two images of the same size sample by sample,✅,pure,8.0,2605
InverseGammaDistribution,represents an inverse gamma distribution,✅,Computation,7.0,2605
LetterCounts,Counts letter occurrences in a string (or each string of a list); two-arg form counts letter n-grams (non-letters break the window),✅,pure,10.1,2605
NArgMin,Numerically finds the argument that minimizes an expression optionally subject to constraints given as {f cons} with a single variable or a variable list,✅,None,7.0,2605
VertexOutComponent,Vertices reachable from a vertex,✅,1,8.0,2605
ViewProjection,,🚫,,11.2,2605
ArrayMesh,Create a MeshRegion from a binary 1D or 2D array,✅,pure,10.4,2611
ForwardBackward,Symbolic value for AnimationDirection option (forward then backward),✅,pure,6.0,2611
KaryTree,K-ary tree graph,✅,1,8.0,2611
LogisticDistribution,represents a logistic distribution,✅,pure,6.0,2611
MultiplySides,Multiply both sides of an equation by an expression; a symbolic factor is guarded by c != 0 via Piecewise; an equation second argument pairs the sides,✅,none,11.3,2611
URLShorten,,🚫,,10.0,2611
DistributionParameterQ,Tests whether the parameters of a distribution are valid,✅,pure,8.0,2617
PlanarAngle,Planar angle at a vertex from the list form {q1 p q2} or the vertex-rule form p -> {q1 q2} (2-D only),✅,pure,12.0,2617
PrivateFontOptions,,🚫,,3.0,2617
StarGraph,Star graph with n vertices,✅,1,8.0,2617
Toggler,Toggler control element (stays symbolic in script mode),✅,unevaluated,6.0,2617
GraphDiameter,Maximum shortest path distance,✅,1,8.0,2625
ImageCorners,,🚫,,9.0,2625
Inpaint,,🚫,,8.0,2625
KernelObject,,🚫,,7.0,2625
ListVectorPlot3D,,🚫,,7.0,2625
PairedHistogram,,🚫,,8.0,2625
SequenceLastLayer,,🚫,,11.1,2625
SquaresR,Number of representations as sum of squares,✅,none,6.0,2625
CellObject,,🚫,,9.0,2632
FindArgMax,Find argument that maximizes a function,✅,none,7.0,2632
GreaterThan,Operator form of Greater,✅,none,10.3,2632
IncludeConstantBasis,option for including constant basis,✅,Symbolic,7.0,2632
IntervalMarkersStyle,option for interval marker style,✅,Symbolic,12.0,2632
Opening,Morphological opening (erosion followed by dilation),✅,pure,7.0,2632
Subsequences,Returns all contiguous subsequences of a list,✅,pure,10.4,2632
GraphPropertyDistribution,Distribution of a graph property over a graph distribution,✅,1,9.0,2635
HatchFilling,option for hatch filling in plots,✅,Symbolic,12.1,2635
TagUnset,Removes an upvalue assignment associated with a tag symbol,✅,stateful,1.0,2635
CDFDeploy,,🚫,,8.0,2642
FourierMatrix,Discrete Fourier transform matrix,✅,1,9.0,2642
RecurrenceFilter,Apply an IIR/FIR recurrence filter to data,✅,pure,9.0,2642
SpheroidalS2,,🚫,,6.0,2642
SubtractSides,Subtract an expression from both sides of an equation; one-arg form subtracts the rhs giving lhs-rhs==0; an equation second argument pairs the sides,✅,none,11.3,2642
Uninstall,,🚫,,2.0,2642
CantorMesh,Create a 1D or 2D Cantor set mesh at a given level of iteration,✅,pure,11.1,2650
Capitalize,Capitalizes letters in a string (first word or AllWords/FirstWord/LongWords),✅,pure,10.1,2650
GeoCenter,,🚫,,10.0,2650
HeaderLines,option for header lines in imports,✅,Symbolic,10.0,2650
IntersectingQ,Test whether two lists share any element,✅,pure,10.0,2650
LatticeReduce,LLL lattice basis reduction,✅,pure,1.0,2650
Splice,Splice a list into an enclosing list,✅,1,12.1,2650
StateFeedbackGains,Requires control systems framework (StateSpaceModel),🚫,None,8.0,2650
GeoDisplacement,,🚫,,10.0,2656
InverseChiSquareDistribution,represents an inverse chi-square distribution,✅,Computation,7.0,2656
MeijerGReduce,Requires deep Meijer G-function theory,🚫,None,11.0,2656
SelfLoopStyle,option for self-loop style in graphs,✅,Symbolic,6.0,2656
StringPart,Extracts characters from a string by index,✅,pure,11.0,2656
TransformationFunction,Represents a geometric transformation as a homogeneous matrix,✅,pure,6.0,2656
DatabinAdd,,🚫,,10.0,2662
DihedralGroup,Symbolic dihedral group of order 2n; stays unevaluated and is consumed by GroupOrder/GroupGenerators/GroupElements,✅,unevaluated,8.0,2662
DistributedContexts,,🚫,,8.0,2662
FunctionContinuous,Test whether a function is continuous,✅,1,12.2,2662
ScaleDivisions,option for scale divisions,✅,Symbolic,9.0,2662
SliceVectorPlot3D,,🚫,,10.2,2662
CirculantGraph,Circulant graph on n vertices with given jumps,✅,pure,8.0,2671
ColumnAlignments,option for column alignments in grids,✅,Symbolic,3.0,2671
ExtentElementFunction,option for extent element function,✅,Symbolic,8.0,2671
ExtremeValueDistribution,represents an extreme value distribution,✅,Computation,6.0,2671
FrechetDistribution,represents a Frechet distribution,✅,Computation,8.0,2671
InverseGaussianDistribution,represents an inverse Gaussian distribution,✅,Computation,6.0,2671
LocalAdaptiveBinarize,Requires image processing framework,🚫,io,10.0,2671
MaxFeatures,,🚫,,9.0,2671
TuttePolynomial,Compute the Tutte polynomial of a graph,✅,1,10.0,2671
ConicHullRegion,Represents a conic hull region,✅,pure,10.0,2675
KnightTourGraph,graph of knight moves on a chessboard,✅,Computation,8.0,2675
LinkCreate,,🚫,,3.0,2675
LocationTest,perform a one- or two-sample t-test for location,✅,none,8.0,2675
FindPermutation,Permutation mapping one list to another (to its sorted form when given one list),✅,pure,8.0,2679
HitMissTransform,,🚫,,7.0,2679
Symmetrize,Projects an array onto a tensor symmetry as a SymmetrizedArray — Symmetric Antisymmetric Hermitian or ZeroSymmetric over any set of slots (defaulting to full symmetry),✅,pure,9.0,2679
ViewMatrix,,🚫,,6.0,2679
DiscreteAsymptotic,compute leading asymptotic term of a discrete sequence,✅,none,12.1,2688
FullGraphics,Converts graphics primitives to explicit coordinates,✅,pure,2.0,2688
Hyperplane,Represents a hyperplane defined by a normal vector and offset,✅,pure,10.2,2688
InstallService,,🚫,,6.0,2688
Likelihood,compute the likelihood function for a distribution and data,✅,none,8.0,2688
Subset,represents a subset relation,✅,Symbolic,3.0,2688
ToEntity,,🚫,,10.0,2688
Tomorrow,Returns a DateObject representing the next calendar day,✅,contextual,10.0,2688
Update,Symbol for updating objects,✅,pure,1.0,2688
AbelianGroup,Represents an abelian group specified by invariant factors,✅,pure,8.0,2693
DelimitedSequence,Represents a delimited sequence of expressions,✅,pure,10.0,2693
NotebookImport,,🚫,,10.1,2693
TargetUnits,option for target units,✅,Symbolic,9.0,2693
TrimmedMean,Mean after dropping the lowest and highest Floor[f n] values (default f 0.05),✅,pure,6.0,2693
CellOpen,,🚫,,3.0,2698
EmbeddingLayer,,🚫,,11.0,2698
GeoZoomLevel,,🚫,,10.0,2698
Khinchin,Khinchin constant,✅,Computation,4.0,2698
SystemInformation,,🚫,,6.0,2698
CellFrameColor,,🚫,,4.0,2707
GaugeMarkers,,🚫,,9.0,2707
GroupGenerators,give generators of a group,✅,none,8.0,2707
Longitude,extract longitude from a geo position,✅,none,7.0,2707
MeanShiftFilter,,🚫,,8.0,2707
PrintingStyleEnvironment,,🚫,,3.0,2707
ShowAutoStyles,,🚫,,4.0,2707
SpheroidalEigenvalue,,🚫,,6.0,2707
WattsStrogatzGraphDistribution,Watts-Strogatz small-world graph distribution,,unevaluated,8.0,2707
DictionaryWordQ,Tests whether a string is a recognized dictionary word,✅,pure,10.4,2712
GompertzMakehamDistribution,represents a Gompertz-Makeham distribution,✅,Computation,8.0,2712
LinearGradientFilling,Specifies a linear gradient color filling for graphics,✅,pure,12.2,2712
TravelDistance,,🚫,,10.3,2712
WordTranslation,,🚫,,10.3,2712
Environment,Symbol representing the system environment,✅,pure,1.0,2720
ExactNumberQ,Tests if an expression is an exact number,✅,pure,4.0,2720
LiftingWaveletTransform,Lifting wavelet transform with exact results for exact input,✅,pure,8.0,2720
MultivariatePoissonDistribution,Represents a multivariate Poisson distribution,✅,pure,8.0,2720
SpheroidalQS,,🚫,,6.0,2720
TemplateSlot,Represents a template slot for string templates,✅,pure,10.0,2720
TextureCoordinateScaling,,🚫,,8.0,2720
CellEpilog,,🚫,,6.0,2723
DialogNotebook,,🚫,,6.0,2723
WaveletThreshold,Threshold wavelet coefficients in discrete wavelet data,✅,pure,8.0,2723
DotEqual,dot-equal symbol,✅,Symbolic,3.0,2729
EntityTypeName,,🚫,,10.0,2729
LatitudeLongitude,extract latitude and longitude from a geo position,✅,none,7.0,2729
QHypergeometricPFQ,q-analogue of the generalized hypergeometric function,🚫,,7.0,2729
ScrollPosition,,🚫,,7.0,2729
TraceDepth,Option controlling depth of tracing in Trace,✅,pure,2.0,2729
FinishDynamic,,🚫,,6.0,2734
GeoRangePadding,,🚫,,10.0,2734
NumberMarks,option for number marks,✅,Symbolic,3.0,2734
PearsonChiSquareTest,perform a Pearson chi-square goodness-of-fit test,✅,none,8.0,2734
QBinomial,Computes the Gaussian binomial coefficient (q-analog of binomial),✅,pure,7.0,2734
BetweennessCentrality,betweenness centrality of graph vertices,✅,Computation,8.0,2742
CellEditDuplicate,,🚫,,3.0,2742
CloudEvaluate,,🚫,,10.0,2742
FileExtension,gets the file extension from a path,✅,Computation,7.0,2742
LinearGradientImage,,🚫,,10.0,2742
MeshQualityGoal,,🚫,,10.0,2742
RenderingOptions,,🚫,,4.0,2742
RowSpacings,option for row spacing in grids,✅,Symbolic,3.0,2742
Ask,,🚫,,10.4,2748
BitNot,Returns the bitwise NOT of an integer,✅,pure,4.0,2748
DiscreteWaveletData,Discrete wavelet coefficient object with properties and coefficient access,✅,pure,8.0,2748
LocalClusteringCoefficient,local clustering coefficient of graph vertices,✅,Computation,9.0,2748
MixedRadix,mixed-radix number representation,✅,Symbolic,10.2,2748
TimeSeriesRescale,Carries the time stamps of a series linearly onto a given span keeping the values,✅,pure,10.0,2748
BreadthFirstScan,,🚫,,8.0,2755
CellGrouping,,🚫,,3.0,2755
ImageColorSpace,Returns the color space of an image,✅,pure,8.0,2755
MarkovProcessProperties,,🚫,,9.0,2755
SierpinskiMesh,,🚫,,11.1,2755
SubsetMap,Map a function over a subset of a list at flat/deep/span/Part-style positions and recombine,✅,pure,12.0,2755
XMLObject,represents an XML object,✅,Symbolic,4.2,2755
AbsArgPlot,,🚫,,12.0,2762
BulletGauge,,🚫,,9.0,2762
LeftArrow,left arrow symbol,✅,Symbolic,3.0,2762
ReplicateLayer,,🚫,,11.1,2762
SARIMAProcess,,🚫,,9.0,2762
Yesterday,Returns a DateObject representing the previous calendar day,✅,contextual,10.0,2762
Encrypt,,🚫,,10.1,2767
ImageChannels,Returns the number of channels in an image,✅,pure,7.0,2767
ImageClip,,🚫,,8.0,2767
TakeSmallestBy,Takes the n smallest elements by a criterion; supports the operator form TakeSmallestBy[f;n][list],✅,pure,10.1,2767
WeaklyConnectedComponents,weakly connected components of a graph,✅,Computation,9.0,2767
BarabasiAlbertGraphDistribution,Barabasi-Albert random graph distribution,,unevaluated,8.0,2777
GraphComplement,Complement of a graph,✅,1,8.0,2777
Groupings,Generates all ways to group elements with an operator of given arity,✅,pure,11.0,2777
KochCurve,Generates a Koch fractal curve as a Line primitive,✅,pure,11.1,2777
LocalSymbol,,🚫,,10.2,2777
MorphologicalGraph,,🚫,,8.0,2777
NormalsFunction,option for normals computation,✅,Symbolic,6.0,2777
PassEventsUp,option for passing events up,✅,Symbolic,6.0,2777
ReplacePixelValue,,🚫,,9.0,2777
UnderoverscriptBox,typesetting box for under-overscripts,✅,Symbolic,3.0,2777
CreateFile,Creates a file with a name or a random file in the default area for temporary files,🚧,effectful,10.4,2786
DesignMatrix,Constructs a design matrix by evaluating basis functions at data points,✅,pure,7.0,2786
IntervalUnion,Computes the union of intervals,✅,pure,3.0,2786
LinkClose,,🚫,,3.0,2786
ListSliceContourPlot3D,,🚫,,10.2,2786
Locked,Attribute preventing modification of a symbol,✅,pure,1.0,2786
MeshCellLabel,,🚫,,10.0,2786
StartOfLine,string pattern for start of line,✅,Symbolic,5.1,2786
TimeSeriesAggregate,,🚫,,10.0,2786
AudioLocalMeasurements,Windowed audio measurements as a TimeSeries (25 ms partitions),✅,pure,11.0,2792
DepthFirstScan,,🚫,,8.0,2792
ImageRestyle,,🚫,,11.2,2792
IndependenceTest,,🚫,,9.0,2792
MeanSquaredLossLayer,,🚫,,11.0,2792
TableView,,🚫,,12.1,2792
Tabular,Represents a data frame or table of structured data,✅,pure,14.2,2792
ButterflyGraph,Butterfly graph,✅,1,8.0,2798
DifferenceRoot,,🚫,,7.0,2798
ListPicker,,🚫,,9.0,2798
MeanAround,Computes the mean and uncertainty of Around values,✅,pure,12.0,2798
PeakDetect,Detects peaks in a list of values with optional sharpness filtering,✅,pure,10.0,2798
PrimitiveRoot,Finds a primitive root modulo n,✅,pure,6.0,2798
CellEvaluationFunction,,🚫,,6.0,2807
CurrencyConvert,,🚫,,10.0,2807
ExpandFileName,expand a file name to an absolute path,✅,none,7.0,2807
FortranForm,Format expression as Fortran code with dotted operators and the parentheses ** needs,✅,pure,1.0,2807
OrthogonalMatrixQ,Tests whether a matrix is orthogonal,✅,None,10.0,2807
ParallelCombine,,🚫,,7.0,2807
RandomEntity,,🚫,,10.2,2807
TreeGraphQ,True if graph is a tree,✅,1,8.0,2807
FindHamiltonianPath,Finds a path visiting every vertex once (optionally between two given vertices) or {} when there is none,✅,pure,10.2,2812
GeoCircle,Geodesic circle primitive for GeoGraphics,✅,pure,10.0,2812
HyperbolicDistribution,Hyperbolic distribution with parameters for shape and location,✅,pure,8.0,2812
ImageKeypoints,,🚫,,8.0,2812
SectorSpacing,Option for pie chart sector spacing,✅,pure,7.0,2812
FindEulerianCycle,Find an Eulerian cycle traversing every edge once,✅,pure,8.0,2816
GaborWavelet,Gabor wavelet of a given frequency (continuous complex family),✅,pure,8.0,2816
MultivariateHypergeometricDistribution,,🚫,,8.0,2816
PolarAxesOrigin,Option for the origin of polar axes in polar plots,✅,pure,7.0,2816
HistogramTransform,Equalize the histogram of an image,✅,pure,9.0,2821
Image3DSlices,,🚫,,9.0,2821
ImageDistance,,🚫,,9.0,2821
Modal,,🚫,,6.0,2821
StackedListPlot,Plots datasets with their values stacked cumulatively,✅,pure,11.2,2821
AlphabeticSort,Sorts strings in case-insensitive alphabetical order,✅,pure,10.3,2828
AlternatingGroup,Symbolic alternating group A_n of degree n; stays unevaluated and is consumed by GroupOrder/GroupGenerators/GroupElements,✅,unevaluated,8.0,2828
BoundedRegionQ,,🚫,,10.0,2828
CloudObjects,,🚫,,10.0,2828
Pruning,Remove the outermost branches of thin objects in an image,✅,pure,8.0,2828
SignPadding,Option for the NumberForm family: True puts the sign before the field padding; False (the default) keeps it next to the digits,✅,pure,2.0,2828
TransposeLayer,,🚫,,11.1,2828
ContainsOnly,Tests if a list contains only specified elements,✅,pure,10.2,2837
CoordinateChartData,,🚫,,9.0,2837
Dated,Symbolic wrapper associating a value with a date,✅,pure,11.0,2837
DisjointQ,True if lists share no common elements,✅,pure,10.0,2837
FormObject,,🚫,,10.0,2837
ImageCorrespondingPoints,,🚫,,8.0,2837
PositiveSemidefiniteMatrixQ,Test whether a matrix is positive semidefinite,✅,none,10.0,2837
StringPadLeft,Pads a string on the left to a specified length; a bare list of strings is padded to the longest,✅,pure,10.1,2837
UniformPolyhedron,,🚫,,12.0,2837
ControllableModelQ,,🚫,,8.0,2842
KeyUnion,Extends associations to have the union of all keys with Missing for absent keys,✅,pure,10.0,2842
LinkProtocol,,🚫,,3.0,2842
SpatialGraphDistribution,Spatial random graph distribution,,unevaluated,9.0,2842
UnderoverscriptBoxOptions,,🚫,,4.0,2842
BooleanQ,Tests if an expression is True or False,✅,pure,10.0,2845
IndependentUnit,Represents a user-defined independent unit,✅,pure,9.0,2845
LinkLaunch,,🚫,,3.0,2845
DifferentialRootReduce,,🚫,,7.0,2851
FontVariations,,🚫,,3.0,2851
MathematicalFunctionData,,🚫,,10.3,2851
NominalVariables,,🚫,,7.0,2851
Opener,Opener control element (stays symbolic in script mode),✅,unevaluated,6.0,2851
SpheroidalPSPrime,,🚫,,6.0,2851
ButterworthFilterModel,,🚫,,9.0,2854
CompositeQ,Tests if a number is composite (Listable),✅,pure,10.0,2854
TuringMachine,Simulate a Turing machine on a cyclic or infinite tape,✅,pure,6.0,2854
ColumnWidths,,🚫,,3.0,2867
DayPlus,Adds a number of days to a date returning a DateObject,✅,pure,9.0,2867
DifferenceRootReduce,,🚫,,7.0,2867
GeoLabels,,🚫,,10.0,2867
HankelTransform,,🚫,,11.1,2867
MixedMagnitude,Magnitude list paired with MixedUnit inside Quantity (inert canonical form),✅,pure,10.4,2867
NonNegativeIntegers,Domain of non-negative integers,✅,pure,12.0,2867
SARMAProcess,,🚫,,9.0,2867
ThermometerGauge,,🚫,,9.0,2867
TransformationClass,,🚫,,10.0,2867
UndirectedGraphQ,True if all edges are undirected,✅,1,8.0,2867
WordDefinition,,🚫,,10.3,2867
QGamma,q-analog of the gamma function,✅,pure,7.0,2871
SiegelTheta,,🚫,,6.0,2871
VertexEccentricity,Maximum distance from a vertex,✅,1,8.0,2871
ArcCurvature,Compute the curvature of a parametric curve,✅,pure,10.0,2880
ArcSinDistribution,Represents an arcsine distribution on an interval,✅,pure,8.0,2880
CoordinateBoundsArray,Array of coordinate bounds with optional padding,✅,1,10.1,2880
FourierSequenceTransform,,🚫,,7.0,2880
NormFunction,,🚫,,5.0,2880
PIDTune,,🚫,,9.0,2880
PairedSmoothHistogram,,🚫,,9.0,2880
PrimitiveRootList,List of primitive roots modulo n,✅,none,10.0,2880
RefreshRate,,🚫,,6.0,2880
AlphabeticOrder,Compare strings in alphabetical order,✅,none,10.3,2889
AsymptoticIntegrate,Compute the asymptotic series of an integral or antiderivative,✅,pure,11.3,2889
DerivativeFilter,,🚫,,8.0,2889
DifferenceDelta,Compute the forward difference of an expression,✅,pure,7.0,2889
GraphPeriphery,Vertices with maximum eccentricity,✅,1,8.0,2889
HankelMatrix,Hankel matrix from a list,✅,none,6.0,2889
MaxLimit,Compute the largest limiting value from above,✅,pure,11.2,2889
QueueingNetworkProcess,,🚫,,9.0,2889
ReadLine,Read a single line from a stream or file,✅,io,10.0,2889
DeviceRead,,🚫,,10.0,2894
Insphere,Compute the inscribed sphere of a geometric region,✅,pure,10.2,2894
LocalObject,,🚫,,10.2,2894
WeatherForecastData,,🚫,,10.4,2894
FindGeoLocation,,🚫,,7.0,2900
MangoldtLambda,Von Mangoldt function (Listable),✅,pure,7.0,2900
NoncentralFRatioDistribution,Noncentral F-ratio distribution with PDF Mean and Variance,✅,pure,6.0,2900
ProcessEstimator,,🚫,,9.0,2900
SessionSubmit,,🚫,,11.2,2900
CantorStaircase,Compute the Cantor staircase (devil's staircase) function,✅,pure,10.0,2911
CosineDistance,Cosine distance between vectors,✅,none,6.0,2911
DifferenceQuotient,Compute the forward difference quotient of an expression,✅,pure,10.4,2911
EntityFunction,,🚫,,12.0,2911
FaceGridsStyle,Option for Graphics3D specifying the style of face grids,✅,pure,6.0,2911
FindMaximumFlow,Find the maximum flow between two vertices in a graph,✅,pure,9.0,2911
HodgeDual,,🚫,,9.0,2911
JohnsonDistribution,Johnson system of distributions with four families (SB/SL/SN/SU),✅,pure,8.0,2911
LeaderSize,,🚫,,11.0,2911
ListDensityPlot3D,,🚫,,10.2,2911
ShortRightArrow,,🚫,,3.0,2911
ColumnLines,,🚫,,3.0,2914
DatedUnit,Associates a unit with a specific date for time-aware calculations,✅,pure,10.0,2914
QuantityQ,Tests if an expression is a quantity,✅,pure,9.0,2914
ContainsNone,Test if none of the elements of the second list appear in the first,✅,pure,10.2,2921
CrossEntropyLossLayer,,🚫,,11.0,2921
GaugeStyle,,🚫,,9.0,2921
QuantityDistribution,Probability distribution with physical units,✅,pure,10.4,2921
SequenceCount,Count occurrences of a subsequence (non-overlapping by default; Overlaps option); subsequence elements may be patterns including BlankSequence (__h),✅,none,10.1,2921
SpheroidalS2Prime,,🚫,,6.0,2921
UniformGraphDistribution,Uniform random graph distribution,,unevaluated,8.0,2921
DateListStepPlot,,🚫,,10.3,2929
EarthquakeData,,🚫,,10.0,2929
ExcludedForms,Option to specify patterns excluded from an operation,✅,pure,3.0,2929
FindIntegerNullVector,Finds integer linear relations among real numbers using LLL,✅,pure,8.0,2929
GeoWithinQ,,🚫,,10.0,2929
LinkConnect,,🚫,,3.0,2929
SpheroidalS1Prime,,🚫,,6.0,2929
StringEndsQ,Checks if a string ends with a specific substring; supports the one-argument operator form,✅,pure,10.1,2929
DiffusionPDETerm,Represents a diffusion PDE term div(c*grad(u)),✅,pure,12.2,2944
FindGraphIsomorphism,Finds vertex mapping between isomorphic graphs,✅,pure,8.0,2944
FindSpanningTree,Finds a minimum spanning tree of a graph using Kruskal's algorithm,✅,pure,10.0,2944
MinLimit,Compute the smallest limiting value from below,✅,pure,11.2,2944
NormalizedSquaredEuclideanDistance,Normalized squared Euclidean distance between vectors,✅,1,8.0,2944
PermutationPower,Power of a permutation,✅,1,8.0,2944
RegionWithin,Tests if one geometric region is contained within another,✅,pure,11.1,2944
SequenceAlignment,Aligns two sequences showing matches and differences,✅,pure,7.0,2944
SpheroidalQSPrime,,🚫,,6.0,2944
StationaryDistribution,Represents the stationary distribution of a stochastic process,✅,pure,9.0,2944
TransferFunctionExpand,,🚫,,8.0,2944
UnderscriptBoxOptions,,🚫,,4.0,2944
WebExecute,,🚫,,12.0,2944
AcyclicGraphQ,True if graph has no cycles,✅,1,8.0,2952
BandpassFilter,Apply a bandpass filter to data,✅,pure,9.0,2952
Colon,Inert operator displayed with ratio symbol,✅,pure,3.0,2952
GeoLength,Total geodesic length of a GeoPath,✅,pure,10.4,2952
HypercubeGraph,N-dimensional hypercube graph,✅,1,8.0,2952
MinDetect,Gives a 0/1 mask marking the regional minima of a numeric list or matrix,✅,pure,8.0,2952
PlanarGraph,Create a planar graph from edges,✅,pure,10.4,2952
StateSpaceTransform,,🚫,,8.0,2952
Bond,Represent a chemical bond,✅,pure,12.0,2960
Congruent,Inert operator displayed with identical-to symbol,✅,pure,3.0,2960
NorlundB,Nörlund generalized Bernoulli number NorlundB[n;a]; three-arg form NorlundB[n;a;x] gives the Nörlund polynomial B_n^(a)(x),✅,pure,6.0,2960
NumberSeparator,Option for the NumberForm family giving the strings between integer-side and fraction-side digit blocks,✅,pure,1.0,2960
ReplaceImageValue,,🚫,,9.0,2960
ShearingMatrix,Shearing transformation matrix by an angle along a direction projected normal to a vector,✅,pure,6.0,2960
Streams,List currently open streams,✅,io,2.0,2960
ConvexOptimization,,,,12.2,2971
CreateCloudExpression,,🚫,,10.4,2971
GraphCenter,Vertices with minimum eccentricity,✅,1,8.0,2971
LeapYearQ,Tests if a year is a leap year,✅,pure,9.0,2971
PrimeZetaP,Prime zeta function,✅,pure,7.0,2971
Prism,Triangular prism region primitive with volume centroid and surface area,✅,pure,10.0,2971
RandomPolyhedron,,,,12.0,2971
TextSearch,,🚫,,10.2,2971
TextTranslation,,🚫,,11.1,2971
VertexComponent,Vertices that can reach the given vertices (BFS order),✅,pure,8.0,2971
CapsuleShape,Filled capsule region between two points consumed by Volume/SurfaceArea/RegionCentroid,✅,pure,10.2,2978
FindIndependentVertexSet,Maximum independent vertex set (lexicographic by vertex order),✅,pure,8.0,2978
HighpassFilter,Apply a highpass filter to data,✅,pure,9.0,2978
KeyMemberQ,True if key exists in association,✅,1,10.3,2978
KroneckerSymbol,Generalized Jacobi (Kronecker) symbol (Listable),✅,pure,6.0,2978
SliceDistribution,Time-slice distribution of a random process,✅,pure,9.0,2978
TraceOriginal,,,,2.0,2978
DirichletCharacter,j-th Dirichlet character modulo k at n (Wolfram indexing),✅,pure,7.0,2986
FindMinimumCostFlow,Minimum cost of a maximum flow over a cost matrix,✅,pure,9.0,2986
Forward,,,,6.0,2986
PermutationOrder,Order of a permutation - the lcm of its cycle lengths,✅,pure,8.0,2986
RiceDistribution,Rice distribution (Bessel PDF and MarcumQ CDF and factored moments),✅,pure,8.0,2986
SymletWavelet,Least-asymmetric orthogonal Symlet wavelet family of order n,✅,pure,8.0,2986
TargetDevice,,🚫,,11.0,2986
VerifySolutions,Option for Solve to verify solutions,✅,pure,1.0,2986
BlockchainBase,,🚫,,11.3,2993
Midpoint,Compute the midpoint of two points or a line segment,✅,pure,12.0,2993
ParagraphSpacing,,,,3.0,2993
PatternFilling,,,,12.1,2993
RightTee,Right tee operator displayed with ⊢ symbol,✅,pure,3.0,2993
TensorSymmetry,Symmetry classification of a rank-2 tensor,✅,pure,9.0,2993
URLDownload,,🚫,,11.0,2993
OpacityFunction,,🚫,,10.2,2999
Radon,,,,8.0,2999
RemoveDiacritics,Removes diacritical marks from a string,✅,pure,10.1,2999
TimeZoneConvert,Convert a DateObject between named IANA zones or numeric offsets (DST-aware),✅,pure,10.0,2999
TransitiveClosureGraph,Graph with edges for every reachable vertex pair,✅,pure,10.0,2999
Video,,🚫,,12.1,2999
Booleans,Domain of booleans,✅,1,4.0,3008
ClosenessCentrality,Closeness centrality of graph vertices,✅,1,8.0,3008
CreateDataStructure,,,,12.1,3008
DivideSides,Divide both sides of an equation by an expression; a symbolic divisor is guarded by c != 0 via Piecewise; one-arg form divides by the rhs giving lhs/rhs==1; an equation second argument pairs the sides,✅,none,11.3,3008
ImageAspectRatio,Ratio of image height to width as an exact rational,✅,pure,8.0,3008
PascalDistribution,Pascal distribution (number of trials until n successes),✅,pure,8.0,3008
QFactorial,Compute the q-analog of the factorial,✅,pure,7.0,3008
RegionBinarize,,🚫,,8.0,3008
TensorDimensions,Returns the dimensions of a tensor (alias for Dimensions),✅,pure,9.0,3008
Cap,Inert operator displayed with frown symbol,✅,pure,3.0,3020
CommonestFilter,Replace elements by the commonest value in their neighborhood,✅,pure,7.0,3020
ComplexStreamPlot,,🚫,,12.1,3020
DagumDistribution,Dagum distribution for income and wealth modeling,✅,pure,8.0,3020
DiskSegment,Circular or elliptical disk segment region consumed by Area/Perimeter/RegionCentroid,✅,pure,10.2,3020
FailureDistribution,Failure distribution of a system defined by a Boolean structure over component lifetimes,✅,none,9.0,3020
FirstPassageTimeDistribution,First passage or return time distribution of a Markov process,✅,none,9.0,3020
FisherRatioTest,One-sample variance ratio test (chi-square two-sided p-value),✅,pure,8.0,3020
HammingWindow,Hamming window 25/46 + (21/46) Cos[2 Pi x] on [-1/2 1/2] (exact for exact input),✅,pure,9.0,3020
NetReplacePart,,🚫,,11.0,3020
TotalVariationFilter,Total-variation denoising of 1D/2D data or Audio objects,✅,pure,8.0,3020
UniformSumDistribution,Irwin-Hall sum of n uniform variables (PDF and CDF and moments),✅,pure,8.0,3020
AbsoluteFileName,,✅,,7.0,3031
AudioTrim,Trim audio to an interval or trim leading/trailing silence,✅,pure,11.0,3031
BitSet,Set a bit in an integer,✅,pure,6.0,3031
DeBruijnGraph,Generate a De Bruijn graph with m symbols and n dimensions,✅,pure,8.0,3031
MeshCellHighlight,,🚫,,10.2,3031
MeshCellIndex,,🚫,,10.0,3031
MomentOfInertia,Moment of inertia matrix or axis moment of a region,✅,pure,10.4,3031
NetMeasurements,,🚫,,12.0,3031
URLEncode,Percent-encode a string for use in URLs,✅,pure,10.0,3031
WaveletImagePlot,Pyramid image plot of 2D wavelet coefficients,✅,graphics,8.0,3031
Xnor,Logical XNOR (true when even number of args are true),✅,pure,7.0,3031
AbsoluteCorrelationFunction,Non-centered autocorrelation estimate of data at given lags,✅,pure,9.0,3048
BetaBinomialDistribution,Beta-binomial compound distribution (exact PMF and moments),✅,pure,6.0,3048
BitLength,Returns the number of bits needed to represent an integer,✅,pure,6.0,3048
EllipticExp,Inverse of EllipticLog on the curve y^2 = x^3 + a x^2 + b x (numerical),✅,pure,1.0,3048
EvaluationBox,,,,10.0,3048
ExponentialPowerDistribution,Generalized normal (exponential power) distribution,✅,pure,8.0,3048
FourierDST,Discrete sine transform of a real list (DST types 1-4; default type 2),✅,pure,6.0,3048
JulianDate,Julian date of a date list or the current instant,✅,impure,10.2,3048
ListSliceDensityPlot3D,,🚫,,10.2,3048
LongestCommonSubsequence,Returns the longest contiguous subsequence common to two strings or lists,✅,pure,7.0,3048
NotebookDynamicExpression,,🚫,,8.0,3048
RangeFilter,,🚫,,8.0,3048
SectorChart3D,,🚫,,7.0,3048
SlideView,Slide view control (stays symbolic in script mode),✅,unevaluated,6.0,3048
SpanMaxSize,,,,3.0,3048
TestReport,,,,10.0,3048
BetaPrimeDistribution,Beta prime distribution with optional power and scale parameters,✅,pure,8.0,3059
ChromaticityPlot3D,,🚫,,10.0,3059
DefaultOptions,,,,6.0,3059
DirichletEta,Dirichlet eta function,✅,pure,10.0,3059
EndOfBuffer,,,,10.0,3059
FacialFeatures,,🚫,,11.3,3059
LessThan,Operator form of Less,✅,none,10.3,3059
MissingDataMethod,,,,9.0,3059
NoncentralChiSquareDistribution,Noncentral chi-square distribution (moments and parity-cased PDF),✅,pure,6.0,3059
StationaryWaveletPacketTransform,Undecimated full-tree wavelet packet transform,✅,pure,8.0,3059
ZTest,One-sample z-test p-value (known or estimated variance),✅,pure,8.0,3059
BioSequence,,🚫,,12.2,3070
CorrelationDistance,1 minus Pearson correlation between vectors,✅,none,6.0,3070
FoldWhileList,Fold while a test holds returning every intermediate result,✅,pure,12.2,3070
GeoHistogram,Geographic density histogram shading hexagonal or rectangular or triangular map tiles by count,✅,pure,11.0,3070
LaplacianFilter,,🚫,,7.0,3070
Links,,🚫,,3.0,3070
Postfix,Symbol for postfix display formatting,✅,pure,1.0,3070
SeriesTermGoal,,,,12.1,3070
ShowGroupOpener,,🚫,,6.0,3070
SphericalShell,Filled spherical shell region between two radii consumed by Volume/SurfaceArea/RegionCentroid,✅,pure,10.2,3070
UpArrow,,,,3.0,3070
AudioSampleRate,Sample rate of an audio object as a Quantity in Hertz,✅,pure,11.0,3083
Canvas,,🚫,,12.2,3083
CurrentDate,,,,11.1,3083
FieldHintStyle,,,,8.0,3083
GeoLocation,,🚫,,10.0,3083
GeologicalPeriodData,,🚫,,10.0,3083
ImageAlign,,🚫,,8.0,3083
MoleculePlot,Draws the 2-D skeletal structure diagram of a molecule as a Graphics object,✅,pure,12.0,3083
SchurDecomposition,Real Schur decomposition {q; t} of a machine-precision square matrix with m == q . t . Transpose[q]; q is orthogonal and t quasi-upper-triangular (a 2x2 block per complex pair),✅,pure,2.0,3083
SpherePoints,,,,11.1,3083
ToSphericalCoordinates,Converts Cartesian coordinates to spherical,✅,None,10.1,3083
VectorColorFunctionScaling,,,,7.0,3083
ViewRange,,🚫,,6.0,3083
ComplexVectorPlot,,🚫,,12.1,3094
Duration,Duration of an audio sound or time series object as a Quantity,✅,pure,11.0,3094
EdgeCapacity,,,,9.0,3094
EdgeQ,True if edge exists in graph,✅,1,8.0,3094
EvaluatePacket,,🚫,,3.0,3094
FindEquationalProof,,,,11.3,3094
IndexGraph,Replace graph vertices with integer indices,✅,pure,8.0,3094
MenuView,Menu view control (stays symbolic in script mode),✅,unevaluated,6.0,3094
MinStableDistribution,Min-stable (GEV-min) distribution with shape-cased forms,✅,pure,8.0,3094
NHoldAll,Attribute preventing N from numericizing any argument,✅,pure,3.0,3094
Vee,Symbolic vee (logical or / join) operator with Unicode display,✅,pure,3.0,3094
BinarySerialize,Serializes an expression to WXF binary bytes as a ByteArray,✅,pure,11.1,3108
DatePattern,String pattern matching date elements with separators,✅,pure,6.0,3108
GeoVariant,,🚫,,10.0,3108
KCoreComponents,Connected components of the k-core as vertex lists,✅,pure,8.0,3108
MaxStableDistribution,Max-stable (GEV) distribution with shape-cased forms,✅,pure,8.0,3108
PacletFind,,🚫,,12.1,3108
PlayRange,,🚫,,2.0,3108
PreviousCell,,🚫,,10.0,3108
RadialAxisPlot,,🚫,,12.2,3108
SatisfiabilityInstances,Instance ordering and free-variable fill follow WL-internal BDD structure (not reproducible black-box),🚫,pure,7.0,3108
StandbyDistribution,Lifetime distribution of a cold standby system of components,✅,none,9.0,3108
SummationLayer,,🚫,,11.0,3108
Typed,,,,12.0,3108
AlphaChannel,,🚫,,8.0,3121
AutoDelete,,,,3.0,3121
CellProlog,,🚫,,6.0,3121
ConnectedGraphComponents,Return connected components as subgraphs,✅,pure,10.4,3121
CurvatureFlowFilter,,🚫,,8.0,3121
CyclicGroup,Symbolic cyclic group of order n; consumed by GroupOrder/GroupGenerators/GroupElements/CycleIndexPolynomial,✅,unevaluated,8.0,3121
DimensionReduce,,🚫,,10.1,3121
Dithering,,🚫,,8.0,3121
DynamicModuleBox,,🚫,,6.0,3121
FARIMAProcess,,🚫,,9.0,3121
ImageLevels,,🚫,,8.0,3121
InverseFourierSinTransform,Inverse Fourier sine transform (the sine transform is an involution),✅,pure,4.0,3121
LocalTime,,,,10.0,3121
CycleIndexPolynomial,Cycle index polynomial of a permutation group in given variables,✅,pure,9.0,3124
Dodecahedron,Regular dodecahedron primitive consumed by Volume/SurfaceArea/RegionMeasure/RegionCentroid,✅,unevaluated,12.0,3124
EulerianGraphQ,Test whether a graph has an Eulerian circuit,✅,pure,8.0,3124
CellEventActions,,🚫,,6.0,3134
CharacterCounts,Returns an association of character frequencies in a string (or each string of a list); two-arg form counts character n-grams,✅,pure,10.1,3134
DayMatchQ,Tests whether a date matches a day-of-week specification,✅,pure,9.0,3134
ExponentialFamily,,,,7.0,3134
FileHash,Hash of a file's bytes with the algorithms and output formats Hash takes — MD5 as an integer by default,✅,io,6.0,3134
HararyGraph,Minimal k-connected Harary graph on n vertices,✅,pure,8.0,3134
InitializationCell,,🚫,,3.0,3134
NegativeDefiniteMatrixQ,Test whether a matrix is negative definite,✅,none,10.0,3134
RegionDisjoint,Tests whether geometric regions are pairwise disjoint,✅,pure,11.1,3134
AnatomyPlot3D,,🚫,,11.0,3143
Dendrogram,Constructs a dendrogram from the hierarchical clustering of data,✅,pure,10.4,3143
FactorSquareFree,Square-free factorization of a polynomial,✅,pure,1.0,3143
GeoGridLinesStyle,,🚫,,10.0,3143
GradientOrientationFilter,,,,9.0,3143
InsertResults,,,,8.0,3143
InsertionFunction,,,,10.0,3143
Polyhedron,,🚫,,12.0,3143
ClusterClassify,,🚫,,10.4,3153
DirichletConvolve,Dirichlet convolution of two arithmetic expressions (divisor-sum expansion plus symbolic identities),✅,pure,7.0,3153
InString,,,,2.0,3153
LanguageCategory,,🚫,,4.0,3153
LibraryFunction,,,,8.0,3153
MandelbrotSetMemberQ,Tests whether a complex number is in the Mandelbrot set (exact cardioid/bulb tests plus escape iteration with MaxIterations option),✅,pure,10.0,3153
MeshConnectivityGraph,,🚫,,12.1,3153
MinFilter,Replace each element by the minimum of its radius-r neighborhood (1D/2D lists and images),✅,pure,7.0,3153
Prefix,Prefix output form symbol,✅,pure,1.0,3153
ContinuousMarkovProcess,,🚫,,9.0,3162
DeconvolutionLayer,,🚫,,11.0,3162
ExtentMarkers,,,,8.0,3162
FindList,Lines in files containing any of the given literal substrings,✅,filesystem,2.0,3162
GeoBounds,Latitude and longitude bounds of geo positions,✅,pure,10.0,3162
LinkReadyQ,,🚫,,3.0,3162
MoonPosition,Azimuth/altitude of the Moon for a location and time (truncated ELP-2000 ephemeris),✅,contextual,10.0,3162
StartExternalSession,,🚫,,11.2,3162
CumulantGeneratingFunction,Cumulant-generating function Log[E[e^(tX)]] of a probability distribution,✅,pure,8.0,3176
DimensionReduction,,🚫,,10.1,3176
FactorialMomentGeneratingFunction,Expected value E[t^X] of a distribution (MGF at Log t),✅,pure,8.0,3176
HadamardMatrix,Hadamard matrix of size n,✅,none,9.0,3176
KeyIntersection,Restricts each association to the keys common to all,✅,pure,10.0,3176
LeftRightArrow,,,,3.0,3176
MellinTransform,Table-driven Mellin transform for classical integrands with shift and substitution rules,✅,pure,11.0,3176
MeshCellCentroid,,🚫,,10.0,3176
PermutationLength,Number of non-fixed points in a permutation,✅,1,8.0,3176
Printout3D,,🚫,,11.0,3176
UnixTime,Returns the current Unix timestamp (seconds since 1970-01-01),✅,effectful,10.1,3176
WaveletMatrixPlot,Pyramid matrix plot of 2D wavelet coefficients,✅,graphics,8.0,3176
WishartMatrixDistribution,Matrix distribution of scatter matrices with given covariance and degrees of freedom,✅,none,10.3,3176
AllowedHeads,Option saying which heads a structural operation may descend through — All allows any non-atomic head,✅,pure,12.0,3191
BilateralFilter,,🚫,,8.0,3191
DirectedGraphQ,Test whether a graph is a directed graph,✅,pure,8.0,3191
DocumentGenerator,,🚫,,10.0,3191
GraphIntersection,Compute the intersection of graphs,✅,pure,8.0,3191
IconData,,🚫,,10.0,3191
Latitude,extract latitude from a geo position,✅,none,7.0,3191
MaxwellDistribution,Maxwell-Boltzmann distribution (radical-canonical PDF and Erf CDF),✅,pure,6.0,3191
PERTDistribution,PERT project-management distribution on an interval with a mode (modified Beta),✅,pure,8.0,3191
PageHeaders,,🚫,,4.0,3191
PointValuePlot,,🚫,,12.2,3191
RamanujanTauL,L-function of the Ramanujan tau weight-12 cusp form,✅,pure,6.0,3191
TuranGraph,Generate a Turán graph with n vertices and k partitions,✅,pure,8.0,3191
VertexAdd,Add vertices to a graph,✅,pure,8.0,3191
Boxes,,🚫,,6.0,3200
CalendarType,,,,9.0,3200
EntityPropertyClass,,🚫,,10.0,3200
FoldWhile,Folds while a test holds returning the first failing value,✅,pure,12.2,3200
MouseAnnotation,,🚫,,6.0,3200
RectangleChart3D,,🚫,,7.0,3200
RegionMoment,Polynomial moment integral of coordinates over a region,✅,pure,10.4,3200
StringPadRight,Pads a string on the right to a specified length; a bare list of strings is padded to the longest,✅,pure,10.1,3200
CellLabelAutoDelete,,🚫,,3.0,3215
CloudDirectory,,🚫,,10.0,3215
ConnectedMeshComponents,,🚫,,10.0,3215
EigenvectorCentrality,Eigenvector centrality of graph vertices from the principal adjacency eigenvector,✅,pure,8.0,3215
GreaterEqualThan,Operator form of GreaterEqual,✅,none,10.3,3215
HalfSpace,Unbounded half-space region consumed by RegionMember/RegionDistance/RegionDimension,✅,pure,10.2,3215
NegativeMultinomialDistribution,Multivariate discrete distribution counting failures of k types before n successes,✅,none,8.0,3215
NumeratorDenominator,Gives the numerator and denominator as a pair,✅,pure,12.0,3215
ResourceSearch,,🚫,,11.0,3215
ReverseSortBy,Sorts in reverse order by a criterion function with an optional ordering function,✅,pure,12.0,3215
RunThrough,Symbol for running external commands,✅,effectful,1.0,3215
UsingFrontEnd,,🚫,,7.0,3215
ZeroTest,Option for testing zero equivalence,✅,pure,1.0,3215
BooleanMinterms,Disjunction of minterms from True/False rows or indices (descending index order); an integer variable count gives the BooleanFunction["BDD" -> ...] object,✅,pure,7.0,3224
CrossingDetect,Marks zero crossings in an array or image as a binary result,✅,pure,8.0,3224
DateFunction,,,,6.0,3224
DateObjectQ,True if the expression is a well-formed DateObject,✅,pure,10.0,3224
FilteredEntityClass,,🚫,,12.0,3224
LanguageIdentify,,🚫,,10.1,3224
ObservabilityMatrix,Observability matrix of a state-space model,✅,pure,8.0,3224
PowerDistribution,Continuous distribution with PDF a k^a x^(a-1) on support (0 1/k],✅,pure,8.0,3224
TopologicalSort,Topological ordering of a directed acyclic graph's vertices (tie-break among independent vertices differs from WL; see conformance_gaps.md),✅,pure,8.0,3224
DynamicUpdating,,🚫,,6.0,3233
EvaluatorNames,,🚫,,4.0,3233
FindThreshold,,,,8.0,3233
GaugeFrameStyle,,🚫,,9.0,3233
GeoBoundingBox,,🚫,,10.0,3233
GlobalClusteringCoefficient,Fraction of connected triples that close into triangles,✅,pure,9.0,3233
HannWindow,Hann raised-cosine window (1 + Cos[2 Pi x])/2 on [-1/2 1/2] (exact for exact input),✅,pure,9.0,3233
Share,Memory sharing optimization (no-op),✅,none,1.0,3233
VerticalSeparator,,🚫,,3.0,3233
AxiomaticTheory,,,,12.0,3242
Backward,,,,6.0,3242
CenterArray,Center a list within a larger array,✅,none,11.0,3242
DateFormat,,,,10.0,3242
EdgeIndex,1-based position of an edge in EdgeList (TwoWayRule or UndirectedEdge spec),✅,pure,8.0,3242
MassTransportPDEComponent,,,,12.2,3242
NightHemisphere,,,,10.0,3242
NonNegativeReals,Domain of non-negative real numbers,✅,pure,12.0,3242
RealSign,Returns the sign assuming real input,✅,pure,11.1,3242
CloudObjectURLType,,🚫,,12.0,3257
CoxianDistribution,Coxian phase-type distribution,✅,pure,9.0,3257
EstimatedBackground,,,,10.0,3257
GatedRecurrentLayer,,🚫,,11.1,3257
InverseFourierSequenceTransform,,,,7.0,3257
LabelingSize,,,,11.3,3257
MexicanHatWavelet,Mexican hat (Ricker) continuous wavelet with scale sigma,✅,pure,8.0,3257
NullRecords,,,,2.0,3257
ParallelNeeds,,🚫,,7.0,3257
PartLayer,,🚫,,11.1,3257
RidgeFilter,,🚫,,8.0,3257
SystemsModelDelay,,🚫,,9.0,3257
VarianceTest,,,,8.0,3257
WordCount,Count words in a string,✅,none,10.1,3257
ApplySides,Apply a function to both sides of an equation,✅,none,11.3,3265
FactorTermsList,factors out a common numerical factor from a polynomial,✅,none,1.0,3265
HiddenMarkovProcess,,🚫,,10.0,3265
InterpolationPoints,,,,8.0,3265
QuadraticOptimization,,,,12.0,3265
SampledSoundFunction,,🚫,,2.0,3265
StringExtract,Extracts fields (by position or span) split by whitespace or chained delimiter rules,✅,pure,10.1,3265
Tilde,Symbolic tilde relation operator with Unicode display,✅,pure,3.0,3265
BrownianBridgeProcess,Brownian bridge process with Normal time slices,✅,unevaluated,9.0,3280
ChannelSend,,🚫,,11.0,3280
CreateUUID,"Generates a random RFC 4122 version-4 UUID as a string; CreateUUID[""prefix""] puts prefix in front of it",✅,contextual,10.0,3280
DeviceWrite,,🚫,,10.0,3280
EstimatorGains,,,,8.0,3280
FeatureExtract,,🚫,,11.0,3280
FittedModel,,,,7.0,3280
IncidenceList,Edges incident to a vertex in EdgeList order,✅,pure,9.0,3280
NameQ,Test if a string is a defined symbol name,✅,pure,1.0,3280
ParticleData,,🚫,,6.0,3280
PermutationCyclesQ,True if valid Cycles form,✅,1,8.0,3280
SiderealTime,Local apparent sidereal time as a mixed h-m-s right-ascension Quantity,✅,contextual,10.0,3280
URLParse,Parses a URL into an association of its components (or just the requested components) with percent-decoded Path and Query,✅,pure,10.0,3280
UnitDimensions,Gives the physical base dimensions of a unit as {{dimension exponent} ...},✅,pure,9.0,3280
WignerSemicircleDistribution,Wigner semicircle distribution (ArcSin CDF),✅,pure,8.0,3280
AskFunction,,🚫,,10.4,3291
Backslash,Symbolic backslash (set difference) operator with Unicode display,✅,pure,3.0,3291
DeviceClose,,🚫,,10.0,3291
DoubleLongLeftArrow,,,,3.0,3291
HermiteDecomposition,Hermite normal form decomposition (unimodular u with u.m == h) for integer matrices,✅,pure,6.0,3291
ListStreamDensityPlot,,🚫,,7.0,3291
Majority,True when more than half the arguments are True (Orderless; symbolic simplifications),✅,pure,7.0,3291
MeshRegionQ,Tests whether an expression is a valid MeshRegion object,✅,pure,10.0,3291
SpeechRecognize,,🚫,,12.0,3291
VerifyConvergence,,,,2.0,3291
CalloutMarker,,🚫,,11.0,3298
DefaultPrintPrecision,,,,11.2,3298
EulerE,Returns the nth Euler number or nth Euler polynomial,✅,pure,1.0,3298
GeoBoundsRegion,,🚫,,10.2,3298
OutputStream,Output stream object,✅,effectful,2.0,3298
ParallelTry,,🚫,,7.0,3298
RenkoChart,,🚫,,8.0,3298
AggregationLayer,,🚫,,11.1,3306
AlgebraicNumberNorm,Norm of an algebraic number (product of its conjugates over the rationals),✅,pure,6.0,3306
LightingAngle,,🚫,,6.0,3306
LineIntegralConvolutionScale,,,,7.0,3306
MannWhitneyTest,,,,8.0,3306
PageRankCentrality,PageRank centrality of graph vertices with damping factor alpha,✅,pure,8.0,3306
PowerModList,List of successive power-mod values,✅,none,6.0,3306
StreamColorFunctionScaling,,,,7.0,3306
CentralMomentGeneratingFunction,Expected value E[e^(t(X-mean))] of a distribution,✅,pure,8.0,3317
CorrelationTest,,,,9.0,3317
FindGraphPartition,,,,9.0,3317
IncidenceGraph,Builds the graph with a given vertex-by-edge incidence matrix (optionally with named vertices),✅,pure,8.0,3317
InflationAdjust,,🚫,,10.0,3317
InputAutoReplacements,,🚫,,4.0,3317
MatrixNormalDistribution,,,,10.3,3317
PolyaAeppliDistribution,Polya-Aeppli geometric-Poisson distribution moment properties,✅,pure,8.0,3317
SignTest,,,,8.0,3317
TriangleConstruct,,,,12.0,3317
BitGet,Bit k of an integer (two's complement for negatives),✅,pure,6.0,3326
ChoiceButtons,,🚫,,7.0,3326
DiscreteMaxLimit,,,,11.2,3326
FromUnixTime,Converts seconds since the Unix epoch to a DateObject,✅,pure,10.1,3326
GenerateAsymmetricKeyPair,,🚫,,10.1,3326
RepeatingElement,,,,10.1,3326
SetEnvironment,Sets or unsets an environment variable (rule {name -> value} or list of rules; None unsets),✅,io,9.0,3326
SinghMaddalaDistribution,Singh-Maddala (Burr XII) distribution on positive reals,✅,pure,8.0,3326
VertexInComponent,Vertices with a directed path to a vertex,✅,pure,8.0,3326
CDFWavelet,Cohen-Daubechies-Feauveau 5/3 and 9/7 biorthogonal wavelets (JPEG2000),✅,pure,8.0,3344
ClipRange,,🚫,,9.0,3344
CommunityRegionStyle,,,,9.0,3344
ControllerState,,,,6.0,3344
DefaultValues,Returns the default values of a symbol,✅,pure,2.0,3344
FindIndependentEdgeSet,,,,8.0,3344
FindPostmanTour,Find a shortest closed walk traversing every edge (Chinese postman),✅,pure,9.0,3344
GoldenAngle,The golden angle constant Pi(3 - Sqrt[5]),✅,pure,10.2,3344
GroupStabilizer,Pointwise stabilizer subgroup with canonical generators (named groups; forced PermutationGroup cases),✅,pure,8.0,3344
InputStream,Input stream object,✅,effectful,2.0,3344
NHoldRest,Attribute preventing N from numericizing all but the first argument,✅,pure,3.0,3344
PageFooters,,🚫,,4.0,3344
ProbitModelFit,,,,7.0,3344
RootIntervals,,,,6.0,3344
SurvivalModelFit,,,,9.0,3344
AlternativeHypothesis,,,,8.0,3353
ClipPlanesStyle,,🚫,,10.0,3353
CreateSearchIndex,,🚫,,10.2,3353
EntityClassList,List entity classes for a type,✅,,10.0,3353
FindTransientRepeat,Split a sequence into {transient repeat} where repeat is the shortest end-cycle occurring at least n times,✅,pure,10.4,3353
InverseContinuousWaveletTransform,Inverse continuous wavelet transform (least-squares reconstruction),✅,pure,8.0,3353
Perimeter,Compute the perimeter of a region,✅,pure,11.1,3353
PriceGraphDistribution,,,,8.0,3353
SocketConnect,Connect to a TCP endpoint and return a SocketObject,✅,effectful,10.3,3353
AlgebraicNumberPolynomial,,,,6.0,3363
ArgumentsOptions,,,,12.2,3363
DayRound,Rounds a date to a day of a given weekday or day-type class,✅,pure,9.0,3363
Equilibrium,,,,3.0,3363
FindMeshDefects,,,,11.0,3363
Interactive,,🚫,,9.0,3363
NakagamiDistribution,Nakagami distribution with shape parameter m and spread w,✅,pure,8.0,3363
NicholsPlot,,🚫,,8.0,3363
SystemsModelDelete,,🚫,,8.0,3363
VarianceGammaDistribution,Variance-gamma Bessel-type distribution,✅,pure,9.0,3363
ArrayFilter,Applies a function to every radius-r block of a list or array with edge elements replicated at the boundaries,✅,pure,10.2,3378
AudioResample,,🚫,,11.0,3378
CalendarConvert,Convert a date between calendar systems (Gregorian and Julian),✅,pure,10.0,3378
ConformImages,,,,10.0,3378
DMSList,Convert decimal degrees to degrees-minutes-seconds,✅,none,7.0,3378
GeoArea,,🚫,,10.3,3378
GraphRadius,Minimum vertex eccentricity,✅,1,8.0,3378
GroupMultiplicationTable,Multiplication table as element indices in GroupElements order,✅,pure,8.0,3378
HeatTransferPDEComponent,,,,12.2,3378
Icosahedron,Regular icosahedron primitive consumed by Volume/SurfaceArea/RegionMeasure/RegionCentroid,✅,unevaluated,12.0,3378
ProcessConnection,,🚫,,10.0,3378
SetPermissions,,🚫,,10.2,3378
VertexContract,Merge a set of vertices of a graph into a single vertex,✅,pure,10.0,3378
WindowClickSelect,,🚫,,3.0,3378
CellDynamicExpression,,🚫,,8.0,3389
CoxIngersollRossProcess,,🚫,,9.0,3389
FunctionCompile,,🚫,,12.0,3389
KillProcess,,🚫,,10.0,3389
LyapunovSolve,Solves a.x + x.aT == c (3-arg Sylvester a.x + x.b == c) exactly for real numeric matrices; diagonal symbolic a gives Conjugate closed forms,✅,pure,8.0,3389
NotebookPrint,,🚫,,3.0,3389
ObservableModelQ,,,,8.0,3389
Permanent,Permanent of a square matrix,✅,pure,10.2,3389
PlaneCurveData,,🚫,,10.0,3389
WaveletBestBasis,Entropy-optimal basis selection for wavelet packet data,✅,pure,8.0,3389
WeakStationarity,,,,9.0,3389
Contexts,Lists known contexts; optional string pattern with * wildcards filters the result,✅,pure,2.0,3402
CoordinateBoundingBoxArray,Grid of coordinate tuples over a bounding box given as corner points; supports steps and Into[n] divisions and offsets,✅,pure,10.1,3402
CopyDirectory,,,,2.0,3402
CreateChannel,,🚫,,11.0,3402
DiscreteMinLimit,,,,11.2,3402
GeoServer,,🚫,,10.1,3402
HamiltonianGraphQ,Tests whether a graph has a Hamiltonian cycle,✅,pure,8.0,3402
HoeffdingD,Hoeffding dependence statistic D of two vectors (exact rationals for exact input; matrix forms give pairwise/cross matrices),✅,pure,9.0,3402
LevyDistribution,Levy heavy-tailed distribution (infinite moments with radical PDF and Erfc CDF),✅,pure,7.0,3402
MeanShift,,🚫,,8.0,3402
MedianDeviation,Median absolute deviation from the median,✅,pure,6.0,3402
ShowCellTags,,🚫,,3.0,3402
TukeyLambdaDistribution,Tukey lambda quantile-defined distribution,✅,pure,8.0,3402
DeviceConfigure,,🚫,,10.0,3413
FromEntity,,🚫,,10.0,3413
GARCHProcess,,🚫,,10.0,3413
GeoModel,,🚫,,10.0,3413
MeixnerDistribution,Meixner distribution with PDF Mean and Variance,✅,pure,9.0,3413
PageTheme,,🚫,,11.0,3413
PermissionsKey,,🚫,,11.0,3413
PreemptProtect,,,,7.0,3413
StratonovichProcess,,🚫,,9.0,3413
UnitVectorLayer,,🚫,,11.1,3413
WindowToolbars,,🚫,,3.0,3413
AndersonDarlingTest,,,,8.0,3427
KnapsackSolve,,,,11.0,3427
LQRegulatorGains,,,,8.0,3427
MeanAbsoluteLossLayer,,🚫,,11.0,3427
NevilleThetaS,Neville theta S function,✅,pure,3.0,3427
NextCell,,,,10.0,3427
PairedTTest,,,,8.0,3427
PointFigureChart,,🚫,,8.0,3427
ScalingMatrix,Scaling matrix from a list of factors (diagonal) or a factor and a direction vector,✅,pure,6.0,3427
SignedRankTest,,,,8.0,3427
ThueMorse,Returns the parity of the number of 1-bits in the binary expansion of n (Listable),✅,pure,10.2,3427
VertexQ,True if a vertex is in a graph (False for any non-graph first argument),✅,pure,8.0,3427
BrayCurtisDistance,Bray-Curtis distance between vectors,✅,none,6.0,3440
EdgeCost,,,,9.0,3440
GaborFilter,,🚫,,9.0,3440
GeomagneticModelData,,🚫,,10.1,3440
GraphAssortativity,Newman degree assortativity as an exact rational (0 for regular graphs),✅,pure,9.0,3440
LearningRateMultipliers,,🚫,,11.1,3440
MinIntervalSize,,,,10.0,3440
PacletSiteUpdate,,🚫,,12.1,3440
PlanarGraphQ,Tests whether a graph is planar (DMP face-embedding per biconnected component),✅,pure,9.0,3440
ScaleOrigin,,,,9.0,3440
SystemsModelParallelConnect,,🚫,,8.0,3440
UnsavedVariables,,,,8.0,3440
VertexConnectivity,Minimum vertex cut size (s-t form uses vertex-disjoint paths),✅,pure,9.0,3440
BiorthogonalSplineWavelet,Biorthogonal spline wavelet family with exact rational filters,✅,pure,8.0,3462
CanonicalGraph,,,,10.0,3462
ComposeSeries,Composes power series by substituting one series into another,✅,pure,1.0,3462
ConstantRegionQ,,,,10.0,3462
ConvectionPDETerm,,,,12.2,3462
DynamicEvaluationTimeout,,🚫,,8.0,3462
FileSize,"Returns the size of a file as Quantity[bytes;""Bytes""] with a Real magnitude; accepts File wrappers",✅,io,11.2,3462
GaussianUnitaryMatrixDistribution,,,,10.3,3462
HolidayCalendar,,,,9.0,3462
HotellingTSquareDistribution,Hotelling T-squared distribution,✅,pure,8.0,3462
KaiserWindow,Kaiser–Bessel window function; KaiserWindow[x] or KaiserWindow[x alpha] (default alpha 3),✅,pure,9.0,3462
ListVectorDensityPlot,,🚫,,7.0,3462
MersennePrimeExponent,Gives the nth Mersenne prime exponent,✅,pure,10.4,3462
Once,Evaluates an expression once and returns the cached result,✅,pure,11.0,3462
PacletSites,,🚫,,12.1,3462
PageBreakBelow,,🚫,,3.0,3462
RamanujanTauZ,Hardy Z-function for the Ramanujan tau L-function,✅,pure,6.0,3462
RegionImage,,🚫,,11.2,3462
TemporalRegularity,,,,10.0,3462
BraKet,,,,13.3,3474
ButtonBoxOptions,,🚫,,4.0,3474
CompoundPoissonProcess,,🚫,,9.0,3474
GaugeFrameSize,,🚫,,9.0,3474
HandlerFunctions,,🚫,,11.0,3474
LogRankTest,,,,9.0,3474
LogSeriesDistribution,Logarithmic series distribution with parameter theta,✅,pure,6.0,3474
LongestOrderedSequence,Finds the longest ordered (non-decreasing by default) subsequence of a list using an optional ordering predicate,✅,pure,10.2,3474
SpokenString,,🚫,,7.0,3474
TemplateObject,Symbolic template object produced by StringTemplate or FileTemplate,✅,pure,10.0,3474
VoigtDistribution,,,,9.0,3474
AddSides,Add an expression to both sides of an equation; an equation second argument pairs the sides,✅,none,11.3,3491
AlgebraicNumberTrace,Trace of an algebraic number (sum of its conjugates over the rationals),✅,pure,6.0,3491
AudioIntervals,Time intervals of silence or where a measurement criterion holds,✅,pure,11.0,3491
BipartiteGraphQ,Tests whether a graph is bipartite (2-colorable),✅,pure,8.0,3491
CreateArchive,,,,8.0,3491
DifferentialRoot,,,,7.0,3491
FailureAction,,,,10.0,3491
GraphDisjointUnion,Disjoint union of graphs with vertices relabeled to consecutive integers,✅,pure,8.0,3491
KagiChart,,🚫,,8.0,3491
LessEqualThan,Operator form of LessEqual,✅,none,10.3,3491
MorphologicalBranchPoints,,🚫,,8.0,3491
NevilleThetaC,Neville theta C function,✅,pure,3.0,3491
NoneTrue,Checks if no element in a list is true,✅,pure,10.0,3491
NotebookApply,,🚫,,3.0,3491
NumericalOrder,Orders two expressions by numeric value falling back to canonical order,✅,pure,11.1,3491
WindSpeedData,,🚫,,10.0,3491
CloudSave,,🚫,,10.0,3506
CreateDatabin,,,,10.0,3506
Deinitialization,,,,6.0,3506
ExpGammaDistribution,Exponential gamma distribution (log of a gamma variate) with shape scale and location,✅,pure,8.0,3506
FareySequence,Farey fractions of order n (full list or single rank),✅,pure,10.0,3506
GraphDifference,Graph with the edges of another graph removed,✅,pure,8.0,3506
GraphPower,Graph connecting vertices within a given distance,✅,pure,8.0,3506
LaminaData,,🚫,,10.0,3506
LiouvilleLambda,Liouville lambda function (Listable),✅,pure,7.0,3506
MenuCommandKey,,🚫,,6.0,3506
Octahedron,Regular octahedron primitive consumed by Volume/SurfaceArea/RegionMeasure/RegionCentroid,✅,unevaluated,12.0,3506
SavitzkyGolayMatrix,Least-squares Savitzky-Golay smoothing kernel of a given radius and polynomial degree,✅,pure,10.0,3506
SpearmanRankTest,,,,9.0,3506
AASTriangle,Triangle from two angles and the side opposite the first (symbolic angles give the Csc/Cot closed form),✅,pure,10.0,3522
BlockchainData,,🚫,,11.3,3522
CramerVonMisesTest,,,,8.0,3522
Decompose,Decomposes a polynomial into a composition of simpler polynomials,✅,pure,1.0,3522
HyperexponentialDistribution,Mixture of exponential distributions,✅,pure,9.0,3522
InteractiveTradingChart,,🚫,,8.0,3522
KeySortBy,Sorts an association by applying a function to its keys; supports the operator form KeySortBy[f][assoc],✅,pure,10.0,3522
PermissionsGroup,,🚫,,10.0,3522
PopupView,Popup view control (stays symbolic in script mode),✅,unevaluated,6.0,3522
SetCloudDirectory,,🚫,,10.0,3522
SkeletonTransform,,🚫,,8.0,3522
StandardDeviationFilter,Replaces each element with the sample standard deviation of its radius-r neighborhood (1D list or 2D array),✅,pure,7.0,3522
TransitiveReductionGraph,Minimal graph preserving the reachability of a directed acyclic graph,✅,pure,10.0,3522
UtilityFunction,,,,10.0,3522
BeniniDistribution,Benini log-quadratic hazard distribution,✅,pure,8.0,3537
CoxModelFit,,,,9.0,3537
EdgeConnectivity,Minimum edge cut size (s-t form uses edge-disjoint paths),✅,pure,9.0,3537
EntropyFilter,,🚫,,7.0,3537
ExponentStep,,,,3.0,3537
GeoDistanceList,,🚫,,10.4,3537
InverseFourierCosTransform,Inverse Fourier cosine transform (the cosine transform is an involution),✅,pure,4.0,3537
LessLess,,,,3.0,3537
LongestCommonSubsequencePositions,Returns the {start end} spans of the longest contiguous common subsequence in two strings or lists,✅,pure,10.2,3537
PeriodogramArray,,🚫,,9.0,3537
PoleZeroMarkers,,,,8.0,3537
ReverseGraph,Graph with every directed edge reversed; edges emitted in vertex-position order like wolframscript,✅,pure,8.0,3537
SemialgebraicComponentInstances,,,,6.0,3537
SubStar,Subscript star notation,✅,none,6.0,3537
AbsoluteCorrelation,Uncentered (second-moment) correlation Mean[v1*Conjugate[v2]] of two vectors or the correlation matrix of a data matrix,✅,pure,9.0,3566
AnnotationValue,Value a graph annotation carries for the graph or for one of its vertices or edges,✅,pure,12.1,3566
AudioDelay,,🚫,,11.0,3566
BasicRecurrentLayer,,🚫,,11.1,3566
BooleanVariables,Boolean variables of an expression (canonically sorted; opaque subexpressions count),✅,pure,7.0,3566
ChannelListen,,🚫,,11.0,3566
CompleteGraphQ,Tests whether a graph is complete (every pair adjacent exactly once; a digraph needs both arcs of every pair),✅,pure,8.0,3566
DGaussianWavelet,Derivative-of-Gaussian continuous wavelet of order n,✅,pure,8.0,3566
DMSString,Formats an angle or lat/lon pair as a degrees-minutes-seconds string; accepts scalars and {d;m;s} triples and GeoPosition and DMS strings,✅,pure,7.0,3566
DefaultNewCellStyle,,🚫,,3.0,3566
GenericCylindricalDecomposition,,,,6.0,3566
IgnoringInactive,,,,10.0,3566
KeyDropFrom,Removes a key-value pair from an association,✅,stateful,10.0,3566
LayerSizeFunction,,,,6.0,3566
LegendAppearance,,🚫,,7.0,3566
LineBreakChart,,🚫,,8.0,3566
ListDeconvolve,,,,8.0,3566
QuantityForm,,,,9.0,3566
RandomPolygon,,,,12.0,3566
RowAlignments,,,,3.0,3566
ScaleRanges,,,,9.0,3566
SphericalHankelH2,Spherical Hankel function of the second kind,✅,pure,6.0,3566
SplicedDistribution,,,,9.0,3566
SymmetrizedIndependentComponents,,,,9.0,3566
TelegraphProcess,,🚫,,9.0,3566
TsallisQGaussianDistribution,Tsallis q-Gaussian distribution,✅,pure,9.0,3566
UnsetShared,,,,7.0,3566
VonMisesDistribution,Von Mises circular distribution,✅,pure,8.0,3566
AbortKernels,,🚫,,7.0,3578
CloudSymbol,,🚫,,10.0,3578
DataDistribution,,,,8.0,3578
DoubleRightArrow,,,,3.0,3578
FeedbackLinearize,,🚫,,10.0,3578
FunctionInjective,,,,12.2,3578
LinearFractionalTransform,Build a TransformationFunction for the projective map x -> (m.x + v)/(w.x + b),✅,none,6.0,3578
MorletWavelet,Morlet continuous wavelet (modulated Gaussian),✅,pure,8.0,3578
MovingMedian,Compute moving median of a list,✅,pure,6.0,3578
StringToByteArray,Convert string to byte array,✅,pure,11.2,3578
WebSearch,,🚫,,11.1,3578
CircularRealMatrixDistribution,,,,10.3,3593
ColorsNear,,🚫,,12.0,3593
Enclose,Evaluates an expression and returns a failure object if a Confirm inside it fails,✅,pure,12.2,3593
FileSystemMap,,,,11.0,3593
GeodesicDilation,,🚫,,7.0,3593
ImageGraphics,,🚫,,11.1,3593
InverseHaversine,Inverse haversine function,✅,computation,7.0,3593
LocalSubmit,,🚫,,11.2,3593
PolygonCoordinates,Vertices of a 2-D polygon in canonical sorted order (degenerate or non-2-D polygons stay unevaluated),✅,pure,12.0,3593
RadialGradientImage,,🚫,,10.0,3593
RadicalBox,Low-level box construct for nth root display,✅,pure,3.0,3593
SaveConnection,,🚫,,12.0,3593
SequenceFoldList,Fold over a list keeping an n-element history at each step and returning all results,✅,pure,10.2,3593
ShapiroWilkTest,,,,8.0,3593
SpearmanRho,Spearman rank-correlation coefficient of two lists,✅,pure,9.0,3593
ApplyTo,Apply a function to a variable value in place,✅,stateful,12.2,3612
BandstopFilter,Apply a bandstop filter to data,✅,pure,9.0,3612
BlockchainBlockData,,🚫,,11.3,3612
CloudAccountData,,🚫,,10.0,3612
CloudConnect,,🚫,,10.0,3612
CreateNotebook,,🚫,,10.0,3612
Dialog,,🚫,,2.0,3612
DiscreteShift,Discrete shift of an expression (n -> n+1),✅,pure,7.0,3612
GaugeFaceStyle,,🚫,,9.0,3612
HilbertCurve,Line through all cells of the 2^n x 2^n grid in Hilbert order (integer grid; DataRange maps to reals),✅,pure,11.1,3612
KumaraswamyDistribution,Kumaraswamy continuous distribution on the unit interval,✅,pure,8.0,3612
LogLogisticDistribution,Log-logistic distribution with shape g and scale s,✅,pure,8.0,3612
LongestCommonSequence,Returns the longest noncontiguous subsequence common to two strings or lists,✅,pure,7.0,3612
NevilleThetaD,Neville theta D function,✅,pure,3.0,3612
NevilleThetaN,Neville theta N function,✅,pure,3.0,3612
SatisfiabilityCount,Number of satisfying assignments of a Boolean expression,✅,pure,7.0,3612
StadiumShape,Two-dimensional stadium region,✅,pure,10.2,3612
BernoulliProcess,Bernoulli process with time-independent Bernoulli slices,✅,unevaluated,9.0,3636
BinaryDeserialize,Reconstructs an expression from WXF binary bytes,✅,pure,11.1,3636
BlackmanWindow,Blackman window with the rounded coefficients {21 25 4}/50 on [-1/2 1/2],✅,pure,9.0,3636
BoundaryMeshRegionQ,Tests whether an expression is a valid BoundaryMeshRegion object,✅,pure,10.0,3636
ButtonSource,,🚫,,3.0,3636
CalloutStyle,,🚫,,11.0,3636
ColorBalance,White-balance an image against a reference color,✅,pure,10.2,3636
CompoundPoissonDistribution,Poisson-compounded sum distribution,✅,pure,9.0,3636
DoubleLeftRightArrow,,,,3.0,3636
EvaluationData,,🚫,,10.0,3636
FailureQ,Tests whether an expression is a failure object such as $Failed or Failure[...],✅,pure,10.2,3636
HessenbergDecomposition,,,,5.1,3636
InitializationValue,,🚫,,11.2,3636
InverseRadon,,,,8.0,3636
LibraryUnload,,,,8.0,3636
ListLineIntegralConvolutionPlot,,🚫,,7.0,3636
OuterPolygon,,,,12.0,3636
ParentNotebook,,🚫,,10.0,3636
ScalePadding,,,,9.0,3636
SmithWatermanSimilarity,Local sequence-alignment similarity score,✅,pure,7.0,3636
TaskRemove,,🚫,,11.2,3636
TopHatTransform,,🚫,,7.0,3636
WarpingCorrespondence,Dynamic time warping alignment path between two numeric sequences,✅,pure,11.0,3636
WindVectorData,,🚫,,10.0,3636
AudioNormalize,Scales audio so its loudest sample sits at full scale — the scale is taken over every channel at once,✅,pure,11.0,3656
CombinerFunction,,,,10.0,3656
CompatibleUnitQ,Tests if two quantities have compatible units,✅,pure,9.0,3656
GaussianOrthogonalMatrixDistribution,,,,10.3,3656
GeoScaleBar,,🚫,,10.0,3656
HTTPResponse,Symbolic HTTP response object produced by URLRead; stays unevaluated,✅,unevaluated,10.0,3656
HilbertFilter,,,,9.0,3656
HoytDistribution,Hoyt fading amplitude distribution,✅,pure,8.0,3656
LCHColor,,,,10.0,3656
LocationEquivalenceTest,,,,8.0,3656
NearestFunction,,,,6.0,3656
PairedZTest,,,,8.0,3656
PolygonalNumber,Gives the nth r-gonal polygonal number,✅,pure,10.4,3656
ReliefImage,,🚫,,8.0,3656
SampleDepth,,,,2.0,3656
SequenceSplit,Splits a list into segments separated by matching subsequences; rules keep a replacement at each separator and a third argument caps the number of segments,✅,pure,11.3,3656
Snippet,Opening lines of a text each cut to 80 characters; the spec selects lines the way Take selects elements,✅,pure,10.2,3656
SpectrogramArray,,🚫,,9.0,3656
TravelDirections,,🚫,,10.3,3656
AirPressureData,,🚫,,10.0,3678
AroundReplace,,,,12.0,3678
AssessmentFunction,Symbolic assessment object; AssessmentFunction[spec][answer] grades the answer against the answer key and returns an AssessmentResultObject,✅,pure,12.2,3678
DEigenvalues,,,,10.3,3678
DeviceReadBuffer,,🚫,,10.0,3678
DirichletWindow,Dirichlet rectangular window: 1 on [-1/2 1/2] and 0 outside,✅,pure,9.0,3678
EdgeRules,Returns the edges of a graph as a list of rules in edge order,✅,pure,8.0,3678
InitialSeeding,,,,12.0,3678
JarqueBeraALMTest,,,,8.0,3678
JuliaSetPoints,,,,10.0,3678
ListSliceVectorPlot3D,,🚫,,10.2,3678
LogGammaDistribution,Log-gamma distribution with shape scale and location parameters,✅,pure,8.0,3678
LoopFreeGraphQ,Tests whether a graph has no self-loops,✅,pure,8.0,3678
MomentConvert,,,,8.0,3678
PoissonConsulDistribution,Generalized Consul-Poisson distribution with PDF Mean and Variance,✅,pure,8.0,3678
SechDistribution,Hyperbolic secant distribution (Sech PDF and ArcTan CDF),✅,pure,8.0,3678
StartWebSession,,🚫,,12.0,3678
TimeSeriesInsert,Inserts a point into a series keeping the path sorted by time,✅,pure,10.0,3678
TimeSeriesMapThread,,🚫,,10.0,3678
TransferFunctionZeros,,🚫,,8.0,3678
UnequalTo,Operator form of Unequal,✅,none,10.4,3678
WakebyDistribution,Wakeby quantile-defined distribution,✅,pure,8.0,3678
AiryAiZero,n-th real zero of the Airy function Ai,✅,pure,6.0,3697
AudioFade,,🚫,,11.0,3697
BirnbaumSaundersDistribution,Birnbaum-Saunders fatigue-life distribution (Mean Variance PDF and Erf CDF),✅,pure,8.0,3697
BorelTannerDistribution,Borel-Tanner discrete distribution (prime-power-merged PMF),✅,pure,8.0,3697
CloudLoggingData,,🚫,,10.2,3697
DynamicGeoGraphics,,🚫,,10.4,3697
EntityStore,Represents an entity store for custom entity types,✅,pure,11.0,3697
ExtractArchive,,,,8.0,3697
FactorSquareFreeList,Returns the square-free factorization of a polynomial as a list of factor-multiplicity pairs,✅,pure,1.0,3697
FindGeometricConjectures,,,,12.0,3697
GeoVisibleRegion,,🚫,,10.0,3697
ImageInstanceQ,,🚫,,10.1,3697
LameC,,,,12.2,3697
MeshCellShapeFunction,,🚫,,10.2,3697
NBodySimulation,,,,12.0,3697
PearsonCorrelationTest,,,,9.0,3697
StackedDateListPlot,,🚫,,11.2,3697
TrainingProgressReporting,,🚫,,11.1,3697
WarpingDistance,Dynamic time warping distance between two numeric sequences,✅,pure,11.0,3697
DifferentiatorFilter,,,,9.0,3717
Encode,,,,2.0,3717
FunctionAnalytic,,,,12.2,3717
GeoAntipode,Point diametrically opposite a geo position on the Earth,✅,pure,11.2,3717
GetEnvironment,Returns rule(s) mapping env variable names to their values,✅,pure,9.0,3717
GrammarToken,,🚫,,10.0,3717
ImageForestingComponents,,🚫,,8.0,3717
KarhunenLoeveDecomposition,,,,8.0,3717
KuiperTest,,,,8.0,3717
LUVColor,,,,10.0,3717
LeastSquaresFilterKernel,,,,9.0,3717
LessFullEqual,,,,3.0,3717
MorphologicalEulerNumber,,🚫,,7.0,3717
NoncentralBetaDistribution,,,,8.0,3717
PageBreakWithin,,🚫,,3.0,3717
PersistentObjects,,🚫,,11.1,3717
RegionSymmetricDifference,,,,10.0,3717
ReturnPacket,,,,3.0,3717
RollPitchYawMatrix,Rotation matrix from roll-pitch-yaw angles (default {3 2 1} convention; rotations apply in reverse angle order; optional axis sequence),✅,pure,10.2,3717
WatsonUSquareTest,,,,8.0,3717
BooleanGraph,,,,8.0,3737
CharacterName,Gives the Wolfram Language name of a character (letters digits and ASCII punctuation) or a list of names for a multi-character string,✅,pure,10.2,3737
ContourDetect,,,,8.0,3737
Databins,,🚫,,10.0,3737
DependentVariables,,,,5.0,3737
DiagonalMatrixQ,True if a (possibly rectangular) matrix has nonzeros only on the k-th diagonal,✅,pure,12.0,3737
DirichletL,Dirichlet L-function (Zeta and exact integer-s values),✅,pure,7.0,3737
GeoImage,,🚫,,11.2,3737
HatchShading,,,,12.1,3737
LongLeftRightArrow,,,,3.0,3737
ManagedLibraryExpressionID,,,,10.0,3737
MathMLForm,Converts expression to MathML form,✅,pure,4.1,3737
MomentEvaluate,,,,8.0,3737
NHoldFirst,Attribute preventing N from numericizing the first argument,✅,pure,3.0,3737
NumberMultiplier,,,,3.0,3737
PrintableASCIIQ,Tests whether a string consists only of printable ASCII characters,✅,pure,10.1,3737
StateOutputEstimator,,,,8.0,3737
SurvivalDistribution,,,,8.0,3737
SuzukiDistribution,Rayleigh-lognormal compound distribution with closed-form Mean and Variance,✅,pure,8.0,3737
WindowOpacity,,🚫,,6.0,3737
ApartSquareFree,Partial fractions over the denominator's syntactic factor bases without factoring them (whole part split off; lists thread),✅,pure,6.0,3755
CircularUnitaryMatrixDistribution,,,,10.3,3755
ColorDetect,,🚫,,12.0,3755
CoordinateBoundingBox,Bounding box corners of a list of points with optional padding,✅,none,10.1,3755
DateReduction,,,,10.2,3755
FileNameDepth,Number of path components in a file name,✅,pure,7.0,3755
FunctionLayer,,🚫,,12.2,3755
GeoPositionENU,,🚫,,7.0,3755
GeometricStep,,,,12.2,3755
NotebookAutoSave,,🚫,,3.0,3755
ProcessStatus,,🚫,,10.0,3755
SelectionEvaluateCreateCell,,🚫,,3.0,3755
SingularValuePlot,,🚫,,8.0,3755
SpatialPointData,,🚫,,12.2,3755
TemplateBoxOptions,,🚫,,6.0,3755
URLSubmit,,🚫,,11.0,3755
WeaklyConnectedGraphComponents,,,,10.4,3755
ASATriangle,Triangle from two angles with the included side (symbolic angles give the Csc closed form),✅,pure,10.0,3765
AsymptoticOutputTracker,,,,10.0,3765
BenktanderWeibullDistribution,Benktander-Weibull heavy-tailed distribution on x >= 1,✅,pure,8.0,3765
CelestialSystem,,,,10.0,3765
CornerFilter,,,,8.0,3765
FunctionSingularities,,,,12.2,3765
KalmanFilter,,,,9.0,3765
MoyalDistribution,Moyal distribution (sign-folded PDF and Erfc CDF),✅,pure,8.0,3765
PathGraphQ,Tests whether a graph is a simple connected graph with all degrees at most 2 (a digraph: at most one arc in and one out per vertex),✅,pure,8.0,3765
RegionResize,,,,11.0,3765
AudioChannelMix,,🚫,,11.0,3785
BayesianMinimization,,,,11.0,3785
BuildingData,,🚫,,10.0,3785
ChampernowneNumber,Champernowne constant in any base >= 2 (symbolic until N; exact big-integer digit generation; NumericQ True),✅,pure,7.0,3785
DynamicSetting,,🚫,,6.0,3785
EmptyGraphQ,Tests whether a graph has no edges,✅,pure,8.0,3785
FindVertexCover,,,,8.0,3785
ImageFeatureTrack,,🚫,,9.0,3785
KendallTau,Kendall rank-correlation coefficient of two lists,✅,pure,9.0,3785
LogMultinormalDistribution,,,,9.0,3785
MathieuCharacteristicExponent,,,,3.0,3785
NegativeSemidefiniteMatrixQ,Test whether a matrix is negative semidefinite,✅,none,10.0,3785
PageBreakAbove,,🚫,,3.0,3785
ReverseBiorthogonalSplineWavelet,Biorthogonal spline wavelet with primal and dual filters swapped,✅,pure,8.0,3785
ScaleRangeStyle,,,,9.0,3785
ShiftedGompertzDistribution,,,,10.3,3785
TextClipboardType,,,,7.0,3785
UnderBar,Display form with an underbar accent,✅,none,6.0,3785
UnitRootTest,,,,9.0,3785
AudioPad,Pads audio with a given amount in seconds or samples — a bare amount goes on the end a pair on each side,✅,pure,11.0,3803
BenktanderGibratDistribution,Benktander-Gibrat actuarial distribution,✅,pure,8.0,3803
DeviceReadTimeSeries,,🚫,,10.0,3803
FindHiddenMarkovStates,,,,10.0,3803
FitRegularization,,,,12.0,3803
HumanGrowthData,,🚫,,10.1,3803
Iconize,,🚫,,11.3,3803
LandauDistribution,,,,8.0,3803
LinearOptimization,,,,12.0,3803
LocatorRegion,,🚫,,6.0,3803
MatrixTDistribution,,,,10.3,3803
NetArrayLayer,,🚫,,12.2,3803
PersonData,,🚫,,10.0,3803
QuartileDeviation,Half the interquartile range of a list under optional Quantile parameters (or columnwise for a matrix),✅,pure,6.0,3803
RamanujanTau,Ramanujan tau function,✅,pure,6.0,3803
RowMinHeight,,,,3.0,3803
StateSpaceRealization,,🚫,,8.0,3803
Underoverscript,Underoverscript notation wrapper (stays symbolic),✅,unevaluated,3.0,3803
BlackmanHarrisWindow,Blackman-Harris 4-term cosine-sum window on [-1/2 1/2] (exact rationals for exact input),✅,pure,9.0,3823
CloudSubmit,,🚫,,10.2,3823
ControllerManipulate,Manipulate driven by an external controller (stays symbolic in script mode),✅,unevaluated,6.0,3823
CreateIntermediateDirectories,,,,6.0,3823
DateWithinQ,True when the second date lies within the first date's half-open calendar span,✅,pure,11.1,3823
DavisDistribution,,,,8.0,3823
Deletable,,,,3.0,3823
FindKPlex,,,,9.0,3823
FromRomanNumeral,Integer value of a roman numeral string (pairwise subtractive),✅,pure,10.2,3823
MessagePacket,,🚫,,3.0,3823
NetPortGradient,,🚫,,11.1,3823
NumberExpand,Place-value decomposition of exact numbers in any base,✅,pure,11.0,3823
PeronaMalikFilter,,🚫,,8.0,3823
RiccatiSolve,,,,8.0,3823
ShellRegion,,,,11.0,3823
ShrinkingDelay,,,,6.0,3823
SimpleGraphQ,Tests whether a graph has no self-loops or multi-edges (a directed edge and its reverse are different edges),✅,pure,8.0,3823
VideoGenerator,,🚫,,12.2,3823
AcousticPDEComponent,,🚫,,12.2,3843
BattleLemarieWavelet,Battle-Lemarie orthonormalized B-spline wavelet family,✅,pure,8.0,3843
CanberraDistance,Canberra distance between vectors,✅,none,6.0,3843
ClusteringTree,,,,10.4,3843
CriticalSection,,,,7.0,3843
DiracComb,Dirac comb distribution: 0 at definite non-integers; unevaluated at integers and symbols; multidimensional and Listable,✅,pure,7.0,3843
EnterTextPacket,,🚫,,3.0,3843
FrobeniusNumber,Returns the Frobenius number for a set of integers,✅,pure,6.0,3843
InheritScope,,,,10.0,3843
KalmanEstimator,,,,8.0,3843
KirchhoffGraph,Builds the graph with a given Kirchhoff (Laplacian) matrix; symmetric gives undirected edges and non-symmetric directed; -k means k parallel edges,✅,pure,8.0,3843
LeveneTest,,,,8.0,3843
MandelbrotSetDistance,,,,10.0,3843
MeanClusteringCoefficient,Mean of the local clustering coefficients,✅,pure,9.0,3843
RegularlySampledQ,Tests whether the time stamps of a series are evenly spaced,✅,pure,10.0,3843
RelationalDatabase,,🚫,,12.0,3843
RenameDirectory,Renames a directory returning the absolute destination path,✅,filesystem,2.0,3843
TriangleMeasurement,Scalar triangle measurements: Area (default) Perimeter Semiperimeter Inradius Circumradius for Triangle or point-list input,✅,pure,12.0,3843
WindDirectionData,,🚫,,10.0,3843
AffineSpace,,,,10.2,3862
AudioCapture,Record from a microphone ($Failed: no audio input device headless),✅,effectful,11.1,3862
AudioJoin,Concatenate audio objects (conforming sample rates and channels),✅,pure,11.0,3862
CallPacket,,🚫,,3.0,3862
CosineWindow,Cosine window Cos[Pi x] on [-1/2 1/2] (radical values at exact grid points),✅,pure,9.0,3862
GrammarRules,,🚫,,10.0,3862
GraphAutomorphismGroup,,,,10.0,3862
InverseSpectrogram,,🚫,,12.0,3862
KDistribution,,,,8.0,3862
KVertexConnectedComponents,,,,10.0,3862
PermutationListQ,True if list is a valid permutation,✅,1,8.0,3862
QPolyGamma,,,,7.0,3862
RightTeeArrow,,,,3.0,3862
SkellamDistribution,Skellam distribution of the difference of two Poisson variables,✅,pure,8.0,3862
SocketListen,Run handler functions for everything arriving on a socket,✅,effectful,11.2,3862
SpecificityGoal,,🚫,,10.1,3862
TemplateIf,Template element inserting one of two clauses by a condition,✅,pure,10.0,3862
TracyWidomDistribution,,,,10.3,3862
AsymptoticLessEqual,Tests whether one expression is big-O of another at a limit point,✅,pure,11.3,3889
BirnbaumImportance,,,,9.0,3889
ByteArrayToString,Convert byte array to string,✅,pure,11.2,3889
CellBracketOptions,,🚫,,4.0,3889
ChannelObject,,🚫,,11.0,3889
ControllabilityMatrix,Controllability matrix of a state-space model,✅,pure,8.0,3889
ConvexHullRegion,,🚫,,12.2,3889
Delimiters,Option symbol specifying what delimiters to use or look for,✅,none,1.0,3889
Diamond,Symbolic diamond operator with Unicode display,✅,pure,3.0,3889
FileFormat,,✅,,6.0,3889
FileTemplateApply,,,,10.0,3889
FindLibrary,,,,8.0,3889
FindRepeat,Finds the shortest repeating sub-sequence that tiles a list string or association,✅,pure,11.2,3889
FourierDCTMatrix,Discrete cosine transform matrix of size n (DCT types 1-4; default type 2),✅,pure,9.0,3889
HandlerFunctionsKeys,,🚫,,11.0,3889
HostLookup,,🚫,,10.3,3889
ImageCooccurrence,,🚫,,8.0,3889
LindleyDistribution,Lindley distribution (Mean Variance and exponential PDF/CDF on positive reals),✅,pure,8.0,3889
MardiaKurtosisTest,,,,8.0,3889
ProcessDirectory,,🚫,,10.0,3889
ResourceUpdate,,🚫,,11.2,3889
ResponseForm,,🚫,,10.0,3889
Subresultants,Principal subresultant coefficients of two polynomials,✅,pure,4.0,3889
TukeyWindow,Tukey (tapered-cosine) window function; TukeyWindow[x] or TukeyWindow[x alpha] (default alpha 2/3),✅,pure,9.0,3889
WaringYuleDistribution,Waring (two-parameter) and Yule (one-parameter) discrete distribution; supports PDF CDF Quantile and Mean,✅,pure,8.0,3889
AudioPartition,,🚫,,11.0,3916
AudioPlay,,🚫,,11.2,3916
BartlettWindow,Bartlett triangular window 1 - 2 Abs[x] on [-1/2 1/2],✅,pure,9.0,3916
BenfordDistribution,Benford law distribution for leading digits in base b,✅,pure,8.0,3916
BlockchainGet,,🚫,,11.3,3916
CellFrameLabelMargins,,🚫,,4.0,3916
CloudExpression,,🚫,,10.4,3916
DynamicImage,,🚫,,10.4,3916
FisherHypergeometricDistribution,,,,8.0,3916
FoldPair,Folds a pair-returning function over a list and returns the last emitted value; the two-argument form seeds the state with the first list element,✅,pure,10.2,3916
GenerateSymmetricKey,,🚫,,10.1,3916
GuidedFilter,,,,10.2,3916
ImageApplyIndexed,,🚫,,10.0,3916
KatzCentrality,Katz centrality of graph vertices solving (I - alpha A) x = beta,✅,pure,8.0,3916
LinearOffsetFunction,,,,7.0,3916
MarchenkoPasturDistribution,,,,10.3,3916
MatchingDissimilarity,Matching dissimilarity between binary vectors,✅,pure,6.0,3916
MenuStyle,,🚫,,8.0,3916
MeyerWavelet,Meyer wavelet family defined in the frequency domain,✅,pure,8.0,3916
SearchQueryString,,🚫,,11.0,3916
ShannonWavelet,Shannon (sinc) wavelet family,✅,pure,8.0,3916
SpellingCorrection,,🚫,,2.0,3916
SubsetEqual,,,,3.0,3916
SymmetrizedArrayRules,,,,9.0,3916
VerifyTestAssumptions,,,,8.0,3916
WeightedGraphQ,Tests whether a graph has explicit edge or vertex weights,✅,pure,8.0,3916
AcceptanceThreshold,,🚫,,12.0,3947
AntihermitianMatrixQ,Test whether a matrix is anti-Hermitian,✅,none,10.0,3947
BetaNegativeBinomialDistribution,Beta negative binomial distribution (Mean and Variance),✅,pure,6.0,3947
BlomqvistBeta,Blomqvist medial rank-correlation coefficient (sign correlation around the medians; exact for exact input),✅,pure,9.0,3947
ContentObject,,🚫,,10.2,3947
ControllerPath,,,,6.0,3947
DataStructure,,,,12.1,3947
DeviceExecute,,🚫,,10.0,3947
FindKClan,,,,9.0,3947
GaborMatrix,,,,9.0,3947
GrammarApply,,🚫,,10.0,3947
GroupElementToWord,,,,9.0,3947
GroupPageBreakWithin,,,,3.0,3947
HexadecimalCharacter,Represents a hexadecimal digit character [0-9a-fA-F] in string patterns,✅,pure,7.0,3947
HjorthDistribution,,,,11.1,3947
HoeffdingDTest,,,,9.0,3947
ImageFormattingWidth,,🚫,,10.0,3947
JuliaSetIterationCount,,,,10.0,3947
MinColorDistance,,,,10.0,3947
PerfectNumber,Gives the nth perfect number,✅,pure,10.4,3947
PermutationSupport,Elements moved by a permutation,✅,pure,8.0,3947
RepairMesh,,,,11.0,3947
RootOfUnityQ,Tests whether a number is exactly a root of unity,✅,pure,6.0,3947
SystemsModelOrder,,🚫,,8.0,3947
TemplateExpression,Embedded expression inside a TemplateObject evaluated at TemplateApply time,✅,pure,10.0,3947
TimeSeriesInvertibility,,🚫,,9.0,3947
TimeZoneOffset,UTC offset of a numeric or named IANA time zone (DST-aware via chrono-tz; 3-arg form takes a reference date),✅,pure,10.3,3947
TsallisQExponentialDistribution,,,,9.0,3947
AntisymmetricMatrixQ,Test if matrix is antisymmetric,✅,none,10.0,3972
AutoMultiplicationSymbol,,,,6.0,3972
BayesianMaximization,,,,11.0,3972
BrownForsytheTest,,,,8.0,3972
CommunityLabels,,,,9.0,3972
CompoundElement,,,,10.1,3972
ConoverTest,,,,8.0,3972
DiscreteIndicator,,,,7.0,3972
DoubleBracketingBar,,,,3.0,3972
EdgeContract,Contract an edge of a graph merging its two endpoints into one vertex,✅,pure,10.0,3972
EvaluationElements,,,,8.0,3972
FindKClique,,,,9.0,3972
FisherZDistribution,,,,8.0,3972
GeogravityModelData,,🚫,,10.1,3972
HeatTransferValue,,,,12.2,3972
Interrupt,Interrupts evaluation,✅,effectful,2.0,3972
InverseMellinTransform,Reverse Mellin transform table matching wolframscript result forms,✅,pure,11.0,3972
LeftTee,Inert operator displayed with the ⊣ symbol,✅,pure,3.0,3972
LibraryFunctionUnload,,,,8.0,3972
MoleculeModify,,🚫,,12.0,3972
NormalMatrixQ,Test whether a matrix is normal,✅,none,10.0,3972
SpeechSynthesize,,🚫,,11.2,3972
Therefore,Represents a therefore logical relation,✅,pure,3.0,3972
ToContinuousTimeModel,,,,8.0,3972
ArrayPlot3D,,🚫,,12.2,4006
BlockchainTokenData,,🚫,,12.0,4006
CanonicalizePolygon,,,,12.0,4006
CoifletWavelet,Coiflet orthogonal wavelet family of order n (1-5),✅,pure,8.0,4006
DamerauLevenshteinDistance,Edit distance counting adjacent transpositions as unit cost (true Damerau-Levenshtein),✅,pure,7.0,4006
DeepSpaceProbeData,,🚫,,10.0,4006
EscapeRadius,,,,10.0,4006
FeedbackType,,🚫,,8.0,4006
GenerateDocument,,🚫,,10.0,4006
GraphDensity,Edge count relative to the complete graph (2m/n(n-1)),✅,pure,9.0,4006
GroupStabilizerChain,,,,8.0,4006
HistogramPointDensity,,🚫,,12.2,4006
InverseBetaRegularized,Inverse of the regularized incomplete beta function I_z(a b),✅,pure,3.0,4006
ListZTransform,Finite Z transform of a list: Sum of a_k z^(-k-n) with optional starting index n,✅,pure,9.0,4006
MandelbrotSetIterationCount,Number of z->z^2+c iterates with abs z <= 2 up to MaxIterations (cap+1 for exact cardioid/bulb points; Listable),✅,pure,10.0,4006
MardiaSkewnessTest,,,,8.0,4006
MessageList,Messages generated during the current calculation,✅,stateful,2.0,4006
NeedlemanWunschSimilarity,Global sequence-alignment similarity score,✅,pure,7.0,4006
PaulWavelet,Paul continuous complex wavelet of order m,✅,pure,8.0,4006
Precedence,Returns the parsing precedence of a symbol or expression,✅,pure,1.0,4005
PrecedenceForm,Formatting wrapper that specifies precedence for output display,✅,none,1.0,4006
RandomPointConfiguration,,,,12.2,4006
SiegelTukeyTest,,,,8.0,4006
SierpinskiCurve,Closed Sierpinski square curve as a Line (Wirth recursion with fixed half-step 32 matching wolframscript coordinates),✅,pure,11.1,4006
SocketOpen,Open a listening TCP socket on a port,✅,effectful,11.2,4006
SpectralLineData,,🚫,,11.1,4006
StreamMarkers,,,,11.3,4006
TravelDistanceList,,🚫,,10.4,4006
UniverseModelData,,🚫,,10.4,4006
VarianceEquivalenceTest,,,,8.0,4006
WaitNext,,🚫,,7.0,4006
WalleniusHypergeometricDistribution,,,,8.0,4006
WikidataData,Retrieves the values of Wikidata properties for Wikidata items from the wikidata.org API,✅,effectful,12.1,4006
WordOrientation,,,,10.1,4006
AnimatedImage,,🚫,,12.2,4027
BioSequenceTranslate,,🚫,,12.2,4027
CompoundRenewalProcess,,🚫,,9.0,4027
EnterExpressionPacket,,🚫,,3.0,4027
EntityInstance,,🚫,,10.3,4027
FindFundamentalCycles,Fundamental cycle basis from a BFS spanning forest in reverse edge order,✅,pure,10.0,4027
HalftoneShading,,,,12.1,4027
LibraryDataType,,,,10.0,4027
LibraryLoad,,,,8.0,4027
MemoryAvailable,Returns the estimated free system memory in bytes,✅,io,11.2,4027
MissingBehavior,,,,10.0,4027
PerfectNumberQ,Test if a number is perfect (sum of proper divisors equals itself),✅,pure,10.4,4027
RecognitionPrior,,🚫,,10.1,4027
SatelliteData,,🚫,,10.0,4027
TextElement,,🚫,,10.3,4027
TransferFunctionTransform,,🚫,,9.0,4027
URLDecode,Decode a percent-encoded URL string,✅,pure,10.0,4027
VertexCapacity,,,,9.0,4027
WeaklyConnectedGraphQ,Test whether a directed graph is weakly connected (underlying undirected graph is connected),✅,pure,9.0,4027
WindowStatusArea,,🚫,,6.0,4027
WinsorizedMean,Mean after replacing the lowest and highest Floor[f n] values with the nearest retained value,✅,pure,11.1,4027
AnglePath3D,3D angle path from successive {roll pitch yaw} rotations with unit or {dist angles} steps (exact radicals for exact angles),✅,pure,11.1,4052
AudioPitchShift,Shift audio pitch by a ratio or semitone quantity preserving duration,✅,pure,11.0,4052
BaseEncode,Base64-encode a ByteArray to a string,✅,pure,11.3,4052
ButtonMinHeight,,🚫,,3.0,4052
CanonicalWarpingDistance,,,,11.0,4052
ClassPriors,,🚫,,10.0,4052
DiscreteChirpZTransform,,,,9.0,4052
GoodmanKruskalGamma,Goodman-Kruskal gamma rank-correlation coefficient (concordant minus discordant over untied pairs),✅,pure,9.0,4052
ImagePeriodogram,,🚫,,9.0,4052
ImportByteArray,,,,11.2,4052
InverseDistanceTransform,,,,8.0,4052
LinkActivate,,🚫,,3.0,4052
LocalTimeZone,,,,10.0,4052
LunarEclipse,"Time of greatest eclipse and ""Type"" of the next lunar eclipse after a date",✅,contextual,10.0,4052
NotebooksMenu,,🚫,,4.0,4052
RenewalProcess,,🚫,,9.0,4052
SatisfiableQ,Tests whether a Boolean expression has a satisfying assignment,✅,pure,7.0,4052
StoppingPowerData,,🚫,,10.1,4052
StripBoxes,,🚫,,6.0,4052
SurfaceData,,🚫,,10.0,4052
Synonyms,,🚫,,12.0,4052
TagBoxOptions,,🚫,,6.0,4052
TideData,,🚫,,11.2,4052
WinsorizedVariance,Variance after replacing the lowest and highest Floor[f n] values with the nearest retained value,✅,pure,11.1,4052
AlgebraicIntegerQ,Tests whether a number is an algebraic integer,✅,pure,6.0,4081
AsymptoticSum,,,,12.0,4081
AudioChannels,Number of channels an audio object carries,✅,pure,11.0,4081
AudioLoudness,,🚫,,11.1,4081
AutoSpacing,,,,3.0,4081
BiweightLocation,,,,11.1,4081
BubbleScale,,,,7.0,4081
CombinatorK,,,,12.2,4081
ControlsRendering,,,,6.0,4081
Cup,Inert operator displayed with smile symbol,✅,pure,3.0,4081
DisableFormatting,,🚫,,11.0,4081
EchoFunction,Operator form of Echo: EchoFunction[f][expr] prints f[expr] (optional label) and returns expr,✅,effectful,10.3,4081
FeatureNames,,🚫,,10.1,4081
FetalGrowthData,,🚫,,10.1,4081
FindEdgeCover,,,,8.0,4081
HTTPRequestData,,🚫,,10.0,4081
ImprovementImportance,,,,9.0,4081
InverseWishartMatrixDistribution,,,,10.3,4081
LocalObjects,,,,10.4,4081
NetTake,,🚫,,11.3,4081
PacletUninstall,,🚫,,12.1,4081
ParagraphIndent,,,,3.0,4081
PartitionGranularity,,,,11.0,4081
SolarEclipse,"Time of greatest eclipse and ""Type"" of the next solar eclipse after a date",✅,contextual,10.0,4081
SystemsModelDimensions,,🚫,,8.0,4081
TrimmedVariance,Variance after dropping the lowest and highest Floor[f n] values,✅,pure,11.1,4081
URLDownloadSubmit,,🚫,,11.2,4081
UpperRightArrow,,,,3.0,4081
AskDisplay,,🚫,,10.4,4104
AsymptoticEqual,Tests whether two expressions have the same asymptotic order at a limit point,✅,pure,11.3,4104
AtomList,List of atoms in a molecule,✅,pure,12.0,4104
AutoItalicWords,,,,3.0,4104
CircularOrthogonalMatrixDistribution,,,,10.3,4104
DayHemisphere,,,,10.0,4104
DayNightTerminator,,🚫,,10.0,4104
EntityRegister,Registers an entity store for use with Entity,✅,effectful,11.3,4104
GenerateHTTPResponse,,🚫,,10.3,4104
GroupElementPosition,Position of a permutation in the group element list,✅,pure,8.0,4104
HTTPRedirect,,🚫,,10.0,4104
HeunG,,,,12.1,4104
ImageMarker,,🚫,,10.4,4104
InverseTransformedRegion,,,,10.0,4104
JaccardDissimilarity,Jaccard dissimilarity between binary vectors,✅,pure,6.0,4104
LogBarnesG,Logarithm of the Barnes G-function (exact for integers),✅,pure,7.0,4104
ParallelArray,Serial version of Array that constructs an array by applying a function to index tuples,✅,pure,7.0,4104
RamanujanTauTheta,Riemann-Siegel style theta function for the Ramanujan tau L-function,✅,pure,6.0,4104
ShiftRegisterSequence,,,,11.0,4104
UnateQ,True when a Boolean function is positive unate (monotone increasing) in all or the listed variables via truth-table check,✅,pure,9.0,4104
AttachCell,,,,12.2,4138
AudioBlockMap,,🚫,,11.0,4138
BioSequenceComplement,,🚫,,12.2,4138
BottomHatTransform,,🚫,,7.0,4138
ContainsExactly,Test if two lists contain exactly the same elements,✅,pure,10.2,4138
ControllerMethod,,,,6.0,4138
CriticalityFailureImportance,,,,9.0,4138
DirichletTransform,,,,7.0,4138
DiscreteLyapunovSolve,Solves a.x.aT - x == c (3-arg a.x.b - x == c) exactly for real numeric matrices; diagonal symbolic a gives Conjugate closed forms,✅,pure,8.0,4138
EdgeTaggedGraph,Graph whose edges all carry a tag; an untagged edge is tagged by how many copies of it came before,✅,pure,12.1,4138
EstimatorRegulator,,,,8.0,4138
ExportByteArray,,,,11.2,4138
FindEdgeCut,,,,9.0,4138
FractionBoxOptions,,🚫,,4.0,4138
FrontEndEventActions,,🚫,,6.0,4138
HannPoissonWindow,,,,9.0,4138
JordanModelDecomposition,,,,8.0,4138
KendallTauTest,,,,9.0,4138
KeypointStrength,,,,10.0,4138
NetPairEmbeddingOperator,,🚫,,11.1,4138
ParametricFunction,,,,9.0,4138
SocketReadMessage,Read the bytes available on a socket as a ByteArray,✅,effectful,11.2,4138
SolarSystemFeatureData,,🚫,,10.0,4138
SpatialMedian,,,,11.1,4138
StabilityMargins,,,,8.0,4138
SystemsModelMerge,,🚫,,10.0,4138
ToInvertibleTimeSeries,,🚫,,9.0,4138
TraceOff,,,,2.0,4138
WilksWTest,,,,9.0,4138
WordStem,,🚫,,10.1,4138
ARCHProcess,,🚫,,10.0,4173
AudioFrequencyShift,,🚫,,11.0,4173
Autocomplete,,🚫,,10.2,4173
AutocorrelationTest,,,,10.0,4173
BaringhausHenzeTest,,,,10.2,4173
BlackmanNuttallWindow,Blackman-Nuttall 4-term cosine-sum window on [-1/2 1/2] (exact rationals for exact input),✅,pure,9.0,4173
BrightnessEqualize,,🚫,,11.1,4173
Cepstrogram,Plot the power cepstrum of each partition (time vs quefrency),✅,pure,11.1,4173
CombinatorS,,,,12.2,4173
FullDefinition,Shows the definition of a symbol and all its dependencies,✅,pure,1.0,4173
FullInformationOutputRegulator,,,,10.0,4173
GeoHemisphere,,🚫,,10.1,4173
GeometricMeanFilter,,,,7.0,4173
GroupElementQ,Tests if a permutation is an element of a group,✅,pure,8.0,4173
GrowCutComponents,,,,10.0,4173
HistogramTransformInterpolation,,🚫,,9.0,4173
InhomogeneousPoissonProcess,,🚫,,10.1,4173
KroneckerModelDecomposition,,,,9.0,4173
KuwaharaFilter,,,,8.0,4173
MeshCellMarker,,🚫,,10.0,4173
PersistenceLocation,,🚫,,11.1,4173
PillaiTraceTest,,,,9.0,4173
PreviousDate,Previous occurrence of a given day of the week before a date,✅,pure,11.1,4173
PrivateNotebookOptions,,🚫,,4.0,4173
RegisterExternalEvaluator,,🚫,,11.2,4173
SASTriangle,Triangle from two sides enclosing an angle via the law of cosines (symbolic angles and sides supported),✅,pure,10.0,4173
SendMessage,,🚫,,10.0,4173
ShowAutoSpellCheck,,🚫,,11.0,4173
SystemsModelDelayApproximate,,🚫,,9.0,4173
AffineHalfSpace,,,,10.2,4204
AngleBisector,Interior-angle bisector at a vertex as an InfiniteLine,✅,pure,12.0,4204
AudioMeasurements,Scalar measurements of audio (amplitude spectral and pitch properties),✅,pure,11.0,4204
BoxObject,,🚫,,10.0,4204
CloudExpressions,,🚫,,10.4,4204
ControllabilityGramian,,,,8.0,4204
CreateManagedLibraryExpression,,🚫,,10.0,4204
DiceDissimilarity,Dice dissimilarity between binary vectors,✅,pure,6.0,4204
DualPolyhedron,,,,12.0,4204
FileTemplate,Reads a template file from disk and yields a TemplateObject,✅,effectful,10.0,4204
FractionalGaussianNoiseProcess,,🚫,,10.0,4204
GeoHemisphereBoundary,,🚫,,10.1,4204
GeoStylingImageFunction,,🚫,,10.0,4204
HarmonicMeanFilter,,,,7.0,4204
InnerPolygon,,,,12.0,4204
LeftTeeArrow,,,,3.0,4204
ListFitPlot,,,,14.0,4204
ListFitPlot3D,,,,14.0,4204
ListFormat,,,,10.0,4204
Listen,,,,8.0,4204
MeanGraphDistance,Average shortest-path distance (Infinity when disconnected),✅,pure,9.0,4204
NextDate,Next occurrence of a given day of the week after a date,✅,pure,11.1,4204
PacletDirectoryLoad,Registers directories in which the paclet manager looks for paclets and returns all loaded paclet directories,✅,effectful,12.1,4204
ParallelAxisPlot,,🚫,,12.2,4204
ShowSelection,,🚫,,4.0,4204
StandardAtmosphereData,,🚫,,10.0,4204
StructuralImportance,,,,9.0,4204
SystemsModelVectorRelativeOrders,,🚫,,10.0,4204
TraceAbove,,,,2.0,4204
TraceForward,,,,2.0,4204
TravelTime,,🚫,,10.3,4204
WordSpacings,,,,10.1,4204
AcousticAbsorbingValue,,🚫,,12.2,4225
AdjacentMeshCells,,,,12.1,4225
AudioStream,,🚫,,11.2,4225
BlomqvistBetaTest,,,,9.0,4225
ColorDataFunction,Structured form returned by ColorData for a named gradient; applying it to a number samples the gradient,✅,pure,6.0,4225
DiscreteRiccatiSolve,,,,8.0,4225
EquirippleFilterKernel,,,,9.0,4225
FormControl,,🚫,,11.0,4225
GaussianWindow,Gaussian window function E^(-x^2/(2 sigma^2)) on [-1/2 1/2] (default sigma 3/10),✅,pure,9.0,4225
ImageCapture,,🚫,,8.0,4225
MaxDuration,,,,11.2,4225
MaxMixtureKernels,,,,8.0,4225
MoleculeValue,Computes properties of a molecule,✅,pure,12.0,4225
NumberDecompose,Greedy decomposition of a number into unit multiples,✅,pure,10.2,4225
ReferenceLineStyle,,,,8.0,4225
SequenceFold,Fold over a list keeping an n-element history at each step and returning the last result,✅,pure,10.2,4225
StringRotateRight,Rotates characters in a string to the right,✅,pure,9.0,4225
TrainingProgressFunction,,🚫,,11.1,4225
TransferFunctionCancel,,🚫,,8.0,4225
AsymptoticRSolveValue,,,,12.0,4262
BooleanMaxterms,Conjunction of maxterms from True/False rows or indices (ascending index order; dual of BooleanMinterms); an integer variable count gives the BooleanFunction["BDD" -> ...] object,✅,pure,7.0,4262
CalendarData,,🚫,,9.0,4262
CauchyWindow,Cauchy window 1/(1+(2 alpha x)^2) on [-1/2 1/2] (default alpha 3; exact rationals),✅,pure,9.0,4262
ClearCookies,,🚫,,11.0,4262
ConfirmMatch,Confirms that an expression matches a pattern otherwise throwing to the enclosing Enclose,✅,pure,12.2,4262
ConnesWindow,Connes window (1 - 4 x^2)^2 on [-1/2 1/2],✅,pure,9.0,4262
ContinuousWaveletData,Continuous wavelet coefficient object with octave/voice access,✅,pure,8.0,4262
ErlangC,Erlang waiting probability for c servers and traffic a (1 for a >= c; 0 for a = 0; exact rationals),✅,pure,9.0,4262
FindSettings,,,,4.0,4262
FiniteAbelianGroupCount,Number of abelian groups of order n,✅,pure,7.0,4262
FunctionBijective,,,,12.2,4262
FunctionMeromorphic,,,,12.2,4262
GenomeLookup,,🚫,,7.0,4262
GeodesicClosing,,🚫,,9.0,4262
HITSCentrality,,,,8.0,4262
IPAddress,IP address wrapper (stays symbolic),✅,unevaluated,10.3,4262
Image3DProjection,,🚫,,11.1,4262
Initialize,,,,11.2,4262
IsolatingInterval,,,,6.0,4262
MaxExtraBandwidths,,,,8.0,4262
MemoryConstraint,,,,10.0,4262
NondimensionalizationTransform,,,,11.3,4262
ObservabilityGramian,,,,8.0,4262
OperatorApplied,Builds an operator that applies a function to arguments supplied one at a time,✅,pure,12.1,4262
OrderingBy,Gives the positions that order a list by a function applied to each element,✅,pure,12.0,4262
PoissonWindow,Poisson window E^(-2 alpha abs x) on [-1/2 1/2] (default alpha 3; unfolded E powers),✅,pure,9.0,4262
QuartileSkewness,Bowley (quartile) skewness coefficient of a list under optional Quantile parameters (or columnwise for a matrix),✅,pure,6.0,4262
SequencePredict,,🚫,,11.1,4262
SnDispersion,,,,11.1,4262
SokalSneathDissimilarity,Sokal-Sneath dissimilarity between binary vectors,✅,pure,6.0,4262
SortedEntityClass,,🚫,,12.0,4262
SpellingCorrectionList,,🚫,,10.4,4262
WelchWindow,Welch parabolic window 1 - 4 x^2 on [-1/2 1/2],✅,pure,9.0,4262
ActiveClassification,,🚫,,11.1,4291
AudioReverb,,🚫,,11.0,4291
AugmentedSymmetricPolynomial,Augmented monomial symmetric polynomial for a partition and variable list,✅,pure,8.0,4291
ControllableDecomposition,,,,8.0,4291
CreatePermissionsGroup,,🚫,,10.0,4291
DateBounds,Gives the earliest and latest of a list of dates preserving each date's representation or the period a single DateObject covers,✅,pure,11.0,4291
DeviceWriteBuffer,,🚫,,10.0,4291
FindDevices,,,,10.0,4291
FunctionConvexity,,,,12.2,4291
FunctionMonotonicity,,,,12.2,4291
GainPhaseMargins,,,,8.0,4291
GeoVisibleRegionBoundary,,🚫,,10.0,4291
GroupCentralizer,,,,8.0,4291
NumberFieldFundamentalUnits,,,,6.0,4291
NumericArray,Typed numeric array with auto-detected element type,✅,pure,12.0,4291
RawArray,Legacy typed raw array (as embedded in CompressedData image payloads),✅,pure,10.0,
NuttallWindow,Nuttall 4-term cosine-sum window on [-1/2 1/2] (exactly 0 at the edges),✅,pure,9.0,4291
ObservableDecomposition,,,,8.0,4291
OutputNamePacket,,🚫,,3.0,4291
ParametricRampLayer,,🚫,,12.1,4291
PolygonDecomposition,,,,12.0,4291
ProcessEnvironment,,🚫,,10.0,4291
RudinShapiro,Returns -1 raised to the number of overlapping 11 pairs in the binary expansion of n (Listable),✅,pure,10.2,4291
SliderBox,,🚫,,6.0,4291
UnconstrainedParameters,,,,12.0,4291
VectorGreaterEqual,Componentwise greater-than-or-equal comparison of vectors,✅,pure,12.0,4291
VolcanoData,,🚫,,10.0,4291
WaveletScale,,🚫,,8.0,4291
WordFrequency,Fraction of words in a string equal to a given word (or association for a list of words); IgnoreCase option,✅,pure,10.4,4291
AnnotationRules,,,,12.0,4315
AskConfirm,,🚫,,10.4,4315
CanonicalWarpingCorrespondence,,,,11.0,4315
CarmichaelLambda,Carmichael lambda function (reduced totient),✅,pure,4.0,4315
DiscreteHadamardTransform,Sequency-ordered Walsh-Hadamard transform with 1/Sqrt[N] scaling and zero-padding (exact radicals for exact input),✅,pure,9.0,4315
FormLayoutFunction,,🚫,,10.0,4315
GestureHandler,,🚫,,9.0,4315
ImageAugmentationLayer,,🚫,,11.1,4315
IndefiniteMatrixQ,Test whether a matrix is explicitly indefinite,✅,none,10.0,4315
IndexEdgeTaggedGraph,,,,12.1,4315
LQEstimatorGains,,,,8.0,4315
MinkowskiQuestionMark,Minkowski question-mark function (exact for rationals and quadratic irrationals),✅,pure,10.0,4315
MoleculeDraw,,🚫,,12.2,4315
MoleculePattern,,🚫,,12.0,4315
NearestMeshCells,,,,12.1,4315
NumberFieldSignature,Signature {r1 r2} of the number field generated by an algebraic number,✅,pure,6.0,4315
OpacityFunctionScaling,,🚫,,10.2,4315
PermutationMax,Largest element moved by a permutation,✅,1,8.0,4315
RiskAchievementImportance,,,,9.0,4315
RiskReductionImportance,,,,9.0,4315
ScientificNotationThreshold,,,,11.2,4315
SourceLink,,,,10.4,4315
TimeGoal,,,,11.2,4315
WienerFilter,Remove locally stationary noise via a local Wiener estimator (1D/2D data or Audio),✅,pure,8.0,4315
ActivePrediction,,🚫,,11.1,4356
AudioChannelCombine,,🚫,,11.0,4356
AudioSplit,,🚫,,11.0,4356
BartlettHannWindow,Bartlett-Hann window 31/50 - (12/25) abs x + (19/50) Cos[2 Pi x] on [-1/2 1/2],✅,pure,9.0,4356
Chebyshev1FilterModel,,,,9.0,4356
ColorToneMapping,,🚫,,10.2,4356
DeleteChannel,,🚫,,11.0,4356
DotLayer,,🚫,,11.1,4356
DoubleVerticalBar,,,,3.0,4356
DualSystemsModel,,,,8.0,4356
EccentricityCentrality,Eccentricity centrality of graph vertices,✅,pure,9.0,4356
EdgeBetweennessCentrality,Betweenness centrality of each graph edge via Brandes algorithm,✅,pure,9.0,4356
EncryptFile,,🚫,,11.1,4356
ExtendedEntityClass,,🚫,,12.0,4356
FindVertexCut,,,,9.0,4356
FresnelF,Auxiliary Fresnel modulus f(z) (exact at 0 and Infinity; machine reals compose from FresnelS/C),✅,pure,10.0,4356
FresnelG,Auxiliary Fresnel modulus g(z) (exact at 0 and Infinity; machine reals compose from FresnelS/C),✅,pure,10.0,4356
FromAbsoluteTime,Returns the DateObject for an absolute time (seconds since 1900-01-01),✅,pure,11.1,4356
GaussianSymplecticMatrixDistribution,,,,10.3,4356
GeoGroup,,🚫,,10.0,4356
HeatTemperatureCondition,,,,12.2,4356
InputAssumptions,,🚫,,8.0,4356
ItemAspectRatio,,,,6.0,4356
KnownUnitQ,Tests whether an expression is a recognised unit specification,✅,pure,9.0,4356
LeftVector,,,,3.0,4356
LinearSolveFunction,,,,5.0,4356
LossFunction,,,,11.3,4356
NCache,Represents an expression tagged with a numeric approximation and evaluates to the expression,✅,pure,6.0,4356
NearestTo,Operator form of Nearest that finds the elements nearest to a value,✅,pure,11.3,4356
NumberFieldIntegralBasis,,,,6.0,4356
ParentCell,,🚫,,10.0,4356
ParzenWindow,de la Vallee Poussin (Parzen) window function; piecewise cubic on [-1/2 1/2],✅,pure,9.0,4356
PersistentObject,,🚫,,11.1,4356
StateTransformationLinearize,,,,10.0,4356
UpperTriangularMatrixQ,True if a matrix is upper triangular,✅,pure,12.0,4356
WeierstrassHalfPeriods,Fundamental half-periods of the Weierstrass lattice from its invariants (numeric for the real positive-discriminant rectangular case),✅,pure,3.0,4356
BesselYZero,Compute zeros of the Bessel function Y_n using bisection and Newton method,✅,pure,6.0,4387
BlockchainAddressData,,🚫,,12.0,4387
BohmanWindow,Bohman window function (1-2|x|)Cos[2Pi|x|]+Sin[2Pi|x|]/Pi on [-1/2 1/2],✅,pure,9.0,4387
CapitalDifferentialD,,,,3.0,4387
CurrentScreenImage,,🚫,,11.2,4387
DecryptFile,,🚫,,11.1,4387
EllipticFilterModel,,,,9.0,4387
ErlangB,Erlang blocking probability for c servers and traffic a (exact rationals; symbolic arguments give the Piecewise Gamma closed form),✅,pure,9.0,4387
ExactBlackmanWindow,Blackman window with the exact coefficients {7938 9240 1430}/18608 on [-1/2 1/2],✅,pure,9.0,4387
FeatureDistance,,🚫,,11.0,4387
FileSystemScan,,,,11.0,4387
FindChannels,,,,11.0,4387
FlatTopWindow,Flat-top 5-term cosine-sum window on [-1/2 1/2] (dips negative near the edges),✅,pure,9.0,4387
FunctionSurjective,,,,12.2,4387
GaugeFaceElementFunction,,🚫,,9.0,4387
ImageContents,,🚫,,12.0,4387
JuliaSetBoettcher,,,,10.0,4387
KaiserBesselWindow,Kaiser-Bessel window as wolframscript rational 4-term cosine sum {402 498 99 1}/1000,✅,pure,9.0,4387
LanczosWindow,Lanczos window Sinc[2 Pi x] on [-1/2 1/2] (radical multiples of 1/Pi at exact points),✅,pure,9.0,4387
MathieuGroupM24,Mathieu group M24 (order 244823040) as a formal permutation group,✅,pure,8.0,4387
PolygonAngle,Interior angle(s) of a polygon at its vertices,✅,pure,12.0,4387
PredictorFunction,,🚫,,10.0,4387
ProcessParameterQ,,,,9.0,4387
QnDispersion,,,,11.1,4387
RussellRaoDissimilarity,Russell-Rao dissimilarity between binary vectors,✅,pure,6.0,4387
SequenceMostLayer,,🚫,,11.1,4387
ServiceObject,,🚫,,10.0,4387
ShowPageBreaks,,,,3.0,4387
TextPosition,,,,10.2,4387
TransitionEffect,,🚫,,9.0,4387
AnnuityDue,Annuity paying at interval start: TimeValue is (1+i)^q times the ordinary annuity (symbolic passthrough object),✅,pure,8.0,4437
AskAppend,,🚫,,10.4,4437
AudioLength,Number of samples per channel of an audio object as a Quantity in Samples,✅,pure,11.0,4437
AutoIndent,,,,3.0,4437
BiweightMidvariance,Robust biweight midvariance dispersion estimate of data,✅,pure,11.1,4437
CentralFeature,Element minimizing total distance to all others (Euclidean/EditDistance/equality metric),✅,pure,11.1,4437
CepstrogramArray,,🚫,,11.1,4437
CodeAssistOptions,,🚫,,10.0,4437
Conjunction,And of an expression over all True/False assignments of the given variables (minimized),✅,pure,7.0,4437
DocumentGenerators,,🚫,,10.0,4437
FindKClub,,,,9.0,4437
FindMinimumCut,,,,9.0,4437
FromJulianDate,DateObject instant of a Julian date (noon-based; historical year numbering; exact or Real seconds by input type),✅,pure,10.2,4437
FunctionDiscontinuities,,,,12.2,4437
FussellVeselyImportance,,,,9.0,4437
GaugeFrameElementFunction,,🚫,,9.0,4437
GenerateSecuredAuthenticationKey,,🚫,,11.3,4437
ImageFileScan,,🚫,,9.0,4437
ImageScan,,🚫,,9.0,4437
IndependentVertexSetQ,,,,8.0,4437
LQOutputRegulatorGains,,,,8.0,4437
LinkFunction,,🚫,,7.0,4437
MardiaCombinedTest,,,,8.0,4437
MersennePrimeExponentQ,Tests whether 2^n-1 is a Mersenne prime,✅,pure,10.4,4437
MinusPlus,Symbolic minus-or-plus operator with Unicode display (sign-reversed partner of PlusMinus),✅,none,3.0,4437
MixedGraphQ,Tests whether a graph has both directed and undirected edges,✅,pure,10.0,4437
NetAppend,,🚫,,11.3,4437
NumberFieldNormRepresentatives,,,,6.0,4437
PacletObject,,🚫,,12.1,4437
PaddingLayer,,🚫,,11.1,4437
PartBehavior,,,,10.0,4437
PeanoCurve,Line through all cells of the 3^n x 3^n grid in Peano order (integer grid; DataRange maps to reals),✅,pure,11.1,4437
PrimitivePolynomialQ,Tests whether a polynomial is primitive modulo a prime,✅,pure,11.1,4437
RadonTransform,,,,11.2,4437
ReadByteArray,,,,11.3,4437
RogersTanimotoDissimilarity,Rogers-Tanimoto dissimilarity between binary vectors,✅,pure,6.0,4437
SimplePolygonQ,Tests whether a polygon with numeric vertices is non-self-intersecting,✅,pure,12.0,4437
SolidRegionQ,,,,11.0,4437
SystemModelSimulate,,🚫,,11.3,4437
TrendStyle,,,,8.0,4437
URLQueryEncode,Builds a URL query string from an association or list of rules,✅,pure,10.0,4437
VertexCoverQ,,,,8.0,4437
WikipediaSearch,,🚫,,10.0,4437
WordSearch,,,,2.0,4437
AggregatedEntityClass,,🚫,,12.0,4479
AiryAiPrime,Derivative of Airy function Ai,✅,pure,2.0,4479
AllowedDimensions,,,,9.0,4479
AnimationRunTime,,🚫,,10.0,4479
AskedValue,,🚫,,10.4,4479
AudioSpectralTransformation,,🚫,,11.1,4479
AudioTimeStretch,,🚫,,11.0,4479
BinaryDistance,Binary distance between vectors,✅,none,10.2,4479
BitClear,Clear a bit in an integer,✅,pure,6.0,4479
ChannelReceiverFunction,,🚫,,11.2,4479
CloudObjectNameFormat,,🚫,,12.0,4479
ConicGradientFilling,,,,12.2,4479
ConvexRegionQ,,,,12.2,4479
CriticalitySuccessImportance,,,,9.0,4479
DeviceReadList,,🚫,,10.0,4479
EdgeCycleMatrix,,,,10.0,4479
FiniteGroupCount,Number of groups of order n,✅,pure,7.0,4479
FunctionSpace,,,,7.0,4479
ImageDisplacements,,🚫,,11.0,4479
InsertLinebreaks,Wraps a string with line breaks so each line is at most a given width (default 78); breaks at spaces and hard-breaks over-long words,✅,pure,10.1,4479
ManagedLibraryExpressionQ,,,,10.0,4479
MandelbrotSetBoettcher,,,,10.0,4479
MultigraphQ,Tests whether a graph has parallel edges,✅,pure,10.0,4479
NotebookTemplate,,🚫,,10.0,4479
PoissonPointProcess,,🚫,,12.2,4479
PositiveRationals,,,,12.0,4479
PrivateCellOptions,,🚫,,10.0,4479
RiemannXi,,,,10.0,4479
SetFileDate,,,,2.0,4479
ShenCastanMatrix,,,,9.0,4479
Skeleton,Represents omitted elements in output display as <<n>>,✅,none,1.0,4479
StringSkeleton,Represents omitted characters in string output as <<n>>,✅,none,1.0,
SolidAngle,Solid angle at a point spanned by vectors to given points,✅,pure,12.0,4479
SolidData,,🚫,,10.0,4479
StackComplete,,,,2.0,4479
Standardized,,,,10.1,4479
StippleShading,,,,12.1,4479
SubresultantPolynomials,Subresultant polynomial sequence of two polynomials with respect to a variable,✅,pure,9.0,4479
SymmetrizedDependentComponents,,,,9.0,4479
AcousticPressureCondition,,🚫,,12.2,4527
ActiveStyle,,🚫,,7.0,4527
AlgebraicUnitQ,Tests whether a number is an algebraic unit,✅,pure,6.0,4527
AsymptoticExpectation,,,,12.2,4527
AudioAmplify,Multiply audio samples by an amplification factor,✅,pure,11.0,4527
AudioChannelSeparate,,🚫,,11.0,4527
Chebyshev2FilterModel,,,,9.0,4527
Containing,,,,10.2,4527
ContraharmonicMean,Contraharmonic (Lehmer) mean of a list,✅,pure,7.0,4527
ControllerInformation,,,,6.0,4527
CountDistinctBy,Counts distinct values of a function applied to each element,✅,pure,10.0,4527
DaylightQ,Whether the Sun is above the horizon at a location and time,✅,contextual,10.0,4527
DeleteCloudExpression,,🚫,,10.4,4527
DirectoryStack,,,,2.0,4527
DocumentGeneratorInformation,,🚫,,10.0,4527
FieldCompletionFunction,,,,11.1,4527
FileNameForms,,,,11.0,4527
FlowPolynomial,,,,10.0,4527
FrameRate,,🚫,,11.2,4527
GeoContourPlot,,🚫,,12.1,4527
GroupElementFromWord,,,,9.0,4527
GroupSetwiseStabilizer,,,,8.0,4527
IndependentEdgeSetQ,,,,8.0,4527
InverseHankelTransform,,,,11.1,4527
KEdgeConnectedGraphQ,,,,10.0,4527
LinkRankCentrality,,,,10.0,4527
MathieuGroupM12,Mathieu group M12 (order 95040) as a formal permutation group,✅,pure,8.0,4527
MeshCellQuality,,🚫,,10.0,4527
MovieData,,🚫,,10.0,4527
NetEvaluationMode,,🚫,,11.1,4527
NetFlatten,,🚫,,11.3,4527
NetGANOperator,,🚫,,12.1,4527
NuclearReactorData,,🚫,,10.0,4527
NumberFieldDiscriminant,Discriminant of the number field generated by an algebraic number,✅,pure,6.0,4527
OutputSizeLimit,,🚫,,6.0,4527
PhaseRange,,,,10.0,4527
PlantData,,🚫,,10.0,4527
Pluralize,,,,10.0,4527
PrecedesTilde,,,,3.0,4527
ProcessParameterAssumptions,,,,9.0,4527
RightCosetRepresentative,,,,8.0,4527
SemidefiniteOptimization,,,,12.0,4527
SyntaxLength,,,,2.0,4527
SystemsConnectionsModel,,,,12.0,4527
WilksW,,,,9.0,4527
Antonyms,,🚫,,12.0,4567
AskTemplateDisplay,,🚫,,10.4,4567
AudioSpectralMap,,🚫,,11.1,4567
AudioType,Sample type an audio object is held as,✅,pure,11.0,4567
ClassifierFunction,,🚫,,10.0,4567
ContrastiveLossLayer,,🚫,,11.1,4567
DefaultNaturalLanguage,,,,4.0,4567
DimensionalCombinations,,,,10.0,4567
Disjunction,Or of an expression over all True/False assignments of the given variables (minimized),✅,pure,7.0,4567
GoodmanKruskalGammaTest,,,,9.0,4567
GraphHub,,,,9.0,4567
ImageDemosaic,,🚫,,9.0,4567
InitializationObjects,,🚫,,11.2,4567
InputNamePacket,,🚫,,3.0,4567
LQGRegulator,,,,8.0,4567
LaplacianPDETerm,,,,12.2,4567
LibraryFunctionError,,,,8.0,4567
MinimalStateSpaceModel,,,,8.0,4567
MinimumTimeIncrement,,,,10.0,4567
OwenT,Owen T function T(h a) equal to the integral of a bivariate-normal orthant (numeric for inexact arguments; exact for h=0 or a=0),✅,pure,8.0,4567
PaddingSize,,,,11.0,4567
PingTime,,🚫,,11.0,4567
PsychrometricPropertyData,,🚫,,11.1,4567
RemoveChannelListener,,🚫,,11.0,4567
ResizeLayer,,🚫,,11.1,4567
StabilityMarginsStyle,,,,8.0,4567
SystemModelExamples,,🚫,,11.3,4567
TimeObjectQ,,,,10.2,4567
TrigFactorList,,,,3.0,4567
TropicalStormData,,🚫,,10.0,4567
URLDispatcher,,🚫,,10.4,4567
UpTee,,,,3.0,4567
VerifySecurityCertificates,,🚫,,11.0,4567
VideoFrameList,,🚫,,12.1,4567
WeierstrassHalfPeriodW1,,,,11.2,4567
WeierstrassHalfPeriodW3,,,,11.2,4567
AmbiguityFunction,,,,10.0,4612
AsymptoticProbability,,,,12.2,4612
AudioPan,,🚫,,11.0,4612
Authentication,,🚫,,11.0,4612
ChannelSubscribers,,🚫,,11.0,4612
ConfirmBy,Confirms that a function returns True on an expression otherwise throwing to the enclosing Enclose,✅,pure,12.2,4612
ConformAudio,,,,11.0,4612
CoplanarPoints,Tests whether a set of numeric points are coplanar,✅,pure,12.2,4612
DatabaseReference,,🚫,,12.0,4612
DatabinUpload,,🚫,,10.1,4612
DefaultBoxStyle,,🚫,,7.0,4612
DiscreteLQRegulatorGains,,,,8.0,4612
EclipseType,,,,10.0,4612
EdgeCoverQ,,,,8.0,4612
EntityCopies,,🚫,,10.3,4612
ErrorBox,,,,3.0,4612
FieldMasked,,,,8.0,4612
FrequencySamplingFilterKernel,,,,9.0,4612
Hyperfactorial,Product of k^k for k from 1 to n,✅,pure,7.0,4612
ImageExposureCombine,,🚫,,10.2,4612
KVertexConnectedGraphQ,,,,10.0,4612
LambdaComponents,,,,9.0,4612
NetDrop,,🚫,,11.3,4612
NetFoldOperator,,🚫,,11.1,4612
NumberCompose,Reconstructs a number from a list of coefficients and units,✅,pure,10.2,4612
OperatingSystem,,,,7.0,4612
PillaiTrace,,,,9.0,4612
PrivateKey,,🚫,,10.1,4612
RegionBoundaryStyle,,,,12.1,4612
ReturnExpressionPacket,,🚫,,3.0,4612
RulerUnits,,,,4.0,4612
SequenceRestLayer,,🚫,,11.1,4612
SmithDelayCompensator,,,,9.0,4612
SocketReadyQ,Test whether a socket has data waiting to be read,✅,effectful,11.2,4612
SpheroidalJoiningFactor,,🚫,,6.0,4612
StackInhibit,,,,2.0,4612
StringRotateLeft,Rotates characters in a string to the left,✅,pure,9.0,4612
SubresultantPolynomialRemainders,Subresultant polynomial remainder sequence of two polynomials,✅,pure,9.0,4612
Success,Represents a success of a type indicated by a tag with details in an association,✅,pure,11.3,4612
TextContents,,🚫,,12.0,4612
TildeEqual,,,,3.0,4612
VectorLessEqual,Componentwise less-than-or-equal comparison of vectors,✅,pure,12.0,4612
VideoTrim,,🚫,,12.1,4612
AnimationTimeIndex,,🚫,,10.0,4660
AudioDelete,,🚫,,11.0,4660
AutoCopy,,,,11.0,4660
BesselFilterModel,,,,9.0,4660
BinaryImageQ,Test if an image is binary (Bit type),✅,pure,7.0,4660
BiquadraticFilterModel,,,,10.4,4660
CanonicalizePolyhedron,,,,12.0,4660
CarlemanLinearize,,,,10.0,4660
ColumnsEqual,,,,3.0,4660
ConversionRules,,,,3.0,4660
CreateSystemModel,,,,11.3,4660
Decapitalize,Lowercases the first letter of a string,✅,pure,10.1,4660
EllipticExpPrime,,,,2.0,4660
ExoplanetData,,🚫,,10.0,4660
FindMoleculeSubstructure,,,,12.0,4660
FrameBoxOptions,,🚫,,4.0,4660
FrontEndDynamicExpression,,🚫,,8.0,4660
GalleryView,,🚫,,11.0,4660
GenerateDigitalSignature,,🚫,,12.0,4660
GraphLinkEfficiency,Link efficiency 1 minus mean graph distance over edge count,✅,pure,9.0,4660
ImageFileFilter,,🚫,,9.0,4660
IncludeMetaInformation,,,,11.0,4660
MailServerConnect,,🚫,,11.3,4660
MailSettings,,🚫,,11.2,4660
MassConcentrationCondition,,,,12.2,4660
MeanNeighborDegree,Mean degree of each vertex's neighbors in a graph,✅,pure,9.0,4660
NebulaData,,🚫,,10.0,4660
NetNestOperator,,🚫,,11.1,4660
NuclearExplosionData,,🚫,,10.0,4660
ParallelProduct,,🚫,,7.0,4660
PartProtection,,,,10.4,4660
RadialityCentrality,Radiality centrality of each vertex based on shortest-path distances,✅,pure,9.0,4660
RemoteConnect,,🚫,,11.3,4660
RightTriangle,,,,3.0,4660
ScorerHi,Scorer inhomogeneous Airy function Hi solving y'' - x y = 1/Pi,✅,pure,10.0,4660
ShowCursorTracker,,🚫,,4.0,4660
SubsetCases,Finds non-overlapping subsets matching a pattern,✅,pure,12.1,4660
TraceDialog,,🚫,,2.0,4660
TypeSpecifier,,,,12.0,4660
URLQueryDecode,Parses a URL query string into a list of key-value rules,✅,pure,10.0,4660
UnregisterExternalEvaluator,,🚫,,11.2,4660
WebImage,,🚫,,12.0,4660
WeierstrassHalfPeriodW2,,,,11.2,4660
AlgebraicNumberDenominator,Smallest positive integer whose product with the number is an algebraic integer,✅,pure,6.0,4707
AnySubset,,,,10.1,4707
AskedQ,,🚫,,10.4,4707
BarlowProschanImportance,,,,9.0,4707
BlockchainTransactionData,,🚫,,11.3,4707
Casoratian,,,,7.0,4707
CloudRenderingMethod,,🚫,,12.0,4707
ClusterDissimilarityFunction,,,,10.4,4707
ColorCoverage,,🚫,,10.0,4707
Confirm,Confirms that an expression is not a failure otherwise throwing to the enclosing Enclose,✅,pure,12.2,4707
DescriptorStateSpace,,,,9.0,4707
DimensionReducerFunction,,🚫,,10.1,4707
EmbeddedService,,🚫,,10.0,4707
ExternalIdentifier,Symbolic wrapper for an identifier in an external system (stays symbolic),✅,unevaluated,12.1,4707
FeatureNearest,,🚫,,11.1,4707
FunctionSign,,,,12.2,4707
GeodesicOpening,,🚫,,9.0,4707
Hermitian,Represents the symmetry of a tensor that is Hermitian in the specified slots — an odd permutation conjugates the entry,✅,pure,12.2,4707
ImageFileApply,,🚫,,9.0,4707
InitialEvaluationHistory,,,,11.0,4707
KEdgeConnectedComponents,,,,10.0,4707
LakeData,,🚫,,10.0,4707
LocalCache,,,,11.0,4707
MailReceiverFunction,,🚫,,10.2,4707
NetBidirectionalOperator,,🚫,,11.3,4707
NetStateObject,,🚫,,11.3,4707
NumberFieldClassNumber,,,,6.0,4707
NumberFieldRootsOfUnity,,,,6.0,4707
OptionalElement,,,,10.1,4707
PerpendicularBisector,Perpendicular bisector of a segment as an InfiniteLine,✅,pure,12.0,4707
PlaceholderLayer,,🚫,,12.2,4707
PolyhedronCoordinates,,🚫,,12.0,4707
PowerSymmetricPolynomial,Power sum symmetric polynomial in given data (scalar or tuple exponent spec),✅,pure,8.0,4707
ResourceRemove,,🚫,,11.0,4707
SearchIndexObject,,🚫,,10.2,4707
SimilarityRules,,,,7.0,4707
Tasks,,🚫,,11.2,4707
TrainingProgressCheckpointing,,🚫,,11.1,4707
TrainingUpdateSchedule,,🚫,,12.1,4707
TravelMethod,,🚫,,10.3,4707
URLResponseTime,,🚫,,11.1,4707
VerifyDigitalSignature,,🚫,,12.0,4707
WebAudioSearch,Search for audio on the web ($Failed: requires the paid web service),✅,effectful,12.0,4707
WikidataSearch,,🚫,,12.1,4707
AiryBiPrime,Derivative of Airy function Bi,✅,pure,2.0,4747
AiryBiZero,n-th real zero of the Airy function Bi,✅,pure,6.0,4747
AssociationFormat,,,,10.0,4747
CircularSymplecticMatrixDistribution,,,,10.3,4747
DateOverlapsQ,True when two dates or date intervals share a common calendar span,✅,pure,11.1,4747
DefineOutputStreamMethod,,,,9.0,4747
Devices,,🚫,,10.0,4747
EchoLabel,"Operator form of labelled Echo: EchoLabel[label][expr] prints "">> label expr"" and returns expr",✅,effectful,12.2,4747
ExternalStorageObject,,,,12.1,4747
FindTextualAnswer,,🚫,,11.3,4747
FunctionCompileExportLibrary,,🚫,,12.0,4747
GapPenalty,,,,7.0,4747
GroupActionBase,,,,8.0,4747
HTTPErrorResponse,,🚫,,10.3,4747
ImageSaliencyFilter,,🚫,,10.0,4747
InputPorts,,,,12.2,4747
JacobiEpsilon,Jacobi epsilon function EllipticE[JacobiAmplitude[u m] m]; reduces to u at m=0 and Tanh[u] at m=1,✅,pure,12.2,4747
LameS,,,,12.2,4747
LongestCommonSequencePositions,Returns the {start end} spans in each argument covering the longest noncontiguous common sequence of two strings or lists,✅,pure,10.2,4747
NotificationFunction,,🚫,,10.1,4747
PhaseMargins,,,,8.0,4747
QuadraticIrrationalQ,Tests whether a number is a real quadratic irrational,✅,pure,6.0,4747
RightArrowBar,,,,3.0,4747
SequenceReverseLayer,,🚫,,11.1,4747
SpaceCurveData,,🚫,,10.0,4747
SpatialTransformationLayer,,🚫,,11.1,4747
SystemModelPlot,,🚫,,11.3,4747
TemplateSequence,Template element splicing a body once per list element,✅,pure,10.0,4747
TextSearchReport,,🚫,,10.2,4747
UnityDimensions,,,,10.0,4747
VectorRange,,,,12.1,4747
ZoomFactor,,,,10.4,4747
AdjustTimeSeriesForecast,,🚫,,9.0,4809
AsymptoticEquivalent,Tests whether the ratio of two expressions tends to one at a limit point,✅,pure,11.3,4809
BlockchainKeyEncode,,🚫,,12.0,4809
BusinessDayQ,,,,9.0,4809
Censoring,,,,8.0,4809
CommunityBoundaryStyle,,,,9.0,4809
CookieFunction,,🚫,,11.0,4809
Copyable,,,,3.0,4809
DamData,,🚫,,10.0,4809
DateSelect,Selects dates from a list or interval satisfying a criterion,✅,pure,12.2,4809
DefaultDuplicateCellStyle,,🚫,,3.0,4809
DeviceExecuteAsynchronous,,🚫,,10.0,4809
DeviceObject,,🚫,,10.0,4809
DiscreteRatio,Discrete ratio of an expression (f(n+1)/f(n)),✅,pure,7.0,4809
DispersionEstimatorFunction,,,,7.0,4809
EncryptedObject,,🚫,,10.1,4809
EntityGroup,,🚫,,10.3,4809
EventLabels,,,,8.0,4809
FindAnomalies,,🚫,,12.0,4809
FindEdgeIndependentPaths,,,,10.0,4809
FindVertexIndependentPaths,,,,10.0,4809
FourierDCTFilter,,,,9.0,4809
GainMargins,,,,8.0,4809
GraphReciprocity,Fraction of directed edges that are reciprocated by a reverse edge,✅,pure,9.0,4809
IncludeHydrogens,,,,12.0,4809
InternallyBalancedDecomposition,,,,8.0,4809
KeyFreeQ,,,,10.3,4809
LameCPrime,,,,12.2,4809
LearningRate,,🚫,,12.0,4809
LineIndentMaxFraction,,,,3.0,4809
MaternPointProcess,,🚫,,12.2,4809
MedicalTestData,,🚫,,10.0,4809
MonsterGroupM,,,,8.0,4809
Multiselection,,,,9.0,4809
NearestNeighborG,,,,12.2,4809
NumberFieldRegulator,,,,6.0,4809
PartOfSpeech,,,,10.3,4809
Processes,,🚫,,10.0,4809
RollPitchYawAngles,,,,10.2,4809
ScrollingOptions,,🚫,,4.0,4809
SecuredAuthenticationKey,,🚫,,11.2,4809
SquareIntersection,,,,3.0,4809
StatusCentrality,,,,9.0,4809
SubsetReplace,Replaces every non-overlapping subset matching a pattern in a list,✅,pure,12.1,4809
SystemsModelLinearity,,🚫,,10.0,4809
TaskExecute,,🚫,,11.2,4809
TemplateWith,,,,10.0,4809
TransitionDirection,,🚫,,9.0,4809
TransitionDuration,,🚫,,9.0,4809
TranslationOptions,,,,10.2,4809
TriangleCenter,Compute a named center of a triangle (centroid; circumcenter; incenter; orthocenter; nine-point center; symmedian point),✅,pure,12.0,4809
UniversityData,,🚫,,10.0,4809
VideoExtractFrames,,🚫,,12.1,4809
WeierstrassInvariantG2,,,,11.2,4809
ZoomCenter,,,,10.4,4809
Annotate,,,,12.1,4881
AssumeDeterministic,,,,11.0,4881
AsymptoticGreater,Tests whether one expression dominates another at a limit point,✅,pure,11.3,4881
AudioOverlay,,🚫,,11.0,4881
AutoRemove,,,,10.0,4881
BridgeData,,🚫,,10.0,4881
BroadcastStationData,,🚫,,10.0,4881
CloudDisconnect,,🚫,,10.0,4881
ComplexArrayPlot,,🚫,,12.2,4881
ContentFieldOptions,,,,11.0,4881
ConwayGroupCo3,,,,8.0,4881
CoxModel,,,,9.0,4881
CreateLicenseEntitlement,,,,12.2,4881
DefaultTooltipStyle,,🚫,,8.0,4881
DeleteSearchIndex,,🚫,,10.2,4881
DelimiterFlashTime,,,,3.0,4881
DimensionalMeshComponents,,,,10.0,4881
EarthImpactData,,🚫,,10.0,4881
ExcludedLines,,,,10.0,4881
FischerGroupFi23,,,,8.0,4881
FourierDSTMatrix,,,,9.0,4881
GeoArraySize,,🚫,,12.0,4881
GeodesicErosion,,🚫,,7.0,4881
HeatRadiationValue,,,,12.2,4881
ImageFocusCombine,,🚫,,10.2,4881
IndeterminateThreshold,,,,10.0,4881
JacobiZN,,,,12.2,4881
KernelFunction,,🚫,,12.0,4881
LearnDistribution,,🚫,,12.0,4881
LuccioSamiComponents,,,,9.0,4881
MassFluxValue,,,,12.2,4881
MatchLocalNames,,,,2.0,4881
MineralData,,🚫,,10.0,4881
MissingStyle,,,,10.0,4881
MixedRadixQuantity,Represents a quantity given as digits in a mixed-radix base,✅,Symbolic,9.0,4881
MoleculeRecognize,,🚫,,12.1,4881
NestedGreaterGreater,,,,3.0,4881
NonlocalMeansFilter,,,,9.0,4881
NotCongruent,,,,3.0,4881
NotSubset,,,,3.0,4881
NotVerticalBar,,,,3.0,4881
OutputControllableModelQ,,,,8.0,4881
PacletFindRemote,,🚫,,12.1,4881
ParkData,,🚫,,10.0,4881
PhysicalSystemData,,🚫,,10.0,4881
ProcessInformation,,🚫,,10.0,4881
PulsarData,,🚫,,10.0,4881
RadialGradientFilling,,,,12.2,4881
RawData,,🚫,,8.0,4881
ScorerGi,Scorer inhomogeneous Airy function Gi solving y'' - x y = -1/Pi,✅,pure,10.0,4881
ScorerGiPrime,,,,10.0,4881
ScorerHiPrime,,,,10.0,4881
ShowSpecialCharacters,,,,3.0,4881
SpeciesData,,🚫,,10.0,4881
SquareUnion,,,,3.0,4881
StarClusterData,,🚫,,10.0,4881
StringFormat,,,,6.0,4881
SupernovaData,,🚫,,10.0,4881
SymmetrizedReplacePart,,,,9.0,4881
SystemModel,,🚫,,11.3,4881
TaskWait,,🚫,,11.2,4881
TestReportObject,,,,10.0,4881
TimeDirection,,,,10.0,4881
TokenWords,,🚫,,2.0,4881
UnionPlus,,,,3.0,4881
VideoQ,,🚫,,12.1,4881
WebElementObject,,🚫,,12.0,4881
WindingPolygon,,,,12.0,4881
ZeroSymmetric,Represents the symmetry of a tensor whose entries all vanish under the specified slots,✅,pure,9.0,4881
AlternatingFactorial,Alternating sum of factorials,✅,none,10.0,4947
AudioLabel,,🚫,,11.0,4947
AudioOutputDevice,,🚫,,11.2,4947
AudioQ,Whether an expression is an audio object — a Sound is not one,✅,pure,11.0,4947
AudioReplace,,🚫,,11.1,4947
AugmentedPolyhedron,,,,12.0,4947
BabyMonsterGroupB,,,,8.0,4947
ByteArrayQ,,,,10.1,4947
CepstrumArray,,🚫,,11.1,4947
ChannelListeners,,🚫,,11.0,4947
CircularQuaternionMatrixDistribution,,,,10.3,4947
ContinuousTask,,,,10.2,4947
ConwayGroupCo2,,,,8.0,4947
CopyDatabin,,🚫,,10.1,4947
DefineInputStreamMethod,,,,9.0,4947
DeleteAnomalies,,,,12.0,4947
DeviceReadLatest,,🚫,,10.0,4947
DiscreteLQEstimatorGains,,,,8.0,4947
EvaluationEnvironment,,,,11.2,4947
FollowRedirects,,,,11.0,4947
HistoricalPeriodData,,🚫,,10.0,4947
HumpDownHump,,,,3.0,4947
ImageCases,,🚫,,12.0,4947
ImageVectorscopePlot,,🚫,,12.2,4947
ImageWaveformPlot,,🚫,,12.2,4947
IslandData,,🚫,,10.0,4947
JankoGroupJ2,,,,8.0,4947
MannedSpaceMissionData,,🚫,,10.0,4947
MassTransferValue,,,,12.2,4947
MathieuGroupM23,Mathieu group M23 (order 10200960) as a formal permutation group,✅,pure,8.0,4947
MeanDegreeConnectivity,Mean neighbor degree of vertices indexed by degree,✅,pure,9.0,4947
MoleculeProperty,,🚫,,12.0,4947
MoleculeQ,Tests whether an expression is a valid molecule,✅,pure,12.0,4947
OutputPorts,,,,12.2,4947
ParticleAcceleratorData,,🚫,,10.0,4947
PersistenceTime,,🚫,,11.1,4947
Precedes,,,,3.0,4947
PublicKey,,🚫,,10.1,4947
QuantityVariableDimensions,,,,10.0,4947
RandomArrayLayer,,🚫,,12.2,4947
RegionNearestFunction,,,,10.0,4947
RemoteRunProcess,,🚫,,11.3,4947
ResamplingAlgorithmData,,🚫,,10.1,4947
ResourceRegister,,🚫,,11.2,4947
SampledEntityClass,,🚫,,12.0,4947
SearchAdjustment,,🚫,,11.0,4947
SetCookies,,🚫,,11.0,4947
StackBegin,,,,2.0,4947
StandardOceanData,,🚫,,10.3,4947
Succeeds,,,,3.0,4947
TaskSuspend,,🚫,,11.2,4947
TouchscreenAutoZoom,,🚫,,9.0,4947
TunnelData,,🚫,,10.0,4947
URLExpand,,🚫,,10.0,4947
VertexCorrelationSimilarity,,,,9.0,4947
VertexCosineSimilarity,,,,9.0,4947
VertexDiceSimilarity,,,,9.0,4947
VertexJaccardSimilarity,,,,9.0,4947
WeierstrassInvariantG3,,,,11.2,4947
YuleDissimilarity,Yule dissimilarity between binary vectors,✅,pure,6.0,4947
AudioStreams,,🚫,,11.2,5013
BioSequenceTranscribe,,🚫,,12.2,5013
ClickToCopyEnabled,,🚫,,12.3,5013
CloudBase,,🚫,,10.0,5013
CloudFunction,,🚫,,10.0,5013
CombinatorI,,,,12.2,5013
CombinedEntityClass,,🚫,,12.0,5013
CreateCellID,,🚫,,6.0,5013
DeBruijnSequence,De Bruijn sequence over an alphabet,✅,pure,11.3,5013
DefaultTicksStyle,,,,7.0,5013
DeviceStreams,,🚫,,10.0,5013
DownArrow,,,,3.0,5013
EchoTiming,,,,12.2,5013
EvaluationObject,,,,7.0,5013
ExternalFunction,,🚫,,12.0,5013
ExternalSessions,,🚫,,11.2,5013
ExternalTypeSignature,,🚫,,10.0,5013
FeatureSpacePlot3D,,🚫,,11.3,5013
FindImageText,,🚫,,12.1,5013
FischerGroupFi22,,,,8.0,5013
FontSubstitutions,,🚫,,3.0,5013
GreaterGreater,,,,3.0,5013
GreaterTilde,,,,3.0,5013
HeldGroupHe,,,,8.0,5013
HeunC,,,,12.1,5013
IconRules,,🚫,,10.0,5013
ImageBoundingBoxes,,🚫,,12.0,5013
IncludeInflections,,,,10.3,5013
JankoGroupJ3,,,,8.0,5013
KeyCollisionFunction,,,,10.3,5013
LameEigenvalueA,,,,12.2,5013
LameSPrime,,,,12.2,5013
LeftTriangle,,,,3.0,5013
LinkPatterns,,🚫,,3.0,5013
LocalResponseNormalizationLayer,,🚫,,11.1,5013
MergingFunction,,,,11.1,5013
NegativeIntegers,Domain of negative integers,✅,pure,12.0,5013
NotRightTriangleBar,,,,3.0,5013
PermutationMin,Smallest element moved by a permutation,✅,1,8.0,5013
PointDensity,,,,12.2,5013
QuantityVariablePhysicalQuantity,,,,10.0,5013
ReImLabels,,,,12.0,5013
RudvalisGroupRu,,,,8.0,5013
SortedBy,,,,12.0,5013
SquareRepeatingElement,,,,11.1,5013
SubsetCount,Counts non-overlapping subsets matching a pattern,✅,pure,12.1,5013
SuzukiGroupSuz,,,,8.0,5013
SymmetricKey,,🚫,,10.1,5013
TitsGroupT,,,,8.0,5013
TraceBackward,,,,2.0,5013
TransferFunctionFactor,,🚫,,8.0,5013
UndoOptions,,🚫,,10.0,5013
UpEquilibrium,Same-spin-pair upward harpoon notation symbol,✅,none,3.0,5013
ValidationLength,,🚫,,7.0,5013
ValuePreprocessingFunction,,,,11.2,5013
VerticalBar,,,,3.0,5013
WithCleanup,,,,12.2,5013
AcousticNormalVelocityValue,,🚫,,12.2,5079
ArrayReduce,Reduces an array over specified dimensions by applying a function,✅,pure,12.2,5079
AsymptoticLess,Tests whether one expression is little-o of another at a limit point,✅,pure,11.3,5079
AttentionLayer,,🚫,,12.0,5079
AudioIdentify,,🚫,,12.0,5079
AudioRecord,,🚫,,11.3,5079
AutoRefreshed,,,,10.2,5079
BioSequenceReverseComplement,,🚫,,12.2,5079
BondCount,Number of bonds in a molecule,✅,pure,12.0,5079
CheckArguments,,,,12.2,5079
ClearPermissions,,🚫,,10.2,5079
CommonUnits,,,,9.0,5079
CompressionLevel,,,,12.1,5079
ContextToFileName,,,,3.0,5079
CurrentNotebookImage,,🚫,,11.2,5079
DeliveryFunction,,,,10.1,5079
DialogProlog,,🚫,,2.0,5079
DialogSymbols,,🚫,,2.0,5079
EdgeTags,Tags of the edges of a graph,✅,pure,12.1,5079
EqualTilde,,,,3.0,5079
EstimatedPointProcess,,🚫,,12.2,5079
GeoPolygon,Geographic polygon primitive for GeoGraphics,✅,pure,12.2,5079
HigmanSimsGroupHS,,,,8.0,5079
ImageAccumulate,,🚫,,9.0,5079
JankoGroupJ1,,,,8.0,5079
LeapVariant,,,,12.2,5079
MassImpermeableBoundaryValue,,,,12.2,5079
MassOutflowValue,,,,12.2,5079
MathieuGroupM22,Mathieu group M22 (order 443520) as a formal permutation group,✅,pure,8.0,5079
MaxFeatureDisplacement,,🚫,,10.1,5079
MaxWordGap,,,,11.0,5079
McLaughlinGroupMcL,,,,8.0,5079
MellinConvolve,,,,11.0,5079
MissingDataRules,,,,10.0,5079
ModularLambda,Elliptic modular lambda function lambda(tau) equal to (theta2/theta3)^4 (exact at tau=I; numeric in the upper half-plane),✅,pure,3.0,5079
MoleculeGraph,,🚫,,12.0,5079
MountainData,,🚫,,10.0,5079
NegativelyOrientedPoints,,,,12.2,5079
NetArray,,🚫,,12.2,5079
Normalized,,,,10.0,5079
NullWords,,,,2.0,5079
NyquistGridLines,,,,8.0,5079
Pagination,,🚫,,11.0,5079
PairCorrelationG,,,,12.2,5079
ParentBox,,🚫,,10.0,5079
RegionSize,,,,11.0,5079
RequiredPhysicalQuantities,,,,10.0,5079
RipleyK,,,,12.2,5079
SelectionCreateCell,,🚫,,3.0,5079
ServiceDisconnect,,🚫,,10.0,5079
Sockets,List the sockets currently open in this session,✅,effectful,11.2,5079
StripWrapperBoxes,,🚫,,6.0,5079
Superset,,,,3.0,5079
SupersetEqual,,,,3.0,5079
TextPacket,,🚫,,3.0,5079
UpdateSearchIndex,,🚫,,10.2,5079
VideoStream,,🚫,,12.1,5079
WeierstrassEta2,,,,11.2,5079
WeierstrassEta3,,,,11.2,5079
AcousticImpedanceValue,,🚫,,12.2,5184
AllowedCloudParameterExtensions,,🚫,,11.1,5184
AnomalyDetector,,🚫,,12.1,5184
AudioInputDevice,,🚫,,11.1,5184
AudioInsert,,🚫,,11.1,5184
AutoSubmitting,,,,10.2,5184
BayesianMaximizationObject,,,,11.0,5184
BayesianMinimizationObject,,,,11.0,5184
BesagL,,,,12.2,5184
BioSequenceModify,,🚫,,12.2,5184
BioSequenceQ,,🚫,,12.2,5184
BooleanStrings,,,,10.0,5184
CachePersistence,,🚫,,10.2,5184
CauchyPointProcess,,🚫,,12.2,5184
ChannelBase,,🚫,,11.0,5184
ChannelListener,,🚫,,11.0,5184
CollinearPoints,Tests whether a set of numeric points are collinear,✅,pure,12.2,5184
ColorFunctionBinning,,🚫,,12.2,5184
CompiledLayer,,🚫,,12.2,5184
ConnectLibraryCallbackFunction,,,,10.0,5184
ConnectSystemModelComponents,,,,11.3,5184
ContentLocationFunction,,,,11.0,5184
ConwayGroupCo1,,,,8.0,5184
Coproduct,,,,3.0,5184
CreateDataSystemModel,,,,11.3,5184
Curry,Creates a curried operator form of a function that collects arguments across successive applications,✅,pure,11.3,5184
CurryApplied,Operator that collects n curried arguments and applies f to them in order; CurryApplied[f;{perm}] uses an explicit permutation,✅,pure,12.1,5184
DatabinSubmit,,🚫,,12.2,5184
DayCountConvention,,,,9.0,5184
DefaultFieldHintStyle,,,,8.0,5184
DefaultMenuStyle,,🚫,,8.0,5184
DocumentWeightingRules,,🚫,,11.1,5184
EdgeTaggedGraphQ,Tests whether every edge of a graph carries a tag,✅,pure,12.1,5184
ElidedForms,,,,10.0,5184
ExpirationDate,,,,11.1,5184
ExternalBundle,,🚫,,10.0,5184
ExternalStorageGet,,,,12.1,5184
FaceRecognize,,,,12.2,5184
FeatureExtractorFunction,,🚫,,11.0,5184
Fibonorial,Product of the first n Fibonacci numbers,✅,pure,10.0,5184
FileFormatQ,,,,12.2,5184
FindCookies,,,,11.0,5184
FischerGroupFi24Prime,,,,8.0,5184
GeneratorDescription,,,,10.1,5184
GeneratorOutputType,,,,10.1,5184
GeoBoundsRegionBoundary,,🚫,,12.2,5184
GeoVectorPlot,,🚫,,12.0,5184
GreaterFullEqual,,,,3.0,5184
HaradaNortonGroupHN,,,,8.0,5184
HardcorePointProcess,,🚫,,12.2,5184
HeatFluxValue,,,,12.2,5184
HypothesisTestData,,🚫,,8.0,5184
IgnoreDiacritics,,,,10.1,5184
InhomogeneousPoissonPointProcess,,🚫,,12.2,5184
JankoGroupJ4,,,,8.0,5184
LameEigenvalueB,,,,12.2,5184
LiftingFilterData,Lifting-filter object produced by WaveletFilterCoefficients for lifting transforms,✅,pure,8.0,5184
LyonsGroupLy,,,,8.0,5184
MissingString,,,,10.0,5184
MoleculeContainsQ,,🚫,,12.0,5184
NetReplace,,🚫,,11.3,5184
NeymanScottPointProcess,,🚫,,12.2,5184
NonPositiveIntegers,,,,12.0,5184
NotCupCap,,,,3.0,5184
NotRightTriangle,,,,3.0,5184
NotSubsetEqual,,,,3.0,5184
NotTildeEqual,,,,3.0,5184
ONanGroupON,,,,8.0,5184
OptimumFlowData,,🚫,,9.0,5184
OutputControllabilityMatrix,,,,8.0,5184
PIDFeedforward,,,,9.0,5184
PacletSite,,🚫,,12.1,5184
ParametricConvexOptimization,,,,12.2,5184
PolyhedronAngle,,🚫,,12.0,5184
QuantityVariableCanonicalUnit,,,,10.0,5184
RegionMemberFunction,,,,10.0,5184
RemoteBatchSubmissionEnvironment,,🚫,,12.2,5184
RemoteRun,,🚫,,11.3,5184
ResourceSubmit,,🚫,,11.2,5184
ReverseElement,Symbolic reverse element relation,✅,pure,3.0,5184
SearchIndices,,🚫,,10.2,5184
SearchResultObject,,🚫,,11.0,5184
SocketObject,Symbolic representation of an open socket,✅,unevaluated,10.3,5184
SocketWaitNext,Wait until one of a list of sockets sees activity,✅,effectful,11.2,5184
StereochemistryElements,,,,12.0,5184
SurvivalModel,,,,9.0,5184
SystemModeler,,🚫,,11.3,5184
ThompsonGroupTh,,,,8.0,5184
TotalWidth,Option specifying the total width for formatted output,✅,none,1.0,5184
TraceOn,,,,2.0,5184
VectorGreater,Componentwise strict greater-than comparison of vectors,✅,pure,12.0,5184
VerticalTilde,,,,3.0,5184
VideoPlay,,🚫,,12.1,5184
WebSessionObject,,🚫,,12.0,5184
AllowedCloudExtraParameters,,🚫,,11.1,5390
AltitudeMethod,,,,10.0,5390
AmbiguityList,,,,10.0,5390
AnomalyDetection,,🚫,,12.0,5390
Anonymous,,,,11.0,5390
AskState,,🚫,,11.1,5390
AtomCoordinates,,,,12.0,5390
AtomCount,Number of atoms in a molecule,✅,pure,12.0,5390
AuthenticationDialog,,🚫,,11.3,5390
AutocompletionFunction,,🚫,,10.2,5390
BaseDecode,Base64-decode a string to a ByteArray,✅,pure,11.3,5390
BinomialPointProcess,,🚫,,12.2,5390
BlockchainContractValue,,🚫,,12.0,5390
BondList,List of bonds in a molecule,✅,pure,12.0,5390
ByteArrayFormatQ,,,,12.2,5390
CTCLossLayer,,🚫,,11.3,5390
CaptureRunning,,🚫,,11.2,5390
CaseOrdering,,,,10.3,5390
ChannelBrokerAction,,🚫,,11.2,5390
CombinatorB,,,,12.2,5390
ConfirmAssert,Confirms that a test evaluates to True otherwise throwing to the enclosing Enclose,✅,pure,12.2,5390
ConservativeConvectionPDETerm,,,,12.2,5390
ContinuousTimeModelQ,,,,8.0,5390
CupCap,,,,3.0,5390
DatabaseConnect,,🚫,,12.0,5390
DefaultAxesStyle,,,,7.0,5390
DefaultFrameStyle,,,,7.0,5390
DerivativePDETerm,,,,12.2,5390
DirichletBeta,Dirichlet beta function,✅,pure,10.0,5390
DirichletLambda,Dirichlet lambda function (1 - 2^-s) Zeta[s],✅,pure,10.0,5390
DiscreteTimeModelQ,,,,8.0,5390
DisplayEndPacket,,🚫,,3.0,5390
DisplayPacket,,🚫,,3.0,5390
DoubleDownArrow,,,,3.0,5390
DoubleLeftArrow,,,,3.0,5390
DoubleUpArrow,,,,3.0,5390
DoubleUpDownArrow,,,,3.0,5390
DownArrowBar,,,,3.0,5390
DownArrowUpArrow,,,,3.0,5390
DownLeftRightVector,,,,3.0,5390
DownLeftTeeVector,,,,3.0,5390
DownLeftVector,,,,3.0,5390
DownLeftVectorBar,,,,3.0,5390
DownRightTeeVector,,,,3.0,5390
DownRightVector,,,,3.0,5390
DownRightVectorBar,,,,3.0,5390
DownTeeArrow,,,,3.0,5390
EchoEvaluation,,,,12.2,5390
EntityPrefetch,,🚫,,11.3,5390
ExternalSessionObject,,🚫,,11.2,5390
ExternalStorageBase,,,,12.1,5390
ExtractLayer,,🚫,,12.0,5390
FeedbackSector,,🚫,,9.0,5390
FindMatchingColor,,,,12.0,5390
ForceVersionInstall,,🚫,,12.1,5390
GeneratedAssetLocation,,🚫,,12.2,5390
GeneratorHistoryLength,,,,10.1,5390
GeoDensityPlot,,🚫,,12.1,5390
GeoSmoothHistogram,,🚫,,11.3,5390
GeoStreamPlot,,🚫,,12.0,5390
GreaterEqualLess,,,,3.0,5390
GreaterLess,,,,3.0,5390
HeatInsulationValue,,,,12.2,5390
HumpEqual,,,,3.0,5390
IgnorePunctuation,,,,10.3,5390
ImagingDevice,,🚫,,10.0,5390
InverseRadonTransform,,,,11.2,5390
LeftArrowBar,,,,3.0,5390
LeftArrowRightArrow,,,,3.0,5390
LeftDownTeeVector,,,,3.0,5390
LeftDownVector,,,,3.0,5390
LeftDownVectorBar,,,,3.0,5390
LeftRightVector,,,,3.0,5390
LeftTeeVector,,,,3.0,5390
LeftTriangleBar,,,,3.0,5390
LeftTriangleEqual,,,,3.0,5390
LeftUpDownVector,,,,3.0,5390
LeftUpTeeVector,,,,3.0,5390
LeftUpVector,,,,3.0,5390
LeftUpVectorBar,,,,3.0,5390
LeftVectorBar,,,,3.0,5390
LessEqualGreater,,,,3.0,5390
LessGreater,,,,3.0,5390
LessTilde,,,,3.0,5390
LinkInterrupt,,🚫,,3.0,5390
LongLeftArrow,,,,3.0,5390
LowerLeftArrow,,,,3.0,5390
LowerRightArrow,,,,3.0,5390
MassSymmetryValue,,,,12.2,5390
MeanPointDensity,,,,12.2,5390
MeteorShowerData,,🚫,,10.0,5390
NestedLessLess,,,,3.0,5390
NetInsertSharedArrays,,🚫,,11.3,5390
NetPrepend,,🚫,,11.3,5390
NicholsGridLines,,,,8.0,5390
NotDoubleVerticalBar,,,,3.0,5390
NotEqualTilde,,,,3.0,5390
NotGreater,,,,3.0,5390
NotGreaterEqual,,,,3.0,5390
NotGreaterFullEqual,,,,3.0,5390
NotGreaterGreater,,,,3.0,5390
NotGreaterLess,,,,3.0,5390
NotGreaterSlantEqual,,,,3.0,5390
NotGreaterTilde,,,,3.0,5390
NotHumpDownHump,,,,3.0,5390
NotHumpEqual,,,,3.0,5390
NotLeftTriangle,,,,3.0,5390
NotLeftTriangleBar,,,,3.0,5390
NotLeftTriangleEqual,,,,3.0,5390
NotLess,,,,3.0,5390
NotLessEqual,,,,3.0,5390
NotLessFullEqual,,,,3.0,5390
NotLessGreater,,,,3.0,5390
NotLessLess,,,,3.0,5390
NotLessSlantEqual,,,,3.0,5390
NotLessTilde,,,,3.0,5390
NotNestedGreaterGreater,,,,3.0,5390
NotNestedLessLess,,,,3.0,5390
NotPrecedes,,,,3.0,5390
NotPrecedesEqual,,,,3.0,5390
NotPrecedesSlantEqual,,,,3.0,5390
NotPrecedesTilde,,,,3.0,5390
NotReverseElement,,,,3.0,5390
NotRightTriangleEqual,,,,3.0,5390
NotSquareSubset,,,,3.0,5390
NotSquareSubsetEqual,,,,3.0,5390
NotSquareSuperset,,,,3.0,5390
NotSquareSupersetEqual,,,,3.0,5390
NotSucceeds,,,,3.0,5390
NotSucceedsEqual,,,,3.0,5390
NotSucceedsSlantEqual,,,,3.0,5390
NotSucceedsTilde,,,,3.0,5390
NotSuperset,,,,3.0,5390
NotSupersetEqual,,,,3.0,5390
NotTilde,,,,3.0,5390
NotTildeFullEqual,,,,3.0,5390
NotTildeTilde,,,,3.0,5390
NumericArrayQ,,,,12.0,5390
OrderingLayer,,🚫,,12.0,5390
OverscriptBoxOptions,,🚫,,4.0,5390
PitchRecognize,,🚫,,12.0,5390
PointProcessParameterAssumptions,,,,12.2,5390
PointProcessParameterQ,,,,12.2,5390
PolyhedronDecomposition,,🚫,,12.0,5390
PrecedesEqual,,,,3.0,5390
PrecedesSlantEqual,,,,3.0,5390
PreserveColor,,🚫,,11.2,5390
Proportion,,,,3.0,5390
QuantityVariableIdentifier,,,,10.0,5390
RemoteBatchSubmit,,🚫,,12.2,5390
RemoveUsers,,🚫,,10.0,5390
ReverseEquilibrium,,,,3.0,5390
ReverseUpEquilibrium,Reversed same-spin-pair upward harpoon notation symbol,✅,none,3.0,5390
RightArrowLeftArrow,,,,3.0,5390
RightDownTeeVector,,,,3.0,5390
RightDownVector,,,,3.0,5390
RightDownVectorBar,,,,3.0,5390
RightTeeVector,,,,3.0,5390
RightTriangleBar,,,,3.0,5390
RightTriangleEqual,,,,3.0,5390
RightUpDownVector,,,,3.0,5390
RightUpTeeVector,,,,3.0,5390
RightUpVector,,,,3.0,5390
RightUpVectorBar,,,,3.0,5390
RightVector,,,,3.0,5390
RightVectorBar,,,,3.0,5390
ShortDownArrow,,,,3.0,5390
ShortLeftArrow,,,,3.0,5390
ShortUpArrow,,,,3.0,5390
SocketWaitAll,Wait until every socket in a list sees activity,✅,effectful,11.2,5390
SquareSubset,,,,3.0,5390
SquareSubsetEqual,,,,3.0,5390
SquareSuperset,,,,3.0,5390
SquareSupersetEqual,,,,3.0,5390
SubscriptBoxOptions,,🚫,,4.0,5390
SucceedsEqual,,,,3.0,5390
SucceedsSlantEqual,,,,3.0,5390
SucceedsTilde,,,,3.0,5390
SuchThat,,,,3.0,5390
SynthesizeMissingValues,,🚫,,12.0,5390
SystemModels,,🚫,,11.3,5390
TaskResume,,🚫,,11.2,5390
TildeFullEqual,,,,3.0,5390
TimeFormat,,,,10.0,5390
UpArrowBar,,,,3.0,5390
UpArrowDownArrow,,,,3.0,5390
UpDownArrow,,,,3.0,5390
UpTeeArrow,,,,3.0,5390
UpperLeftArrow,,,,3.0,5390
ValenceFilling,,,,12.2,5390
VideoDelete,,🚫,,12.2,5390
WhitePoint,,🚫,,10.0,5390
WordSelectionFunction,,,,11.2,5390
AddUsers,,🚫,,10.0,5486
AllowInlineCells,,🚫,,4.0,5486
AnchoredSearch,,,,2.0,5486
Antihermitian,,,,12.2,5486
Asynchronous,,🚫,,8.0,5486
AtomDiagramCoordinates,,,,12.0,5486
AudioPause,,🚫,,11.2,5486
AudioStop,,🚫,,11.2,5486
AudioTrackApply,,🚫,,12.2,5486
Because,Represents a because logical relation,✅,pure,3.0,5486
CaseSensitive,,,,10.1,5486
CategoricalDistribution,,,,12.1,5486
CellLabelStyle,,🚫,,11.3,5486
CombinatorC,,,,12.2,5486
CompilerOptions,,🚫,,12.0,5486
ConfidenceRange,,,,9.0,5486
CopyFunction,,,,12.2,5486
DiggleGrattonPointProcess,,🚫,,12.2,5486
DihedralAngle,Dihedral angle along an edge between two half-planes,✅,pure,12.0,5486
DoubleLeftTee,Inert operator displayed with the ⫤ symbol,✅,pure,3.0,5486
DownTee,,,,3.0,5486
EmptySpaceF,,,,12.2,5486
EntityUnregister,Unregisters entities from a registered entity store,✅,effectful,11.3,5486
EulerCharacteristic,,,,12.0,5486
ExcludePods,,,,8.0,5486
ExcludedPhysicalQuantities,,,,10.0,5486
FeedbackSectorStyle,,🚫,,9.0,5486
FileConvert,,,,12.0,5486
FindMaximumCut,,,,12.1,5486
GeneratedDocumentBinding,,🚫,,10.0,5486
GeoBoundary,,🚫,,12.2,5486
GeoResolution,,🚫,,12.0,5486
GreaterSlantEqual,Checks if one value is greater than or equal to another (slanted-equal glyph variant of GreaterEqual),✅,pure,3.0,5486
HeatOutflowValue,,,,12.2,5486
HeatSymmetryValue,,,,12.2,5486
HelmholtzPDEComponent,,,,12.2,5486
HeunT,,,,12.1,5486
HyperlinkAction,,🚫,,12.1,5486
ImagePreviewFunction,,🚫,,11.2,5486
IncludeDefinitions,,,,12.0,5486
IncludeQuantities,,,,10.0,5486
IncludeWindowTimes,,,,10.0,5486
InflationMethod,,🚫,,10.0,5486
KeyComplement,Returns the first association restricted to keys absent from the rest,✅,pure,10.1,5486
LessSlantEqual,Checks if one value is less than or equal to another (slanted-equal glyph variant of LessEqual),✅,pure,3.0,5486
LibraryFunctionInformation,,,,8.0,5486
LinearFractionalOptimization,,,,12.0,5486
MarcumQ,Generalized Marcum Q function (symbolic rules and numeric series),✅,pure,8.0,5486
NegativeReals,Domain of negative real numbers,✅,pure,12.0,5486
NetDelete,,🚫,,11.3,5486
NotExists,,,,3.0,5486
PIDDerivativeFilter,,,,9.0,5486
PenttinenPointProcess,,🚫,,12.2,5486
PermissionsGroupMemberQ,,🚫,,12.2,5486
PodWidth,,🚫,,8.0,5486
PointCountDistribution,,,,12.2,5486
PointProcessEstimator,,,,12.2,5486
PointProcessFitTest,,,,12.2,5486
PreprocessingRules,,🚫,,11.2,5486
Printout3DPreviewer,,🚫,,11.0,5486
ProcessObject,,🚫,,10.0,5486
ProofObject,,,,11.3,5486
RationalExpressionQ,,,,12.2,5486
ReImStyle,,,,12.0,5486
RealBlockDiagonalForm,,,,7.0,5486
RectangularRepeatingElement,,,,11.1,5486
RemoveAudioStream,,🚫,,11.2,5486
RowsEqual,,,,3.0,5486
SetUsers,,🚫,,10.0,5486
StrataVariables,,,,9.0,5486
StructuredSelection,,,,3.0,5486
SurdForm,,,,9.0,5486
ThomasPointProcess,,🚫,,12.2,5486
TouchPosition,,🚫,,10.0,5486
TrainingStoppingCriterion,,🚫,,12.0,5486
TruncatedPolyhedron,,,,12.0,5486
VideoFrameMap,,🚫,,12.1,5486
VideoPause,,🚫,,12.1,5486
VideoTranscode,,🚫,,12.2,5486
AcousticRadiationValue,,🚫,,12.2,5587
AdjustmentBoxOptions,,🚫,,4.0,5587
AllowGroupClose,,🚫,,8.0,5587
AllowLooseGrammar,,🚫,,10.1,5587
AllowReverseGroupClose,,🚫,,8.0,5587
AudioChannelAssignment,,🚫,,11.2,5587
AudioEncoding,,🚫,,12.1,5587
BeveledPolyhedron,,,,12.0,5587
BioSequenceInstances,,🚫,,12.2,5587
BlockchainPut,,🚫,,11.3,5587
BlockchainTransaction,,🚫,,12.0,5587
BlockchainTransactionSign,,🚫,,12.0,5587
BlockchainTransactionSubmit,,🚫,,12.0,5587
BooleanConsecutiveFunction,,,,9.0,5587
ByteArrayFormat,,,,12.0,5587
CellEvaluationDuplicate,,🚫,,3.0,5587
ConfidenceTransform,,,,9.0,5587
ConnectedMoleculeComponents,Gives the connected components of a molecule as separate molecules,✅,pure,12.0,5587
CovarianceEstimatorFunction,,,,7.0,5587
DefaultElement,,,,6.0,5587
DefaultFaceGridsStyle,,,,7.0,5587
DefaultFrameTicksStyle,,,,7.0,5587
DefaultGridLinesStyle,,,,7.0,5587
DefineResourceFunction,,,,12.0,5587
DeletePermissionsKey,,🚫,,11.0,5587
DerivedKey,,🚫,,12.0,5587
DiggleGatesPointProcess,,🚫,,12.2,5587
EpilogFunction,,🚫,,10.1,5587
EvaluationPrivileges,,,,12.2,5587
ExternalStoragePut,,,,12.1,5587
ExtractPacletArchive,,,,12.1,5587
FaceAlign,,,,12.1,5587
FindPointProcessParameters,,,,12.2,5587
GibbsPointProcess,,🚫,,12.2,5587
GoochShading,,,,12.1,5587
GridDefaultElement,,,,3.0,5587
ImageContainsQ,,🚫,,12.0,5587
ImagePosition,,🚫,,12.0,5587
ImportedObject,,,,12.2,5587
IncludeGeneratorTasks,,,,10.1,5587
IndependentPhysicalQuantity,,,,11.3,5587
InterpretationBoxOptions,,🚫,,4.0,5587
LicenseEntitlementObject,,,,12.2,5587
LicenseEntitlements,,,,12.2,5587
LowerTriangularMatrixQ,True if a matrix is lower triangular,✅,pure,12.0,5587
MailAddressValidation,,🚫,,11.2,5587
MailResponseFunction,,🚫,,10.2,5587
MailSearch,,🚫,,11.3,5587
MissingValuePattern,,,,12.0,5587
NoWhitespace,,,,10.3,5587
NormalizationLayer,,🚫,,12.0,5587
PermissionsGroups,,🚫,,10.0,5587
PermissionsKeys,,🚫,,11.0,5587
PolyhedronGenus,,🚫,,12.0,5587
PrependLayer,,🚫,,12.0,5587
RegionDistanceFunction,,,,10.0,5587
RemoteBatchJobs,,🚫,,12.2,5587
RemoteEvaluate,,🚫,,12.2,5587
RemoteFile,,🚫,,12.0,5587
RemoveInputStreamMethod,,,,9.0,5587
RemoveOutputStreamMethod,,,,9.0,5587
RestartInterval,,,,10.2,5587
ReturnReceiptFunction,,,,10.2,5587
SharingList,,,,11.3,5587
ShortestPathFunction,,,,8.0,5587
SpellingOptions,,🚫,,4.0,5587
SubsetPosition,Finds positions of all subsets matching a pattern,✅,pure,12.1,5587
SystemCredentialStoreObject,,🚫,,12.1,5587
TaskAbort,,🚫,,11.2,5587
TouchscreenControlPlacement,,🚫,,9.0,5587
VectorAround,,,,12.0,5587
VertexDataCoordinates,,,,9.0,5587
VideoJoin,,🚫,,12.2,5587
VideoMapTimeSeries,,🚫,,12.2,5587
VideoSplit,,🚫,,12.2,5587
VoiceStyleData,,🚫,,12.0,5587
WrapAround,,,,10.0,5587
ARPublish,,🚫,,13.3,
AcousticSoundHardValue,,🚫,,12.2,
AcousticSoundSoftCondition,,🚫,,12.2,
ActivateResult,,,,14.0,
ActiveClassificationObject,,🚫,,11.1,
ActivePredictionObject,,🚫,,11.1,
AddToSearchIndex,,🚫,,12.0,
AddToVectorDatabase,,🚫,,14.1,
Adjugate,Transpose of cofactor matrix,✅,none,13.0,
AirSoundAttenuation,,🚫,,12.2,
AllMatch,Check if all elements match a pattern,✅,pure,14.1,
AllSameBy,Check if function gives same value for all elements,✅,pure,14.1,
AllowVersionUpdate,,🚫,,12.1,
AllowedFrequencyRange,,,,12.0,
AmbientLight,,🚫,,13.0,
AnatomySkinStyle,,🚫,,12.0,
AnatomyStyling,,🚫,,12.0,
AnimationVideo,,🚫,,12.3,
AnnotationDelete,Graph without the annotations of one key or of one vertex or edge,✅,pure,12.0,
AnnotationKeys,Annotations a graph or one of its vertices or edges offers,✅,pure,12.1,
AnomalyDetectorFunction,,🚫,,12.0,
AnyMatch,Check if any element matches a pattern,✅,pure,14.1,
AppellF2,Appell hypergeometric function F2(a b1 b2; c1 c2; x y),✅,pure,13.3,
AppellF3,Appell hypergeometric function F3(a1 a2 b1 b2; c; x y),✅,pure,13.3,
AppellF4,Appell hypergeometric function F4(a b; c1 c2; x y),✅,pure,13.3,
AppendLayer,,🚫,,11.3,
ApplyReaction,,,,13.1,
ArcCosDegrees,Compute inverse cosine returning degrees,✅,pure,14.1,
ArcCotDegrees,Compute inverse cotangent returning degrees,✅,pure,14.1,
ArcCscDegrees,Compute inverse cosecant returning degrees,✅,pure,14.1,
ArcSecDegrees,Compute inverse secant returning degrees,✅,pure,14.1,
ArcSinDegrees,Compute inverse sine returning degrees,✅,pure,14.1,
ArcTanDegrees,Compute inverse tangent returning degrees,✅,pure,14.1,
ArrayDot,Contract the last k dimensions of one array with the first k of another,✅,pure,14.1,
ArraySymbol,,,,14.1,
AssessmentResultObject,Graded result of an assessment; supports property access such as result[Score] and result[AnswerCorrect],✅,pure,12.2,
AstroAngularSeparation,,🚫,,13.2,
AstroBackground,,🚫,,13.2,
AstroCenter,,🚫,,13.2,
AstroDistance,,🚫,,13.2,
AstroGraphics,,🚫,,13.2,
AstroGridLines,,🚫,,13.2,
AstroGridLinesStyle,,🚫,,13.2,
AstroPosition,,🚫,,13.2,
AstroProjection,,🚫,,13.2,
AstroRange,,🚫,,13.2,
AstroRangePadding,,🚫,,13.2,
AstroReferenceFrame,,🚫,,13.2,
AstroRiseSet,,🚫,,14.1,
AstroStyling,,🚫,,13.2,
AstroSubpoint,,🚫,,14.0,
AstroZoomLevel,,🚫,,13.2,
AsymptoticGreaterEqual,Tests whether one expression is big-Omega of another at a limit point,✅,pure,11.3,
AsymptoticProduct,,,,12.1,
AtomLabelStyle,,,,13.0,
AtomLabels,,,,13.0,
AttachedCell,,,,13.0,
AudioAnnotate,,🚫,,12.0,
AudioAnnotationLookup,,🚫,,12.0,
AudioDistance,,🚫,,11.3,
AudioInstanceQ,,🚫,,12.1,
AudioReverse,Plays each channel of an audio object backwards,✅,pure,12.1,
AudioTrackSelection,,🚫,,12.2,
AutoOperatorRenderings,,,,12.3,
AxisLabel,,,,12.3,
AxisObject,Symbolic axis object; contained primitives render in Graphics,✅,unevaluated,12.3,
AxisStyle,,,,12.3,
BeginDialogPacket,,🚫,,3.0,
BilateralHypergeometricPFQ,,,,14.0,
BilateralLaplaceTransform,,,,12.3,
BilateralZTransform,,,,13.0,
BinnedVariogramList,,,,13.0,
BioMolecule,,🚫,,14.1,
BioMoleculeFoldingMethod,,🚫,,14.1,
BioMoleculePlot3D,,🚫,,14.1,
BioMoleculeValue,,🚫,,14.1,
BioSequenceBackTranslateList,,🚫,,12.2,
BioSequencePlot,,🚫,,13.0,
BitFlip,Flip a bit at a given position,✅,pure,14.1,
BitRate,,,,12.3,
BlockDiagonalMatrix,Assembles square matrices as the diagonal blocks of a larger structured-array matrix,✅,pure,13.1,
BlockLowerTriangularMatrix,,,,13.1,
BlockUpperTriangularMatrix,,,,13.1,
Blurring,,🚫,,13.2,
BondLabelStyle,,,,13.0,
BondLabels,,,,13.0,
BondQ,Tests whether a bond is a bond of a molecule,✅,pure,12.0,
BuckyballGraph,,,,13.1,
BuildCompiledComponent,,🚫,,13.2,
CSGRegion,,,,13.0,
CSGRegionQ,,,,13.0,
CSGRegionTree,,,,13.0,
CalibratedSystemModel,,🚫,,13.3,
CanonicalizeRegion,,,,12.3,
CaputoD,Caputo fractional differintegral — a Gamma ratio per power taken term by term so a constant vanishes under any positive order,✅,pure,13.1,
CarlsonRC,Carlson degenerate symmetric elliptic integral R_C,✅,pure,12.3,
CarlsonRD,Carlson symmetric elliptic integral of the second kind R_D,✅,pure,12.3,
CarlsonRE,Carlson complete symmetric elliptic integral R_E,✅,pure,12.3,
CarlsonRF,Carlson symmetric elliptic integral of the first kind R_F,✅,pure,12.3,
CarlsonRG,Carlson symmetric elliptic integral of the second kind R_G,✅,pure,12.3,
CarlsonRJ,Carlson symmetric elliptic integral of the third kind R_J,✅,pure,12.3,
CarlsonRK,,,,12.3,
CarlsonRM,,,,12.3,
Cast,,,,13.1,
CauchyMatrix,Cauchy matrix with entry (i j) equal to 1/(x_i + y_j) for generating vectors x and y,✅,pure,13.2,
CellDingbatMargin,,🚫,,13.1,
CellLabelTemplate,,🚫,,13.1,
CellStyleImportRules,,🚫,,14.0,
CenteredInterval,Inert wrapper for an axis-aligned ball/rectangle in R or C (handled by IntervalIntersection/Union),✅,pure,13.0,
ChannelHistoryLength,,🚫,,12.1,
CharacterNormalize,Converts characters to a Unicode normalization form (NFC NFD NFKC NFKD or NFKCCasefold),✅,pure,12.1,
ChatEvaluate,,🚫,,13.3,
ChatObject,,🚫,,13.3,
ChemicalConvert,,🚫,,13.1,
ChemicalFormula,,🚫,,13.0,
ChemicalInstance,,🚫,,13.1,
ChemicalReaction,,🚫,,13.0,
CircularArcThrough,Arc of the circle through the given points as a Circle running from the smallest of their angles about the centre to the largest,✅,pure,13.1,
CircumscribedBall,Ball of minimal radius enclosing a set of points or a vertex-based region,✅,pure,13.3,
ClassifierMeasurementsObject,,🚫,,10.1,
ClearDistributedDefinitions,,🚫,,14.1,
ClickToCopy,,🚫,,12.2,
CloudUnshare,,🚫,,11.3,
ClusteringMeasurements,,,,13.2,
Comap,Applies each of a list of functions to the same argument,✅,pure,14.0,
ComapApply,Applies each of a list of functions to a shared sequence of arguments,✅,pure,14.0,
CombinatorW,,,,12.2,
CombinatorY,,,,12.2,
CompiledCodeFunction,,🚫,,12.0,
CompiledComponent,,🚫,,13.2,
CompiledComponentRawInterface,,🚫,,14.1,
CompiledExpressionDeclaration,,🚫,,13.1,
CompilerCallback,,🚫,,13.1,
CompilerEnvironment,,🚫,,12.3,
CompilerEnvironmentAppendTo,,🚫,,12.3,
CompilerEnvironmentObject,,🚫,,12.3,
CompilerInformation,,🚫,,14.1,
CompilerRuntimeErrorAction,,🚫,,14.1,
ComplementedEntityClass,,🚫,,12.1,
CompleteIntegral,,,,13.0,
ComputeUncertainty,,,,12.0,
ConcaveHullMesh,,,,13.0,
ConfirmQuiet,Evaluates an expression inside an Enclose with messages suppressed,✅,contextual,12.2,
ConformDates,,,,14.1,
ConformationMethod,,,,13.0,
ConicOptimization,,,,12.0,
ConnectSystemModelController,,,,12.3,
ConnectedMoleculeQ,Tests whether the atoms of a molecule are all connected by bonds,✅,pure,12.0,
ConnectionSettings,,,,12.0,
ConstantVideo,,,,14.1,
ContentDetectorFunction,,🚫,,13.0,
ContourIntegrate,,,,13.3,
ConvexPolygonQ,Tests whether a polygon with numeric vertices is convex,✅,pure,12.0,
ConvexPolyhedronQ,Tests whether a region is a convex polyhedron — bounded flat-faced and three-dimensional,✅,pure,12.0,
CoreNilpotentDecomposition,,,,13.0,
CosDegrees,Compute cosine of angle in degrees,✅,pure,14.1,
CotDegrees,Compute cotangent of angle in degrees,✅,pure,14.1,
CoulombF,Regular Coulomb wave function; nonzero charge parameter evaluated numerically via the confluent hypergeometric form and at zero charge reduces to z SphericalBesselJ[L z] (Sin[z] at order 0),✅,pure,13.0,
CoulombG,Irregular Coulomb wave function; nonzero charge parameter evaluated numerically via the outgoing wave and at zero charge reduces to -z SphericalBesselY[L z] (Cos[z] at order 0),✅,pure,13.0,
CoulombH1,Outgoing Coulomb wave function G plus I F; nonzero charge parameter evaluated numerically and at zero charge reduces to I z SphericalHankelH1[L z] (E^(I z) at order 0),✅,pure,13.0,
CoulombH2,Incoming Coulomb wave function G minus I F; nonzero charge parameter evaluated numerically and at zero charge reduces to -I z SphericalHankelH2[L z] (E^(-I z) at order 0),✅,pure,13.0,
CreateCompilerEnvironment,,,,12.3,
CreateForeignCallback,,,,13.3,
CreateManagedObject,,🚫,,13.3,
CreatePacletArchive,,🚫,,12.1,
CreateSemanticSearchIndex,,🚫,,14.1,
CreateTypeInstance,,,,13.1,
CreateVectorDatabase,,,,14.1,
CrossingCount,,,,12.0,
CrossingPolygon,,,,12.0,
CscDegrees,Compute cosecant of angle in degrees,✅,pure,14.1,
CumulativeFeatureImpactPlot,,🚫,,13.1,
CylindricalDecompositionFunction,,,,12.2,
DFixedPoints,,,,14.1,
DSolveChangeVariables,,,,13.1,
DStabilityConditions,,,,14.1,
DataStructureQ,,,,12.1,
DatabaseDisconnect,,🚫,,12.0,
DatasetTheme,,🚫,,12.3,
DateDistribution,,,,14.1,
DateGranularity,,,,13.2,
DateScale,,,,13.0,
DeclareCompiledComponent,,,,13.2,
DefaultDiffStyle,,,,14.1,
DefaultFontProperties,,,,4.0,
DeleteAdjacentDuplicates,Keeps the first element of each run of duplicates in a list or an association's values under an optional sameness test,✅,pure,13.1,
DeleteElements,Removes elements from a list (SameQ matching) with optional multiplicity control via n->{elems},✅,pure,13.1,
DelimiterAutoMatching,,,,12.3,
Diff,,,,14.1,
Diff3,,,,14.1,
DiffAlignmentMethod,,,,14.1,
DiffApply,,,,14.1,
DiffGranularity,,,,14.1,
DiffIgnore,,,,14.1,
DiffIncludeMatches,,,,14.1,
DiffInputFunction,,🚫,,14.1,
DiffObject,,,,14.1,
DiffStyle,,,,14.1,
DigitSum,Returns the sum of digits of a number (Listable),✅,pure,14.0,5588
DigitalSignature,,🚫,,12.0,
DirectionalLight,,🚫,,13.0,
DiscreteInputOutputModel,,,,13.1,
DockedCell,,🚫,,13.2,
DominatorTreeGraph,,,,13.0,
DominatorVertexList,,,,13.0,
DownValuesFunction,,,,13.2,
DrazinInverse,Computes the Drazin inverse of a square matrix,✅,pure,13.0,
DropShadowing,Graphics directive for drop shadow effect,✅,pure,13.1,
DualPlanarGraph,,,,13.0,
DynamicModuleBoxOptions,,🚫,,6.0,
EdgeChromaticNumber,,,,13.0,
EdgeTransitiveGraphQ,,,,12.3,
EdgeValueRange,,,,13.0,
EdgeValueSizes,,,,13.0,
EdgeWeightedGraphQ,Tests whether a graph carries edge weights,✅,pure,12.0,
ElectricCurrentDensityValue,,,,14.1,
ElectricCurrentPDEComponent,,,,14.1,
ElectricFluxDensityValue,,,,14.0,
ElectricPotentialCondition,,,,14.0,
ElectricSymmetryValue,,,,14.0,
ElectrostaticPDEComponent,,,,14.0,
EmbeddedSQLEntityClass,,,,12.2,
EmbeddedSQLExpression,,,,12.2,
EndDialogPacket,,🚫,,3.0,
EntityStores,Lists all currently registered entity stores,✅,pure,11.3,
EntityType,,🚫,,13.3,
EstimatedPointNormals,,,,13.1,
EstimatedVariogramModel,,,,13.0,
ExcludedContexts,,,,12.3,
ExpressionTree,Build the canonical Tree form of an expression (structure: Heads/Subexpressions/Atoms/HeadTrees),✅,pure,12.3,
ExpressionUUID,,,,13.0,
ExternalObject,,🚫,,11.3,
ExternalOperation,,🚫,,14.1,
ExternalOptions,,,,10.0,
ExternalStorageDownload,,,,12.1,
ExternalStorageUpload,,,,12.1,
ExternalValue,,🚫,,12.0,
FeatureImpactPlot,,🚫,,13.1,
FeatureValueDependencyPlot,,🚫,,13.1,
FeatureValueImpactPlot,,🚫,,13.1,
FileFormatProperties,,,,13.0,
FileNameToFormatList,,,,13.0,
FileSystemTree,,,,13.2,
FilledPolarCurve,Filled region enclosed by a polar curve: FilledPolarCurve[PolarCurve[r; {t; t0; t1}]] or FilledPolarCurve[r; t] (full period),✅,pure,14.1,
FilledTorus,Solid torus graphics and region primitive,✅,unevaluated,13.0,
FindEdgeColoring,,,,13.0,
FindExternalEvaluators,,,,11.2,
FindImageShapes,,,,13.3,
FindIsomers,,,,13.0,
FindIsomorphicSubgraph,,,,13.0,
FindPlanarColoring,,,,13.0,
FindRegionTransform,,,,13.0,
FindSubgraphIsomorphism,,,,13.0,
FindSystemModelEquilibrium,,,,11.3,
FindVertexColoring,,,,13.0,
FiniteField,,,,13.3,
FiniteFieldElement,,,,13.3,
FiniteFieldElementNorm,,,,13.3,
FiniteFieldElementPrimitiveQ,,,,13.3,
FiniteFieldElementTrace,,,,13.3,
FiniteFieldEmbedding,,,,13.3,
FiniteFieldIndex,,,,14.0,
FlatShading,,🚫,,13.1,
FlightData,,🚫,,13.0,
FluidFlowPDEComponent,,,,14.0,
ForAllType,,,,13.1,
ForeignCallback,,🚫,,13.3,
ForeignFunction,,🚫,,13.3,
ForeignFunctionLoad,,🚫,,13.3,
ForeignPointerLookup,,🚫,,13.3,
FormBoxOptions,,🚫,,4.0,
FormProtectionMethod,,🚫,,12.3,
ForwardCloudCredentials,,🚫,,12.2,
FoxH,,,,12.3,
FoxHReduce,,,,13.0,
FractionalD,,,,13.1,
FrameListVideo,,🚫,,12.3,
FreeformEvaluate,,🚫,,14.1,
FrobeniusAutomorphism,,,,13.3,
FromDateString,Parses a date string into a DateObject,✅,pure,12.3,
FromFiniteField,,,,14.0,
FromFiniteFieldIndex,,,,14.0,
FromLunationNumber,,,,14.0,
FromRawPointer,,🚫,,13.1,
FullMoon,DateObject of the first full moon after a date (default: now),✅,contextual,14.0,
FunctionCompileExport,,🚫,,12.0,
FunctionCompileExportByteArray,,🚫,,12.0,
FunctionCompileExportString,,🚫,,12.0,
FunctionDeclaration,,,,12.3,
FunctionPoles,,,,13.0,
GenerateDerivedKey,,🚫,,12.0,
GenerateFileSignature,,🚫,,12.1,
GenerateLLMToolResponse,,🚫,,13.3,
GeneratedAssetFormat,,🚫,,12.3,
GeneratedQuantityMagnitudes,,,,11.3,
GeoGraphPlot,,🚫,,12.3,
GeoGraphValuePlot,,🚫,,13.0,
GeoGridDirectionDifference,,🚫,,12.0,
GeoGridRange,,🚫,,12.0,
GeoGridRangePadding,,🚫,,12.0,
GeoGridUnitArea,,🚫,,12.0,
GeoGridUnitDistance,,🚫,,12.0,
GeoGridVector,,🚫,,12.0,
GeoOrientationData,,🚫,,12.3,
GeoVector,,🚫,,12.0,
GeoVectorENU,,🚫,,12.0,
GeoVectorXYZ,,🚫,,12.0,
GeodesicPolyhedron,,,,13.1,
GeometricOptimization,,,,12.1,
GeometricSolveValues,,,,14.0,
GeometricStylingRules,,,,13.1,
GeometricTest,Tests whether geometric objects satisfy a named property or relation such as Collinear Parallel Perpendicular Convex Regular Congruent or Similar,✅,pure,12.3,
GouraudShading,,,,13.1,
GradientFittedMesh,,,,13.0,
GraphJoin,,,,13.1,
GraphLayerStyle,,,,12.3,
GraphLayers,,,,12.3,
GraphProduct,,,,13.1,
GraphSum,,,,13.1,
GraphTree,,,,12.3,
GraphTriangleCount,,,,14.1,
GridVideo,,,,13.0,
Haloing,Graphics directive drawing a contrasting outline (halo) behind primitives,✅,pure,13.3,
HeaderAlignment,,,,12.1,
HeaderBackground,,,,12.1,
HeaderDisplayFunction,,,,12.1,
HeaderSize,,,,12.1,
HeaderStyle,,,,12.1,
HermitianMatrix,,,,14.0,
HeunB,,,,12.1,
HeunBPrime,,,,12.1,
HeunCPrime,,,,12.1,
HeunD,,,,12.1,
HeunDPrime,,,,12.1,
HeunGPrime,,,,12.1,
HeunTPrime,,,,12.1,
HiddenItems,,🚫,,12.1,
HolderModel,,,,14.0,
IfCompiled,,,,13.2,
IgnoreIsotopes,,,,13.0,
IgnoreStereochemistry,,,,13.0,
ImageCaptureFunction,,🚫,,11.3,
ImageLabels,,🚫,,12.1,
ImageLegends,,🚫,,12.1,
ImagePyramid,,🚫,,12.0,
ImagePyramidApply,,🚫,,12.0,
ImageSegmentationComponents,,🚫,,14.0,
ImageSegmentationFilter,,🚫,,14.0,
ImageStitch,,🚫,,13.0,
ImageSynthesize,,🚫,,13.3,
ImplicitD,,,,13.1,
ImportOptions,,,,10.2,
IncludeAromaticBonds,,,,12.0,
IncludeDirectories,,,,12.0,
IncludeRelatedTables,,,,12.0,
IncludeSingularSolutions,,,,13.1,
IncludedContexts,,,,12.3,
IndependentUnitDimension,,,,11.3,
InertEvaluate,,,,13.1,
InertExpression,,,,13.1,
InfiniteFuture,,,,12.1,
InfiniteLineThrough,,,,13.1,
InfinitePast,,,,12.1,
InitializationObject,,🚫,,12.3,
InnerPolyhedron,,,,12.0,
InputOutputResponse,,🚫,,14.0,
InputOutputResponseData,,🚫,,14.0,
InputPacket,,🚫,,3.0,
InputStringPacket,,🚫,,3.0,
InscribedBall,,,,13.3,
IntegrateChangeVariables,,,,13.1,
InterfaceSwitched,,🚫,,13.0,
IntermediateTest,,,,14.0,
IntersectedEntityClass,,🚫,,12.1,
InverseBilateralLaplaceTransform,,,,12.3,
InverseBilateralZTransform,,,,13.0,
InverseImagePyramid,,,,12.0,
InverseShortTimeFourier,,,,12.0,
IsomorphicSubgraphQ,,,,13.0,
ItemDisplayFunction,,,,12.1,
KeepExistingVersion,,,,12.1,
KernelConfiguration,,🚫,,13.1,
KernelConfigurationEdit,,🚫,,13.3,
KernelEvaluate,,🚫,,13.3,
KeyframeActions,,,,14.1,
LLMConfiguration,,🚫,,13.3,
LLMEvaluator,,🚫,,13.3,
LLMExampleFunction,,🚫,,13.3,
LLMFunction,,🚫,,13.3,
LLMPrompt,,🚫,,13.3,
LLMPromptGenerator,,🚫,,14.1,
LLMResourceFunction,,🚫,,13.3,
LLMResourceTool,,🚫,,14.0,
LLMSynthesize,,🚫,,13.3,
LLMTool,,🚫,,13.3,
LLMToolRequest,,🚫,,13.3,
LLMToolResponse,,🚫,,13.3,
LabelVisibility,,🚫,,12.0,
LayeredGraph,,🚫,,14.0,
LayeredGraph3D,,🚫,,14.0,
LayeredGraphPlot3D,,🚫,,12.3,
LearnedDistribution,,🚫,,12.0,
LexicographicOrder,Order of the first non-coinciding element pair of two lists,✅,pure,12.3,
LexicographicSort,Sorts a list of expressions in lexicographic order,✅,pure,12.3,
LibraryFunctionDeclaration,,,,13.1,
LicensingSettings,,,,12.2,
LineIntegrate,,,,13.3,
LinearizingTransformationData,,🚫,,10.0,
ListLinePlot3D,Plots 3D curves through heights or points,✅,pure,12.3,
ListPickerBox,,,,6.0,
ListPickerBoxBackground,,,,9.0,
ListPickerBoxOptions,,🚫,,9.0,
ListStreamPlot3D,,🚫,,12.3,
ListVectorDisplacementPlot,,🚫,,13.0,
ListVectorDisplacementPlot3D,,🚫,,13.0,
LiteralType,,,,13.1,
LoadCompiledComponent,,,,13.2,
LocalEvaluate,,,,13.1,
Looping,,,,12.1,
LowerTriangularMatrix,Structured lower-triangular matrix wrapper as returned by LUDecomposition,✅,pure,13.1,
LunationNumber,,,,14.0,
MIMETypeToFormatList,,,,13.0,
MailExecute,,🚫,,11.3,
MailFolder,,🚫,,11.3,
MailItem,,🚫,,11.3,
MailServerConnection,,🚫,,11.3,
ManagedObject,,,,13.3,
ManipulateVideo,,🚫,,14.1,
MapApply,Applies a function to each element by replacing its head (equivalent to @@@),✅,pure,13.1,
MaterialShading,,🚫,,12.3,
MatrixSymbol,,,,14.1,
MaxColorDistance,,,,12.0,
MaxDate,Gives the latest date in a list of dates or the endpoint of a date interval,✅,pure,12.1,
MaxDisplayedChildren,,🚫,,13.2,
MaxOverlapFraction,,,,12.0,
MaxRoots,,,,14.0,
MenuPacket,,🚫,,3.0,
MinDate,Gives the earliest date in a list of dates or the start of a date interval,✅,pure,12.1,
MinPointSeparation,,,,13.0,
Missing,Represents missing data or keys,✅,pure,6.0,
MissingValueSynthesis,,🚫,,12.3,
MixedFractionParts,Returns the integer and fractional parts of a number,✅,pure,12.0,
ModelPredictiveController,,,,13.1,
MoleculeAlign,,🚫,,12.3,
MoleculeFreeQ,,🚫,,13.0,
MoleculeMatchQ,,🚫,,13.0,
MoleculeMaximumCommonSubstructure,,🚫,,12.3,
MoleculeName,,🚫,,12.3,
MoleculeSubstructureCount,,🚫,,12.3,
MoonPhaseDate,DateObject of the next (optionally specified) principal lunar phase after a date,✅,contextual,14.0,
MultiaxisArrangement,,,,13.0,
NBodySimulationData,,🚫,,12.0,
NCaputoD,,,,13.2,
NContourIntegrate,,,,14.0,
NFractionalD,,,,13.2,
NLineIntegrate,,,,14.0,
NSolveValues,Gives the numeric values of variables that solve equations (without Rules),✅,pure,12.3,
NSurfaceIntegrate,,,,14.0,
NegativeRationals,,,,12.0,
NeighborhoodData,,🚫,,10.0,
NestTree,,,,12.3,
NetExternalObject,,🚫,,13.2,
NetInsert,,🚫,,11.3,
NetJoin,,🚫,,11.3,
NetMapThreadOperator,,🚫,,12.0,
NetRename,,🚫,,11.3,
NetTrainResultsObject,,🚫,,11.3,
NetUnfold,,🚫,,13.0,
NetworkPacketCapture,,🚫,,11.3,
NetworkPacketRecording,,🚫,,11.3,
NetworkPacketTrace,,🚫,,12.0,
NewMoon,DateObject of the first new moon after a date (default: now),✅,contextual,14.0,
NominalScale,,,,13.1,
NonNegativeRationals,,,,12.0,
NonPositiveRationals,,,,12.0,
NonPositiveReals,,,,12.0,
NonThreadable,,,,14.1,
NoneMatch,,,,14.1,
NotebookCellData,,🚫,,14.1,
NullRawPointerQ,,,,13.3,
NumberDigit,Digit at a given place of a number (rationals/constants exact; ulp-limited machine reals give Indeterminate; base form),✅,pure,12.3,
NumericArrayType,,,,12.0,
OpaqueRawPointer,,,,13.3,
OperationDeclaration,,,,14.1,
OrdinalScale,,,,13.1,
OrthogonalMatrix,,,,14.0,
OuterPolyhedron,,,,12.0,
OverlayVideo,,🚫,,13.0,
PacletDataRebuild,,🚫,,12.1,
PacletDirectoryUnload,Unregisters paclet directories and returns the ones still loaded,✅,effectful,12.1,
PacletDisable,,🚫,,12.1,
PacletEnable,,🚫,,12.1,
PacletInstallSubmit,,🚫,,12.1,
PacletNewerQ,,🚫,,12.1,
PacletSiteObject,,🚫,,12.1,
PacletSiteRegister,,🚫,,12.1,
PacletSiteUnregister,,🚫,,12.1,
PacletSymbol,,🚫,,13.0,
PairwiseDensityHistogram,,🚫,,14.0,
PairwiseListPlot,,🚫,,14.0,
PairwiseProbabilityPlot,,🚫,,14.0,
PairwiseQuantilePlot,,🚫,,14.0,
PairwiseSmoothDensityHistogram,,🚫,,14.0,
ParallelKernels,,🚫,,13.1,
ParentEdgeLabel,,,,13.1,
ParentEdgeLabelFunction,,,,13.1,
ParentEdgeLabelStyle,,,,13.1,
ParentEdgeShapeFunction,,,,13.1,
ParentEdgeStyle,,,,13.1,
ParentEdgeStyleFunction,,,,13.1,
ParetoPickandsDistribution,,,,12.0,
PascalBinomial,Gives the binomial coefficient from continuing Pascal's triangle returning 0 for negative integer k,✅,pure,14.1,
PatternReaction,,,,13.1,
PermutationMatrix,Permutation matrix of a permutation list or Cycles object,✅,pure,13.1,
PersistentSymbol,,🚫,,12.3,
PhongShading,,🚫,,13.1,
PlaceholderReplace,,,,8.0,
PlanarFaceList,,,,13.0,
PlaybackSettings,,🚫,,13.1,
PlotHighlighting,,🚫,,13.3,
PointDensityFunction,,,,12.2,
PointLight,,🚫,,13.0,
PointStatisticFunction,,,,12.2,
PoissonPDEComponent,,,,12.2,
PolarCurve,Polar curve graphics primitive with radius as a function of angle,✅,pure,14.1,
PolynomialExpressionQ,,,,12.2,
PolynomialSumOfSquaresList,,,,13.0,
PositionLargest,Positions of the largest elements of a numeric list or of each of the n largest values,✅,pure,13.2,5589
PositionSmallest,Positions of the smallest elements of a numeric list or of each of the n smallest values,✅,pure,13.2,5590
PositivelyOrientedPoints,,,,12.2,
PredictorMeasurementsObject,,🚫,,10.1,
ProgressReporting,,🚫,,12.3,
PropagateAborts,,,,13.2,
PublisherID,,🚫,,11.2,
QuestionGenerator,,🚫,,13.1,
QuestionInterface,,🚫,,13.0,
QuestionObject,Pairs a prompt with an assessment; QuestionObject[q assess][answer] grades the answer and the object renders graphically as a question panel with answer choices and a Submit button,✅,pure,12.3,
QuestionSelector,,🚫,,13.1,
QuietEcho,,,,12.2,
RFixedPoints,,,,14.1,
RStabilityConditions,,,,14.1,
RadicalBoxOptions,,🚫,,4.0,
RandomDate,Pseudorandom date object in the current year,✅,none,13.2,
RandomGeneratorState,,,,12.2,
RandomGeoPosition,,🚫,,12.0,
RandomTime,Pseudorandom time object in the current day or within a Quantity span or TimeObject range,✅,none,13.2,
RandomTree,,,,12.3,
RarerProbability,,,,12.0,
RawArray,Legacy spelling of NumericArray with the element type given first,✅,pure,10.4,
RawMemoryAllocate,,🚫,,13.3,
RawMemoryExport,,🚫,,13.3,
RawMemoryFree,,🚫,,13.3,
RawMemoryImport,,🚫,,13.3,
RawMemoryRead,,🚫,,13.3,
RawMemoryWrite,,🚫,,13.3,
RawPointer,,🚫,,13.3,
ReactionBalance,,,,13.0,
ReactionBalancedQ,,,,13.0,
ReactionPDETerm,,,,12.2,
RealValuedNumberQ,Tests if an expression is a real-valued number,✅,pure,13.3,
RealValuedNumericQ,Tests whether an expression is a numeric quantity with a real value,✅,pure,13.3,
ReapVideo,,🚫,,14.1,
RecalibrationFunction,,🚫,,12.3,
ReconstructionMesh,,🚫,,13.1,
ReferenceAltitude,,,,14.1,
RegionCongruent,,,,13.0,
RegionConvert,,,,12.3,
RegionDilation,,,,12.3,
RegionErosion,,,,12.3,
RegionFarthestDistance,,,,13.3,
RegionFillingStyle,,,,12.1,
RegionFit,,,,13.0,
RegionHausdorffDistance,,,,13.3,
RegionSimilar,,,,13.0,
RemoteAuthorizationCaching,,🚫,,11.3,
RemoteBatchJobAbort,,🚫,,12.2,
RemoteBatchJobObject,,🚫,,12.2,
RemoteBatchMapSubmit,,🚫,,12.2,
RemoteConnectionObject,,🚫,,11.3,
RemoteInputFiles,,🚫,,12.2,
RemoteProviderSettings,,🚫,,12.2,
RemovalConditions,,,,12.2,
RemoveChannelSubscribers,,🚫,,12.0,
RemoveVideoStream,,🚫,,12.1,
ReplaceAt,Applies transformation rules to the parts of an expression at specified positions,✅,pure,13.1,
ResidueSum,,,,13.1,
ResolveContextAliases,,,,13.0,
ResourceSystemBase,,🚫,,12.1,
ResourceSystemPath,,🚫,,12.1,
ResourceVersion,,🚫,,12.1,
ReturnTextPacket,,🚫,,3.0,
ReverseApplied,Operator that applies a function with its arguments reversed,✅,pure,12.1,
RipleyRassonRegion,,,,12.2,
RobustConvexOptimization,,,,12.2,
RootTree,Gives the root node of a tree (or the tree truncated down to a given level),✅,pure,13.1,
RulesTree,,,,12.3,
SameAs,,,,13.1,
SameTestProperties,,🚫,,12.1,
SamplerModel,,🚫,,14.0,
SchrodingerPDEComponent,,,,14.0,
SecDegrees,Compute secant of angle in degrees,✅,pure,14.1,
SecondOrderConeOptimization,,,,12.0,
SecuredAuthenticationKeys,,🚫,,11.3,
SecurityCertificate,,🚫,,12.2,
SemanticSearch,,🚫,,14.1,
SemanticSearchIndex,,🚫,,14.1,
SemanticSearchIndices,,🚫,,14.1,
SequenceIndicesLayer,,🚫,,13.0,
SequencePredictorFunction,,🚫,,11.1,
SequenceType,,🚫,,13.3,
ServiceDeploy,,🚫,,12.3,
ServiceDeployment,,🚫,,12.3,
ServiceRequest,,🚫,,12.0,
ServiceSubmit,,🚫,,12.0,
SetFileFormatProperties,,,,13.0,
SetSystemModel,,🚫,,11.3,
ShortTimeFourier,Short-time Fourier transform as a ShortTimeFourierData object,✅,pure,12.0,
ShortTimeFourierData,Data object produced by ShortTimeFourier with property access,✅,pure,12.0,
SimplePolyhedronQ,,,,12.0,
SinDegrees,Compute sine of angle in degrees,✅,pure,14.1,
SlideShowVideo,,🚫,,12.3,
SliderBoxOptions,,🚫,,6.0,
SmoothPointDensity,,,,12.2,
SnippetsVideo,,🚫,,13.0,
SnubPolyhedron,,,,12.0,
SocketListener,Symbolic representation of an active socket listener,✅,unevaluated,11.2,
SolarTime,,🚫,,12.3,
SolidBoundaryLoadValue,,,,13.0,
SolidDisplacementCondition,,,,13.0,
SolidFixedCondition,,,,13.0,
SolidMechanicsPDEComponent,,,,13.0,
SolidMechanicsStrain,,,,13.0,
SolidMechanicsStress,,,,13.0,
SolveValues,Returns the values from solving equations shaped by the variable spec,✅,pure,12.3,
SourcePDETerm,,,,12.2,
SowVideo,,🚫,,14.1,
SparseArrayQ,Tests whether an expression is a SparseArray object,✅,pure,13.0,
SpatialBinnedPointData,,🚫,,12.2,
SpatialBoundaryCorrection,,,,12.2,
SpatialEstimate,,,,13.0,
SpatialEstimatorFunction,,,,13.0,
SpatialJ,,,,12.2,
SpatialNoiseLevel,,,,13.0,
SpatialObservationRegionQ,,,,12.2,
SpatialPointSelect,,,,12.2,
SpatialRandomnessTest,,,,12.2,
SpatialTrendFunction,,,,13.0,
SpeakerMatchQ,,🚫,,12.1,
SpeechCases,,🚫,,12.1,
SpeechInterpreter,,🚫,,12.1,
SphericalAngle,,,,14.0,
SphericalDistance,,,,13.3,
SpheroidalRadialFactor,,🚫,,6.0,
SpotLight,,🚫,,13.0,
SqrtBoxOptions,,🚫,,6.0,
Squiggled,,🚫,,13.3,
StraussHardcorePointProcess,,🚫,,12.2,
StraussPointProcess,,🚫,,12.2,
StreamPlot3D,,🚫,,12.3,
StrictInequalities,,,,12.2,
StringApply,,,,14.1,
StringFormatQ,,,,12.2,
StringTakeDrop,Returns the taken and dropped parts of a string as a list,✅,pure,12.3,
StripCellGrouping,,🚫,,14.0,
Struckthrough,,,,13.1,
Stub,Attribute indicating that a symbol's definitions are automatically loaded from its context when the symbol is first used,,pure,2.0,
StyleHints,,🚫,,13.0,
SubsuperscriptBoxOptions,,🚫,,4.0,
SubtitleEncoding,,🚫,,12.1,
SubtitleTrackSelection,,🚫,,12.2,
SuperscriptBoxOptions,,🚫,,4.0,
SurfaceIntegrate,,,,13.3,
SymbolicDeltaProductArray,,,,14.1,
SymbolicIdentityArray,,,,14.1,
SymbolicOnesArray,,,,14.1,
SymbolicZerosArray,,,,14.1,
SymmetricDifference,Returns elements that appear in an odd number of the given lists,✅,pure,13.1,
SymmetricMatrix,,,,14.0,
SyntaxPacket,,🚫,,3.0,
SystemCredential,,🚫,,12.1,
SystemCredentialData,,🚫,,12.1,
SystemCredentialKey,,🚫,,12.1,
SystemCredentialKeys,,🚫,,12.1,
SystemInstall,,🚫,,11.3,
SystemModelCalibrate,,🚫,,13.3,
SystemModelLinearize,,🚫,,11.3,
SystemModelMeasurements,,🚫,,13.2,
SystemModelParametricSimulate,,🚫,,11.3,
SystemModelReliability,,🚫,,11.3,
SystemModelSimulateSensitivity,,🚫,,11.3,
SystemModelSimulationData,,🚫,,11.3,
SystemModelUncertaintyPlot,,🚫,,14.0,
SystemProcessData,,🚫,,11.3,
SystemProcesses,,🚫,,11.3,
SystemsModelControllerData,,🚫,,12.3,
TanDegrees,Compute tangent of angle in degrees,✅,pure,14.1,
TargetStructure,,🚫,,13.3,
TargetSystem,,🚫,,12.0,
TaskObject,,🚫,,11.2,
TerminatedEvaluation,,,,13.2,
TernaryListPlot,Plots triples as points in a ternary diagram,✅,pure,13.1,
TernaryPlotCorners,,,,13.1,
TestCreate,,,,13.3,
TestEvaluate,,,,13.3,
TestEvaluationFunction,,,,13.3,
TestObject,,,,13.3,
TextSummarize,,,,14.0,
TextureMapping,,🚫,,14.0,
Threaded,Wraps a value so it broadcasts against the trailing axes in listable operations,✅,pure,13.1,
TickDirection,,,,12.3,
TickLabelOrientation,,,,12.3,
TickLabelPositioning,,,,12.3,
TickLabels,,,,12.3,
TickLengths,,,,12.3,
TickPositions,,,,12.3,
TimeDistribution,,,,14.1,
TimeRemaining,Returns the time remaining in a TimeConstrained evaluation,✅,contextual,12.1,
TimeSeriesModel,,🚫,,10.0,
TimeSystem,,,,13.0,
TimeSystemConvert,,,,13.0,
ToFiniteField,,,,14.0,
ToRawPointer,,,,13.1,
ToTabular,Converts data into a Tabular object with specified orientation,✅,pure,14.2,
ToonShading,,🚫,,12.1,
Torus,Torus surface graphics and region primitive,✅,unevaluated,13.0,
TorusGraph,K-dimensional torus graph (Cartesian product of cycles),✅,pure,13.1,6187
Tour3DVideo,,🚫,,14.0,
TourVideo,,🚫,,13.0,
TrackCellChangeTimes,,,,13.3,
TrainImageContentDetector,,🚫,,13.0,
TrainTextContentDetector,,🚫,,13.0,
TrainingProgressMeasurements,,🚫,,12.0,
TravelDirectionsData,,🚫,,10.3,
Tree,Constructs a tree with given data and child subtrees,,,12.3,
TreeCases,Gives the subtrees whose data matches a pattern bottom-up (with an optional level specification),✅,pure,12.3,
TreeChildren,Gives the list of child subtrees of a tree,✅,pure,12.3,
TreeCount,Counts the nodes of a tree whose data matches a pattern (with an optional level specification),✅,pure,12.3,
TreeData,Gives the data stored at the root of a tree,✅,pure,12.3,
TreeDelete,Deletes the subtree at a given position in a tree,✅,pure,12.3,
TreeDepth,Gives the depth (longest root-to-leaf edge count) of a tree,✅,pure,12.3,
TreeElementCoordinates,,,,13.1,
TreeElementLabel,,,,13.0,
TreeElementLabelFunction,,,,13.1,
TreeElementLabelStyle,,,,13.1,
TreeElementShape,,,,13.1,
TreeElementShapeFunction,,,,13.1,
TreeElementSize,,,,13.1,
TreeElementSizeFunction,,,,13.1,
TreeElementStyle,,,,13.0,
TreeElementStyleFunction,,,,13.1,
TreeExpression,Reconstructs the expression that a tree represents (the inverse of ExpressionTree),✅,pure,12.3,
TreeExtract,Extracts the subtree or list of subtrees at a given position or list of positions in a tree,✅,pure,12.3,
TreeFold,Folds a function bottom-up over a tree; a leaf gives its data and an inner node gives f applied to its data and the list of child results,✅,pure,12.3,
TreeInsert,Inserts a child subtree at a given position in a tree,✅,pure,12.3,
TreeLayout,,,,13.0,
TreeLeafCount,Gives the number of leaf nodes in a tree,✅,pure,13.1,
TreeLeafQ,Gives True if a tree is a leaf (a Tree object with no children) and False otherwise,✅,pure,12.3,
TreeLeaves,Gives the list of leaf subtrees of a tree,✅,pure,12.3,
TreeLevel,Gives the list of subtrees at the levels of a tree selected by a level specification,✅,pure,12.3,
TreeMap,Applies a function to the data of every node of a tree preserving its structure,✅,pure,12.3,
TreeMapAt,,🚫,,13.0,
TreeOutline,,,,12.3,
TreePosition,Gives the positions of tree nodes whose data matches a pattern (with an optional level specification),✅,pure,12.3,
TreeQ,Tests whether an expression is a valid tree object,✅,pure,12.3,
TreeReplacePart,Replaces the subtree at a given position (or list of positions) in a tree with a new value,✅,pure,12.3,
TreeRules,Gives the nested-rule representation of a tree (leaf -> data; inner node -> data -> child rules),✅,pure,12.3,
TreeScan,Applies a function to the data of every node of a tree bottom-up for its side effects,✅,pure,13.0,
TreeSelect,Picks out the subtrees of a tree for which a criterion is True (with optional count and level specification),✅,pure,12.3,
TreeSize,Gives the total number of nodes in a tree,✅,pure,12.3,
TreeTraversalOrder,,,,13.0,
TruncateSum,,,,14.0,
TypeDeclaration,,,,13.1,
TypeEvaluate,,,,13.1,
TypeHint,,,,13.2,
TypeOf,,,,13.1,
Undefined,Undefined mathematical result,✅,pure,8.0,
UnderseaFeatureData,,🚫,,10.0,
UnilateralConvolve,,,,14.0,
UnilateralDiscreteConvolve,,,,14.1,
UnionedEntityClass,,🚫,,12.1,
UniqueElements,Returns for each sublist of a list of lists the elements unique to it (appearing in no other sublist); an optional test sets the equivalence,✅,pure,13.1,
UnitaryMatrix,,,,14.0,
UnlabeledTree,,,,13.1,
UnmanageObject,,🚫,,13.1,
Until,,,,13.1,
UpdatePacletSites,,🚫,,12.1,
UpdateSemanticSearchIndex,,🚫,,14.1,
UpperTriangularMatrix,Structured upper-triangular matrix wrapper as returned by LUDecomposition,✅,pure,13.1,
UseEmbeddedLibrary,,,,12.3,
ValenceErrorHandling,,,,12.0,
VandermondeMatrix,Vandermonde matrix with entry (i j) equal to the i-th point raised to power j-1,✅,pure,13.2,
CompanionMatrix,Companion matrix of a monic polynomial given by its coefficient vector or as an explicit polynomial in a variable — oriented by an optional Left Right Top or Bottom placement,✅,pure,8.0,
VarianceGammaPointProcess,,🚫,,12.2,
VariogramFunction,,,,13.0,
VariogramModel,,,,13.0,
VectorDatabaseObject,,🚫,,14.1,
VectorDatabaseObjects,,🚫,,14.1,
VectorDatabaseSearch,,🚫,,14.1,
VectorDisplacementPlot,,🚫,,13.0,
VectorDisplacementPlot3D,,🚫,,13.0,
VectorLess,Componentwise strict less-than comparison of vectors,✅,pure,12.0,
VectorSymbol,,,,14.1,
VerifyDerivedKey,,🚫,,12.0,
VerifyFileSignature,,🚫,,12.1,
VerifyInterpretation,,,,12.0,
VersionedPreferences,,🚫,,12.1,
VertexChromaticNumber,,,,13.0,
VertexInComponentGraph,,,,12.3,
VertexOutComponentGraph,,,,12.3,
VertexTransitiveGraphQ,,,,12.3,
VertexWeightedGraphQ,Tests whether a graph carries vertex weights,✅,pure,12.0,
VideoCapture,,🚫,,13.1,
VideoCombine,,🚫,,12.2,
VideoEncoding,,🚫,,12.1,
VideoExtractTracks,,🚫,,14.0,
VideoFrameFold,,🚫,,14.1,
VideoInsert,,🚫,,12.3,
VideoIntervals,,🚫,,12.2,
VideoMap,,🚫,,12.2,
VideoMapList,,🚫,,12.2,
VideoPadding,,🚫,,13.2,
VideoRecord,,🚫,,12.3,
VideoReplace,,🚫,,12.3,
VideoScreenCapture,,🚫,,13.1,
VideoStop,,🚫,,12.1,
VideoStreams,,🚫,,12.1,
VideoSummaryPlot,,🚫,,14.1,
VideoTimeStretch,,🚫,,12.3,
VideoTrackSelection,,🚫,,12.2,
VideoTranscribe,,🚫,,14.1,
VideoTransparency,,🚫,,13.1,
VonMisesStress,,,,14.1,
WavePDEComponent,,,,12.2,
WebColumn,,🚫,,13.0,
WebItem,,🚫,,13.0,
WebRow,,🚫,,13.0,
WebSessions,,🚫,,12.0,
WebWindowObject,,🚫,,12.0,
WeierstrassE1,,,,11.2,
WeierstrassE2,,,,11.2,
WeierstrassE3,,,,11.2,
WeierstrassEta1,,,,11.2,
WindingCount,,,,12.0,
WithLock,,,,12.3,
Inequality,Chained inequality with per-step comparison operators,✅,pure,1.0,5611
Discard,Removes the elements of a list for which a criterion is True (complement of Select),✅,pure,13.1,5591
MusicNote,Represents a musical note,✅,pure,15.0,5592
MusicRest,Represents a musical rest (silence),✅,pure,15.0,5593
MusicChord,Represents a musical chord,✅,pure,15.0,5594
MusicDuration,Specification for note or rest duration,✅,pure,15.0,5595
MusicPitch,Specification for note pitch (spelled names canonicalize to Accidental/Octave/Key associations; MIDI/frequency/SoundNote forms keep a MIDINumber),✅,pure,15.0,5596
MusicInterval,Represents the interval between two pitches,✅,pure,15.0,5597
MusicKeySignature,Key signature for a measure or score,✅,pure,15.0,5598
MusicTimeSignature,Time signature for a measure or score,✅,pure,15.0,5599
MusicScale,Represents a musical scale,✅,pure,15.0,5600
MusicTempo,Musical tempo to be used during playback,✅,pure,15.0,5601
MusicObjectQ,Checks whether an expression is a music object,✅,pure,15.0,5602
MusicMeasure,Represents a musical measure,✅,pure,15.0,5603
MusicVoice,Represents a musical voice,✅,pure,15.0,5604
MusicScore,Represents a musical score,✅,pure,15.0,5605
MusicMeasurements,Compute properties of a music object,🚫,pure,15.0,5606
MusicTransform,Transform a music object,🚫,pure,15.0,5607
MusicPlot,Visualize a music object as staff notation,✅,effectful,15.0,5608
AlternatingHarmonicNumber,Computes sign-alternating reciprocal harmonic sums,✅,pure,15.0,5609
GeneralizedPolyLog,Computes the Goncharov polylogarithm as an iterated integral,,pure,15.0,
HarmonicPolyLog,Computes harmonic polylogarithms as Chen iterated integrals,,pure,15.0,
HyperHarmonicNumber,Computes hyperharmonic numbers via iterated summation,✅,pure,15.0,5610
MultipleHarmonicNumber,Computes finite harmonic sums over strictly ordered indices,✅,pure,15.0,
MultiplePolyLog,Computes the depth-k multiple polylogarithm,,pure,15.0,
MultipleZeta,Computes multiple zeta values as nested reciprocal-power sums,,pure,15.0,
BunchKaufmanDecomposition,Computes the Bunch-Kaufman factorization of a symmetric or Hermitian matrix,,pure,15.0,
LDLDecomposition,Computes the LDL factorization of a Hermitian matrix,✅,pure,15.0,
OrderedSchurDecomposition,Computes a Schur decomposition with ordered diagonal blocks,,pure,15.0,
PolarDecomposition,Computes the polar decomposition into unitary and Hermitian factors,,pure,15.0,
PopovDecomposition,Computes the Popov normal form of a polynomial matrix,,pure,15.0,
RankDecomposition,Factors a matrix into two factors whose inner dimension equals its rank,✅,pure,15.0,
DiscreteHilbertTransform,Computes the discrete Hilbert transform of a list of real numbers,✅,pure,15.0,
FrobeniusReduce,Computes the Frobenius rational canonical form of a square matrix,✅,pure,15.0,
JordanReduce,Computes the Jordan canonical form of a square matrix,✅,pure,15.0,
PartialFractionElements,Returns the structural elements of a partial fraction decomposition,,pure,15.0,
PartialFractions,Computes a partial fraction decomposition of a rational expression,,pure,15.0,
PfaffianDet,Computes the Pfaffian of an antisymmetric matrix,✅,pure,15.0,
NonCommutativePolynomialReduction,Reduces a polynomial modulo others over a non-commutative algebra,,pure,15.0,
CliffordAlgebra,Constructs a Clifford algebra object with signed and null generators,,pure,15.0,
GrassmannAlgebra,Constructs an exterior Grassmann algebra object with anticommuting generators,,pure,15.0,
WeylAlgebra,Constructs a Weyl algebra of variables and their derivatives,,pure,15.0,
ComponentKeys,Option assigning custom labels to TimeSeries or EventSeries components,,pure,15.0,
NextValue,Retrieves successive values from an incremental object one at a time,,stateful,15.0,
EntityAugmentColumns,Adds columns to tabular data computed from entity properties of an entity column,,pure,15.0,
TabularSummary,Generates statistical summaries and histograms for columns of tabular data,,pure,15.0,
CatchExceptions,Catches and transforms exceptions thrown by an expression using handlers,,pure,15.0,
Exception,Constructs an exception object encapsulating a tag and optional payload,✅,pure,15.0,
ExceptionQ,Tests whether an expression is a valid Exception object of a given type,✅,pure,15.0,
ExceptionTypeRegisteredQ,Tests whether a symbol is registered as an exception type,✅,pure,15.0,
ExceptionTypes,Returns the list of registered exception types optionally filtered by hierarchy,✅,pure,15.0,
RegisterExceptionType,Registers a custom symbolic exception type optionally with parent types,,stateful,15.0,
ThrowException,Creates and throws an Exception object to be caught by CatchExceptions,,pure,15.0,
EventSeriesAccumulate,Gives the running count of events in an event series as a time series,✅,pure,15.0,
EventSeriesLookup,Gives the events of a series nearest to a specified time,✅,pure,15.0,
EventSeriesQ,Tests whether an expression is a valid EventSeries object,✅,pure,15.0,
TimeObservationWindow,Option for EventSeries and TimeSeries setting the temporal region of interest,,pure,15.0,
TimeSeriesEvents,Identifies events such as zero crossings and extrema in a time series,,pure,15.0,
TimeSeriesSummary,Generates summary statistics and component info for time or event series,,pure,15.0,
FindSolarEclipse,Finds solar eclipses whose umbra reaches a location in a time period,,pure,15.0,
OrbitalElements,Computes orbital elements of celestial bodies via two-body mechanics,,pure,15.0,
CategoricalValue,Extracts underlying expressions and properties from categorical objects,,pure,15.0,
Nominal,Represents unordered categorical data with no inherent ordering,,pure,15.0,
Ordinal,Represents an ordered set of categories where sequence matters,,pure,15.0,
IncrementalObject,Creates an object that returns values sequentially for lazy evaluation,,stateful,15.0,
DecisionTreeModel,Represents a classification or regression tree of binary feature-based choices,,pure,15.0,
ExponentialModel,Represents an exponential function for evaluation and fitting to data,,pure,15.0,
FormulaModel,Creates a model from an arbitrary expression with variables and parameters,,pure,15.0,
LinearModel,Represents a linear combination of basis functions for evaluation and fitting,,pure,15.0,
LogModel,Represents a logarithmic regression model for evaluation and fitting,,pure,15.0,
ModelFit,Fits and selects the best model from candidate models for data,,pure,15.0,
ModelFitReport,Generates a model comparison and diagnostic report for ModelFit results,,pure,15.0,
NearestModel,Represents a k-nearest neighbors model assigning values by proximity,,pure,15.0,
PerceptronModel,Represents a multilayer perceptron neural network for classification or regression,,pure,15.0,
PeriodicModel,Represents a sinusoidal function for fitting repeating or cyclic data,,pure,15.0,
PolynomialModel,Represents a polynomial function for fitting smooth nonlinear data,,pure,15.0,
PowerModel,Represents a power-law regression function for evaluation and fitting,,pure,15.0,
MoleculeFingerprint,Generates a hash-like vector encoding a molecule structure and features,,pure,15.0,
MoleculeSubstructure,Represents a substructure within a molecule via specific atoms and bonds,,pure,15.0,
MoleculeSubstructureCases,Returns all occurrences of a molecular pattern within a molecule,,pure,15.0,
MoleculeSubstructureQ,Tests whether an expression is a valid molecular substructure,,pure,15.0,
EquivalentStrain,Computes a scalar equivalent strain measure from a strain matrix,,pure,15.0,
FluidViscosity,Computes apparent or dynamic viscosity from velocity fields and flow parameters,,pure,15.0,
FluidViscousStress,Computes the viscous stress component of a fluid from its velocity field,,pure,15.0,
MagneticFieldIntensity,Computes magnetic field intensity from a scalar or vector magnetic potential,,pure,15.0,
MagneticFluxDensity,Computes magnetic flux density from a scalar or vector magnetic potential,,pure,15.0,
PeriodicTablePlot,Generates a graphical periodic table with optional element highlighting or phase property coloring,✅,pure,15.0,
LQRegulatorTrain,Trains a regulator minimizing quadratic cost by simulating an environment,,pure,15.0,
DarkModePane,Displays its contents in dark mode regardless of surrounding settings,,pure,15.0,
LightModePane,Displays its contents in light mode regardless of surrounding settings,,pure,15.0,
ShowChatbar,Notebook option controlling display of a floating AI chatbar,,pure,15.0,
NotebookTheme,Sets the color theme for displaying notebooks,,pure,15.0,
SystemModelSurrogate,Represents a symbolic surrogate model approximating a system model outputs,,pure,15.0,
SystemModelSurrogateTrain,Generates a reduced echo-state-network surrogate from a system model,,pure,15.0,
BubbleHistogram,Bins two-dimensional data and draws a bubble at each non-empty bin sized by count,✅,pure,14.0,
PlotGrid,Arranges a matrix of plots in a shared grid,✅,pure,13.1,
LightDarkSwitched,Represents an expression that switches between light and dark mode variants,✅,pure,14.2,
SystemColor,Represents a named color provided by the windowing system theme,✅,pure,14.3,
ThemeColor,Represents a named color of the current notebook theme,✅,pure,14.3,
FindShortestCurve,Shortest curve (minimizing geodesic) between two points on a region (Circle arcs; straight segments in convex solids; paths along Line chains),✅,pure,14.3,
ShortestCurveDistance,Geodesic distance between two points on a region (Circle/Sphere great-circle distance; Euclidean distance in convex solids; length along Line chains),✅,pure,14.3,
MidDate,Gives the date at the midpoint of a date interval or list of dates,✅,pure,14.2,
LinearProgramming,Finds a vector minimizing a linear objective subject to linear constraints solved with an exact simplex — takes per-variable lower bounds or lower/upper pairs that may be infinite,✅,pure,2.0,
CardinalBSplineBasis,Centered cardinal B-spline basis function of a given degree,✅,pure,9.0,
PropertyValue,Value a property carries for a vertex or an edge of a graph,✅,pure,8.0,
PropertyList,Annotations a graph offers,✅,pure,8.0,
SetProperty,Graph with an annotation set for one of its vertices or edges,✅,pure,8.0,
Evaluated,Option for whether to evaluate a plot's function once symbolically,✅,pure,6.0,
ParallelSelect,Parallel version of Select (evaluated sequentially),✅,pure,14.2,
ParallelCases,Parallel version of Cases (evaluated sequentially),✅,pure,14.2,
Developer`ToPackedArray,Packs a full rectangular array of machine numbers into one numeric type; an optional second argument converts the leaves to Integer Real or Complex and anything unpackable is returned unchanged,✅,pure,4.0,
Internal`DynamicLibraryExtension,"Shared-library file extension of the host platform without the dot (""so"" ""dylib"" or ""dll"")",✅,pure,9.0,
Language`ExtendedFullDefinition,All definitions a symbol carries (own down sub up default option message and attribute values) as one inert expression that can be assigned to another symbol to install them there,✅,pure,11.2,
PacletManager`Package`loadWolframLanguageCode,Loads the Wolfram Language implementation a paclet provides for a context by reading the named file under the paclet root,✅,effectful,10.0,
HypothesisTesting`MeanTest,Legacy one-sample mean test answering with an OneSidedPValue (or TwoSidedPValue under TwoSided -> True) rule; a matrix argument tests each column; options KnownVariance and FullReport,✅,pure,1.0,
HypothesisTesting`MeanDifferenceTest,Legacy two-sample test of a mean difference answering with an OneSidedPValue (or TwoSidedPValue under TwoSided -> True) rule; Welch degrees of freedom unless EqualVariances -> True; options KnownVariance and FullReport,✅,pure,1.0,
CodeParser`CodeTokenize,Source split into its tokens as LeafNode expressions each carrying the span it came from,✅,pure,12.0,
CodeParser`CodeConcreteParse,Concrete syntax tree of source code — every character belongs to a token and the tokens carry their source spans,✅,pure,12.0,
CodeParser`CodeParse,Abstract syntax tree of source code carrying an ErrorNode when the source does not read,✅,pure,12.0,
Source,Key under which a CodeParser node reports the span of source it came from,✅,pure,12.0,
SourceConvention,Option naming how CodeParser reports source positions (line and column or character index),✅,pure,12.0,
$Aborted,A special symbol representing an aborted function evaluation,✅,pure,2.0,
$CommandLine,The command line arguments,✅,stateful,1.0,
$Context,The current context,✅,stateful,1.0,
$ContextPath,A list of paths to search for contexts,✅,stateful,1.0,
$Display,,🚫,stateful,1.0,
$DisplayFunction,The default setting for DisplayFunction in graphics,✅,stateful,1.0,
$Echo,,🚫,stateful,1.0,
$Epilog,,🚫,stateful,1.0,
$Failed,A special symbol representing a failed function evaluation,✅,pure,2.0,
$IgnoreEOF,,🚫,stateful,1.0,
$Interrupted,,🚫,stateful,1.0,
$Line,The current input line number,,stateful,1.0,
$MachineEpsilon,,,stateful,2.0,
$MachinePrecision,The precision of machine-precision numbers,✅,stateful,2.0,
$MaxMachineNumber,,,stateful,2.0,
$MaxNumber,,🚫,stateful,3.0,
$MaxPrecision,,,stateful,3.0,
$MinMachineNumber,,,stateful,2.0,
$MinNumber,,🚫,stateful,3.0,
$MinPrecision,,,stateful,3.0,
$Messages,,🚫,stateful,1.0,
$Output,,🚫,stateful,1.0,
$Path,The list of directories to search,✅,stateful,1.0,
$Post,,🚫,stateful,1.0,
$Pre,,🚫,stateful,1.0,
$PrePrint,,🚫,stateful,1.0,
$RecursionLimit,The limit on the number of levels of recusion,✅,stateful,1.0,
$System,The type of computer system,🚫,stateful,1.0,
$Urgent,,🚫,stateful,1.0,
$Version,The version of the Woxi kernel,✅,pure,1.0,
$VersionNumber,The version number of the Woxi kernel,✅,pure,2.0,
